uid	file_path	file_name	deleted	file_size
1	fileadmin/mpics/	Thai-Island-slideshow1.swf	0	456940
2	fileadmin/mpics/	Startpic-Abenteuer.jpg	0	26151
3	fileadmin/mpics/	Thai-Island-slideshow1_01.swf	0	456940
4	fileadmin/mpics/	Logostripe.png	0	247983
5	fileadmin/mpics/	Newsletterback.gif	0	103
6	fileadmin/mpics/	B2_Yello_Topstrip-M.gif	0	417
7	fileadmin/mpics/	B2_Blue_Topstrip-All.gif	0	573
8	fileadmin/mpics/	B2_Blue_Topstrip-R.gif	0	956
9	fileadmin/mpics/	B2_Yello_SUBstrip-M.gif	0	416
10	fileadmin/mpics/	B2_Blue_SUBstrip-R.gif	0	967
11	fileadmin/tat1/	box2.tmpl	0	0
12	fileadmin/tat1/	box1.tmpl	0	0
13	fileadmin/tat1/	template.htm	0	2753
14	fileadmin/tat1/	tat1.ts	0	6892
15	fileadmin/tat1/	main.css	0	1745
16	fileadmin/img/	top.gif	0	67
17	fileadmin/img/	visited.gif	0	301
18	fileadmin/img/	t3-netde.gif	0	1678
19	fileadmin/img/	somerights20.png	0	958
20	fileadmin/img/	plus.gif	0	87
21	fileadmin/img/	visited1.gif	0	208
22	fileadmin/img/	x-click-but04.gif	0	1117
23	fileadmin/img/	yaml_screens.gif	0	7246
24	fileadmin/img/	yaml_title.gif	0	20180
25	fileadmin/img/	yaml_hr_footerlogo.gif	0	1375
26	fileadmin/img/	yaml_bg.gif	0	1780
27	fileadmin/img/	yaml2_download_button_fg.gif	0	2132
28	fileadmin/img/	not-visited.gif	0	137
29	fileadmin/img/	nosub.gif	0	79
30	fileadmin/img/	bg_xhtml.gif	0	839
31	fileadmin/img/	download-nav.gif	0	162
32	fileadmin/Flash2/	002.jpg	0	24019
33	fileadmin/Flash2/	essen trad stars.swf	0	208254
34	fileadmin/Flash2/	essen modern.swf	0	202410
35	fileadmin/Flash2/	003.jpg	0	34936
36	fileadmin/Flash2/	007.jpg	0	42936
37	fileadmin/Flash2/	002-b.jpg	0	16751
38	fileadmin/Flash2/	055-b.jpg	0	14684
39	fileadmin/Flash2/	055.jpg	0	18814
40	fileadmin/Flash2/	UeberThai-Wildwasser.swf	0	207982
41	fileadmin/Flash2/	sitemap-fernglas.swf	0	184047
42	fileadmin/Flash2/	galerie-banner.swf	0	187201
43	fileadmin/Flash2/	Festivals-tradition1.swf	0	220220
44	fileadmin/Flash2/	Download-Beachwind2.swf	0	174693
45	fileadmin/Flash2/	Home-StartBanner.swf	0	235483
46	fileadmin/Flash2/	Interessen-adventure-wheels.swf	0	247767
47	fileadmin/Flash2/	Reiseziele-Elephants1.swf	0	255229
48	fileadmin/Flash2/	Reiseziele-beach1.swf	0	175158
49	fileadmin/Flash2/	contact-klettern-1.swf	0	234412
50	fileadmin/FotosSelect1/	Golf.gif	0	1304
51	fileadmin/FotosSelect1/	Tauchen.gif	0	1714
52	fileadmin/FotosSelect1/	Spa.gif	0	2355
53	fileadmin/FotosSelect1/	Thailand-ist.gif	0	2414
54	fileadmin/FotosSelect1/	logo_amazing-w-web.gif	0	3377
55	fileadmin/FotosSelect1/	KachelBack1.gif	0	8482
56	fileadmin/FotosSelect1/	Thailand-ist.jpg	0	2377
57	fileadmin/FotosSelect1/	Sonne.gif	0	3228
58	fileadmin/FotosSelect1/	Segelsport.gif	0	2067
59	fileadmin/FotosSelect1/	Kulinarisches.gif	0	2291
60	fileadmin/FotosSelect1/	Familienfreundlich.gif	0	2932
61	fileadmin/FotosSelect1/	Kultur.gif	0	1543
62	fileadmin/FotosSelect1/	Langzeiturlaub.gif	0	2496
63	fileadmin/tskarin/	Box1div.tmpl	0	337
64	fileadmin/tskarin/	template.htm	0	2591
65	fileadmin/tskarin/	sidenav.css	0	312
66	fileadmin/tskarin/	Box1div.css	0	557
67	fileadmin/tskarin/	main.css	0	2416
68	fileadmin/tskarin/Box1div_FILES/	gsm5-9-2.jpg	0	1470
69	fileadmin/tskarin/Box1div_FILES/	gsm5-8-2.jpg	0	1957
70	fileadmin/tskarin/Box1div_FILES/	gsm5-7-2.jpg	0	1164
71	fileadmin/tskarin/main_FILES/	B2YelloTopstrip-M.gif	0	2130
72	fileadmin/tskarin/main_FILES/	KachelBack15.jpg	0	2393
73	fileadmin/tskarin/main_FILES/	KachelBack11.jpg	0	1672
74	fileadmin/tskarin/main_FILES/	KachelBack13.jpg	0	829
75	fileadmin/tskarin/main_FILES/	Gsm5Banner.jpg	0	14509
76	fileadmin/images/banner-images/	link.jpg	0	34118
77	fileadmin/images/banner-images/	kontakt.jpg	0	25204
78	fileadmin/images/banner-images/	longstay.jpg	0	25605
79	fileadmin/images/banner-images/	news.jpg	0	27978
80	fileadmin/images/banner-images/	reiseziele-norden.jpg	0	38036
81	fileadmin/images/banner-images/	impressum.jpg	0	26093
82	fileadmin/images/banner-images/	fotogalerie.jpg	0	31750
83	fileadmin/images/banner-images/	broschuere.jpg	0	25630
84	fileadmin/images/banner-images/	besondere-attraktionen.jpg	0	31929
85	fileadmin/images/banner-images/	einkaufen.jpg	0	33626
86	fileadmin/images/banner-images/	essen.jpg	0	32898
87	fileadmin/images/banner-images/	feste.jpg	0	38517
88	fileadmin/images/banner-images/	reiseziele-nordosten.jpg	0	47574
89	fileadmin/images/banner-images/	reiseziele-osten.jpg	0	31922
90	fileadmin/images/banner-images/	willkommen-4.jpg	0	37317
91	fileadmin/images/banner-images/	willkommen-3.jpg	0	38494
92	fileadmin/images/banner-images/	willkommen-5.jpg	0	37306
93	fileadmin/images/banner-images/	willkommen.jpg	0	25948
94	fileadmin/images/banner-images/	wir.jpg	0	26922
95	fileadmin/images/banner-images/	willkommen-2.jpg	0	37719
96	fileadmin/images/banner-images/	wellness.jpg	0	24357
97	fileadmin/images/banner-images/	reiseziele-westen.jpg	0	37188
98	fileadmin/images/banner-images/	reiseziele-sueden.jpg	0	34670
99	fileadmin/images/banner-images/	reiseziele-zentrum.jpg	0	33806
100	fileadmin/images/banner-images/	reiseziele.jpg	0	29695
101	fileadmin/images/banner-images/	tipps.jpg	0	24626
102	fileadmin/images/banner-images/	banner-sitemap.jpg	0	23089
103	fileadmin/images/banner-images/	banner-reiseziele-spicy-udon.jpg	0	39088
104	fileadmin/images/banner-images/	banner-reiseziele-green-ranong.jpg	0	36448
105	fileadmin/images/banner-images/	banner-reiseziele-green-chumphon.jpg	0	34087
106	fileadmin/images/banner-images/	banner-reiseziele-jewel-chanthaburi.jpg	0	42501
107	fileadmin/images/banner-images/	banner-reiseziele-jewel-rayong.jpg	0	37411
108	fileadmin/images/banner-images/	banner-reiseziele-jewel-trat.jpg	0	34172
109	fileadmin/images/banner-images/	banner-reiseziele-andaman-trang.jpg	0	33388
110	fileadmin/images/banner-images/	banner-reiseziele-andaman-satun.jpg	0	30060
111	fileadmin/images/banner-images/	banner-front.psd	0	319488
112	fileadmin/images/banner-images/	banner-front.jpg	0	25782
113	fileadmin/images/banner-images/	banner-multimedia.jpg	0	12495
114	fileadmin/images/banner-images/	banner-reiseziele-andaman-krabi.jpg	0	38693
115	fileadmin/images/banner-images/	banner-reiseziele-andaman-phatthalung.jpg	0	34064
116	fileadmin/template/news/	tt_news_single.html	0	3494
117	fileadmin/template/news/	tt_news_list.html	0	3622
118	fileadmin/template/news/	tt_news_latest.html	0	3604
119	fileadmin/template/sub/	66-33.gif	0	179
120	fileadmin/template/sub/	66-33.html	0	382
121	fileadmin/template/sub/	50-50.html	0	382
122	fileadmin/template/sub/	50-50.gif	0	177
123	fileadmin/template/sub/	33-66.html	0	382
124	fileadmin/template/sub/	33-66.gif	0	178
125	fileadmin/	YamlTemplateOnly1.xml	0	161904
126	fileadmin/	tat200e070725.t3d	0	2122843
127	fileadmin/	TAT2007TemplateStorage.t3d	0	1759
128	fileadmin/	tat2007SaikomReiseziele.t3d	0	104392
129	fileadmin/	TAT2007online.t3d	0	8516
130	fileadmin/	TAT2007complete.t3d	0	17460
131	fileadmin/	tat2007-070723.t3d	0	23482205
132	fileadmin/	T3D__13-11-22-00-13.xml	0	741603
133	fileadmin/	PageTree2007-1.t3d	0	10461
134	fileadmin/	p87Kontakt.t3d	0	2464
135	fileadmin/	Online-AktivUrlaub.td3.t3d	0	291055
136	fileadmin/	logfile.log	0	0
137	fileadmin/	log-de.txt	0	9592
138	fileadmin/	EntwicklungAbout2007.t3d	0	6779
139	fileadmin/img/	node.gif	0	174
140	fileadmin/img/	flag_uk_d.gif	0	261
141	fileadmin/img/	flag_uk.gif	0	379
142	fileadmin/img/	flag_fr_d.gif	0	387
143	fileadmin/img/	flag_fr.gif	0	382
144	fileadmin/img/	flag_de.gif	0	319
145	fileadmin/img/	download_button.gif	0	2132
146	fileadmin/img/	bg_ts.gif	0	791
147	fileadmin/img/	bg_left2.gif	0	2035
148	fileadmin/img/	bg_css.gif	0	552
149	fileadmin/img/	arrow.gif	0	78
150	fileadmin/s-wt/images/	universe1-1.jpg	0	26760
151	fileadmin/s-wt/images/	universe1-1-5-1.jpg	0	75760
152	fileadmin/s-pf/images/	burnie03.jpg	0	24168
153	fileadmin/s-pf/images/	DnttArena-2.jpg	0	10338
154	fileadmin/s-pf/images/	vulkan.jpg	0	47394
155	fileadmin/s-pf/images/	pyroweb2-2banner.jpg	0	11545
156	fileadmin/s-pf/images/	whiteBackFrame.jpg	0	4685
157	fileadmin/s-pf/images/	29.jpg	0	90253
158	fileadmin/s-pf/images/	feuerraeder-2.jpg	0	20058
159	fileadmin/s-pf/images/	42-2.jpg	0	21489
160	fileadmin/s-pf/images/	schlappSeil1.jpg	0	39603
161	fileadmin/s-pf/images/	Himmel1.jpg	0	45312
162	fileadmin/s-pf/images/	burnie02-2.jpg	0	30911
163	fileadmin/s-pf/images/	pyrowebFull2.htm	0	818
164	fileadmin/s-pf/images/	whiteBackFrame.gif	0	8777
165	fileadmin/s-pf/images/	kindereddie.jpg	0	30350
166	fileadmin/s-pf/images/	burnie06.jpg	0	36388
167	fileadmin/s-pf/images/	fass-2.jpg	0	13279
168	fileadmin/s-pf/images/	logo1.jpg	0	29297
169	fileadmin/s-pf/images/	pyrowebFull2R1C1.JPG	0	22243
170	fileadmin/s-pf/images/	eddie1.jpg	0	29583
171	fileadmin/s-pf/images/	feuer2.jpg	0	76980
172	fileadmin/s-pf/images/	BurnieFeuerReifen2.jpg	0	30956
173	fileadmin/s-pf/images/	pool-fire-2.jpg	0	19696
174	fileadmin/s-pf/images/	plogo5.jpg	0	10480
175	fileadmin/s-pf/images/	pyrowebFull2R2C2.JPG	0	34873
176	fileadmin/s-pf/images/	tile2b.jpg	0	20923
177	fileadmin/s-pf/images/	plogo3.jpg	0	9369
178	fileadmin/s-pf/images/	plogo4.jpg	0	10217
179	fileadmin/s-pf/images/	vulkan-2.jpg	0	19183
180	fileadmin/s-pf/images/	plogo1.jpg	0	3911
181	fileadmin/s-pf/images/	alienShow1-2.jpg	0	16252
182	fileadmin/s-pf/images/	pyroweb2-21banner.jpg	0	10972
183	fileadmin/s-pf/images/	jongDomaene1.jpg	0	18161
184	fileadmin/s-pf/images/	whiteBackFrame2.jpg	0	4366
185	fileadmin/s-pf/images/	pyrosaurDomaene1.jpg	0	24770
186	fileadmin/s-pf/images/	angel.jpg	0	22864
187	fileadmin/s-pf/images/	alienFlyer-2.jpg	0	19239
188	fileadmin/s-pf/images/	pyrowebFull2R3C1.JPG	0	6399
189	fileadmin/s-pf/images/	pyrowebFull2R2C1.JPG	0	18001
190	fileadmin/s-pf/images/	UdoWalz2.JPG	0	30491
191	fileadmin/s-pf/images/	Fire_Ball_Large-2.jpg	0	18227
192	fileadmin/s-pf/images/	skulptur.jpg	0	16657
193	fileadmin/s-pf/images/	greenchristmas.jpg	0	12083
194	fileadmin/s-pf/images/	burnie02.jpg	0	32921
195	fileadmin/s-pf/images/	Kids-flame-2.jpg	0	19334
196	fileadmin/s-pf/images/	plogo2.jpg	0	13334
197	fileadmin/s-pf/images/	pyroweb2-21Menue.jpg	0	8150
198	fileadmin/s-pf/images/	29-2.jpg	0	20283
199	fileadmin/s-pf/images/	feuer2-2.jpg	0	18260
200	fileadmin/s-pf/images/	Barcelona2000-2.jpg	0	13637
201	fileadmin/s-pf/images/	14-2.jpg	0	31740
202	fileadmin/s-pf/images/feuerboote/	DSC01381-2.jpg	0	44760
203	fileadmin/s-pf/images/feuerboote/	DSC01286-2.jpg	0	17942
204	fileadmin/s-pf/images/feuerboote/	DSC01279-2.jpg	0	20959
205	fileadmin/s-pf/images/feuerboote/	DSC01236-2.jpg	0	14411
206	fileadmin/s-pf/images/feuerboote/	DSC01372-2.jpg	0	23655
207	fileadmin/s-pf/images/feuerboote/	DSC01253-2.jpg	0	26314
208	fileadmin/s-pf/images/feuerboote/	DSC01240-2.jpg	0	13221
209	fileadmin/s-pf/images/feuerboote/	DSC01293-2.jpg	0	23212
210	fileadmin/s-pf/images/videos/	neueFrisur.jpg	0	17263
211	fileadmin/s-pf/images/videos/	imgp0647.jpg	0	12826
212	fileadmin/s-pf/images/videos/	logotacheles16k.jpg	0	14254
213	fileadmin/s-pf/images/videos/	neuefrisur40.mov	0	1772023
214	fileadmin/s-pf/images/videos/	imgp0647.avi	0	2899280
215	fileadmin/s-pf/images/videos/	imgp0010.avi	0	1856128
216	fileadmin/s-pf/images/videos/	logotacheles16k.mov	0	317758
217	fileadmin/s-pf/images/videos/	refl_8af9d04e9e945b2b21e971c990f74e0f_logotacheles16k.jpg	0	78864
218	fileadmin/s-pf/images/videos/	refl_ebb76cdc613002672cadd805f91bf43c_imgp0647.jpg	0	75292
219	fileadmin/s-pf/images/videos/	refl_2a6b2a550f759e80668c43b0750a1ed6_neueFrisur.jpg	0	98422
220	fileadmin/s-pf/images/feuerboote/	refl_708e1fd4b6d54e83fba380afdf938c07_DSC01279-2.jpg	0	73077
221	fileadmin/s-pf/images/feuerboote/	refl_cb6c6e27a18e1c65ef843883a90d44a7_DSC01372-2.jpg	0	68911
222	fileadmin/s-pf/images/feuerboote/	refl_11d08479dfacdcc66032b27f1b297984_DSC01240-2.jpg	0	48431
223	fileadmin/s-pf/images/feuerboote/	refl_4f63e189be4248cddf250ae880744dce_DSC01236-2.jpg	0	70840
224	fileadmin/s-pf/images/feuerboote/	refl_d0a03c82a1152d1e61b3ceefbf09aee1_DSC01381-2.jpg	0	86599
225	fileadmin/s-pf/images/feuerboote/	refl_83a6f707d7ee8896e514b6d375239fad_DSC01286-2.jpg	0	64789
226	fileadmin/s-pf/images/feuerboote/	refl_15556d450723343d5ade69a7ce228f1a_DSC01293-2.jpg	0	78765
227	fileadmin/s-pf/images/feuerboote/	refl_5e1e97fb87e01c161656784f3adc0cf5_DSC01253-2.jpg	0	62701
228	fileadmin/s-pf/images/1Mai2008/	DSC02549.JPG	0	94280
229	fileadmin/s-pf/images/1Mai2008/	DSC02542.JPG	0	171304
230	fileadmin/s-pf/images/1Mai2008/	DSC02513.JPG	0	144822
233	fileadmin/s-pf/images/1Mai2008/	DSC02528.JPG	0	160881
234	fileadmin/s-pf/images/1Mai2008/	DSC02485.JPG	0	91898
235	fileadmin/s-pf/images/1Mai2008/	DSC02507.JPG	0	147690
237	fileadmin/s-pf/images/1Mai2008/	DSC02483.JPG	0	89855
238	fileadmin/s-pf/images/1Mai2008/	DSC02498.JPG	0	149589
239	fileadmin/s-pf/images/1Mai2008/	DSC02547.JPG	0	93864
241	fileadmin/s-pf/images/1Mai2008/	DSC02481.JPG	0	93758
242	fileadmin/s-pf/images/1Mai2008/	DSC02526.JPG	0	175572
244	fileadmin/s-pf/images/1Mai2008/	DSC02500.JPG	0	131964
245	fileadmin/s-pf/images/1Mai2008/	DSC02514.JPG	0	143704
247	fileadmin/s-pf/images/1Mai2008/	DSC02480.JPG	0	95897
258	fileadmin/s-pf/images/	refl_4ad83760b78ecb6770de8b456085aeeb_burnie03.jpg	0	82466
259	fileadmin/s-pf/images/	refl_da01d91dfd4102bcfa8cfe14b18f0a3e_14-2.jpg	0	149383
260	fileadmin/s-pf/images/	refl_d51cd29d5682bb27fcfa83be53c258a0_alienFlyer-2.jpg	0	74771
261	fileadmin/s-pf/images/	refl_1441d18361fa17efe672fc8a6d9a1848_plogo2.jpg	0	23669
262	fileadmin/s-pf/images/	refl_58a41f50706baa1d9142eb071f8c3b34_skulptur.jpg	0	55838
263	fileadmin/s-pf/images/	refl_1ea8551e01f3da72b671cc1fc67b5dce_UdoWalz2.JPG	0	121333
264	fileadmin/s-pf/images/	refl_5abd2a09abf56efb3cf6b9756272b7fd_Kids-flame-2.jpg	0	75434
265	fileadmin/s-pf/images/	refl_99c1f3206b0901d605c8b3b6929f7f19_burnie06.jpg	0	149239
266	fileadmin/s-pf/images/	refl_61bfba613a790e516fdff3cace4e81dd_eddie1.jpg	0	149092
267	fileadmin/s-pf/images/	refl_e64cc4ce910f7528ec9805e35b026de5_burnie02-2.jpg	0	109338
268	fileadmin/s-pf/images/	refl_c509e862dd591a4668b10877a6d538d0_feuer2-2.jpg	0	115547
269	fileadmin/s-pf/images/	refl_32781fb496e37f6d9f0382fdc84c8b50_schlappSeil1.jpg	0	133419
270	fileadmin/s-pf/images/	refl_0e498a26d25d8d26d68f7107f23aa9e0_fass-2.jpg	0	53635
271	fileadmin/s-pf/images/	refl_18d963567f876a0bda44dca310439d08_DnttArena-2.jpg	0	32037
272	fileadmin/s-pf/images/	refl_3974b1135b253971315a6c11fc732f10_whiteBackFrame.jpg	0	22974
273	fileadmin/s-pf/images/	refl_14dad3b9df7969d0eeadc82120877fb0_29.jpg	0	169676
274	fileadmin/s-pf/images/	refl_a4fb43a7712fcda6a29422469b829920_whiteBackFrame2.jpg	0	23279
275	fileadmin/s-pf/images/	refl_d7dc3e9b7f34c8937ade30bc6342de7e_pyroweb2-2banner.jpg	0	340241
276	fileadmin/s-pf/images/	refl_6fbb95b08c4f306c1731940e518b7f1d_pyrowebFull2R1C1.JPG	0	392028
277	fileadmin/s-pf/images/	refl_a4f031d1bfd23bb33635cc89341b8d6d_plogo4.jpg	0	34918
278	fileadmin/s-pf/images/	refl_197ec22e5d2759e19690d55ab6a64a34_pyrosaurDomaene1.jpg	0	140023
279	fileadmin/s-pf/images/	refl_074d2e05cfde4f349be98a7759b78ba8_vulkan-2.jpg	0	63576
280	fileadmin/s-pf/images/	refl_788ae83d6b7b836222082312fd9203ed_pyrowebFull2R2C1.JPG	0	23371
281	fileadmin/s-pf/images/	refl_31c07ea45711f236412dc30db32c7cce_tile2b.jpg	0	104120
282	fileadmin/s-pf/images/	refl_74503c622fced25f23589326badd062c_greenchristmas.jpg	0	60492
283	fileadmin/s-pf/images/	refl_495816b3a02ed8a219cc488504d55fb6_logo1.jpg	0	54875
284	fileadmin/s-pf/images/	refl_d11ec23f3c6779e46c19ea09e2c3b238_burnie02.jpg	0	132671
285	fileadmin/s-pf/images/tacheles/	DSC02336.JPG	0	120410
286	fileadmin/s-pf/images/tacheles/	DSC02312.JPG	0	89703
287	fileadmin/s-pf/images/tacheles/	DSC02330.JPG	0	113936
288	fileadmin/s-pf/images/tacheles/	DSC02315.JPG	0	112827
289	fileadmin/s-pf/images/tacheles/	DSC02318.JPG	0	77860
290	fileadmin/s-pf/images/tacheles/	DSC02354.JPG	0	56719
291	fileadmin/s-pf/images/tacheles/	DSC02323.JPG	0	136171
292	fileadmin/s-pf/images/tacheles/	DSC02319.JPG	0	100770
293	fileadmin/s-pf/images/tacheles/	DSC02321.JPG	0	98868
294	fileadmin/s-pf/images/tacheles/	DSC02329.JPG	0	115980
295	fileadmin/s-pf/images/tacheles/	DSC02344.JPG	0	97525
296	fileadmin/s-pf/images/tacheles/	DSC02331.JPG	0	97970
297	fileadmin/s-pf/images/tacheles/	DSC02347.JPG	0	105935
298	fileadmin/s-pf/images/tacheles/	DSC02349.JPG	0	64634
299	fileadmin/s-pf/images/tacheles/	DSC02322.JPG	0	124124
300	fileadmin/s-pf/images/tacheles/	DSC02340.JPG	0	77411
301	fileadmin/s-pf/images/tacheles/	DSC02337.JPG	0	118652
302	fileadmin/s-pf/images/tacheles/	DSC02334.JPG	0	119559
303	fileadmin/s-pf/images/tacheles/	DSC02351.JPG	0	53912
304	fileadmin/s-pf/images/tacheles/	DSC02358.JPG	0	37039
305	fileadmin/s-pf/images/tacheles/	DSC02338.JPG	0	137988
306	fileadmin/s-pf/images/tacheles/	DSC02335.JPG	0	117647
307	fileadmin/s-pf/images/tacheles/	DSC02314.JPG	0	132776
308	fileadmin/s-pf/images/tacheles/	DSC02352.JPG	0	53152
309	fileadmin/s-pf/images/tacheles/	DSC02320.JPG	0	77344
310	fileadmin/s-pf/images/tacheles/	DSC02353.JPG	0	54024
311	fileadmin/s-pf/images/tacheles/	DSC02345.JPG	0	102669
312	fileadmin/s-pf/images/tacheles/	DSC02313.JPG	0	102208
313	fileadmin/s-pf/images/tacheles/	DSC02357.JPG	0	43975
314	fileadmin/s-pf/images/tacheles/	DSC02328.JPG	0	84218
315	fileadmin/s-pf/images/tacheles/	DSC02341.JPG	0	89365
316	fileadmin/s-pf/images/tacheles/	DSC02356.JPG	0	54492
317	fileadmin/s-pf/images/tacheles/	DSC02316.JPG	0	111055
318	fileadmin/s-pf/images/tacheles/	DSC02326.JPG	0	121296
319	fileadmin/s-pf/images/tacheles/	DSC02350.JPG	0	65581
320	fileadmin/s-pf/images/tacheles/	DSC02333.JPG	0	113097
321	fileadmin/s-pf/images/tacheles/	DSC02332.JPG	0	127502
322	fileadmin/s-pf/images/tacheles/	DSC02327.JPG	0	91451
323	fileadmin/s-pf/images/tacheles/	DSC02325.JPG	0	102181
324	fileadmin/s-pf/images/tacheles/	DSC02324.JPG	0	114698
325	fileadmin/s-pf/images/tacheles/	DSC02346.JPG	0	146606
326	fileadmin/s-pf/images/tacheles/	DSC02355.JPG	0	46252
327	fileadmin/s-pf/images/tacheles/	DSC02339.JPG	0	86391
328	fileadmin/s-pf/images/tacheles/	DSC02348.JPG	0	70623
329	fileadmin/s-pf/images/tacheles/	DSC02317.JPG	0	108049
330	fileadmin/s-pf/images/Show/	neue_Frisur.jpg	0	18995
333	fileadmin/s-pf/images/1Mai2008/	DSC02543.JPG	0	172600
335	fileadmin/s-pf/images/1Mai2008/	DSC02536.JPG	0	159011
337	fileadmin/s-pf/images/1Mai2008/	DSC02509.JPG	0	84732
339	fileadmin/s-pf/images/1Mai2008/	DSC02479.JPG	0	166192
340	fileadmin/s-pf/images/1Mai2008/	DSC02506.JPG	0	143150
343	fileadmin/s-pf/images/1Mai2008/	DSC02504.JPG	0	148953
345	fileadmin/s-pf/images/1Mai2008/	DSC02492.JPG	0	141964
349	fileadmin/s-pf/images/1Mai2008/	DSC02541.JPG	0	165268
352	fileadmin/s-pf/images/1Mai2008/	DSC02517.JPG	0	138794
354	fileadmin/s-pf/images/1Mai2008/	DSC02540.JPG	0	166415
356	fileadmin/s-pf/images/1Mai2008/	DSC02496.JPG	0	131089
357	fileadmin/s-pf/images/1Mai2008/	DSC02531.JPG	0	158468
360	fileadmin/s-pf/images/1Mai2008/	DSC02512.JPG	0	152021
361	fileadmin/s-pf/images/	refl_0ad43f35570392a33f56df835e0f40c5_angel.jpg	0	48748
362	fileadmin/s-pf/images/	refl_8f1ec06f5ef18c8b40c336d7453b90c6_jongDomaene1.jpg	0	103262
363	fileadmin/s-pf/images/	refl_94c62e5cdb2b1c77b0c21f01dbad45d9_pyroweb2-21banner.jpg	0	333295
364	fileadmin/s-pf/images/	refl_4bfe1546fb753c3f9dd36da0a0805e95_Himmel1.jpg	0	81958
365	fileadmin/s-pf/images/	refl_09077373e4eb2791be5e5a1f0f46267e_pyrowebFull2R3C1.JPG	0	423421
366	fileadmin/s-pf/images/	refl_84fa4544f20d81d38ddaa31a6c4f2b5d_vulkan.jpg	0	53277
367	fileadmin/s-pf/images/	refl_d6cedc6ff2f4c029a94f646f9ed5e6ac_Fire_Ball_Large-2.jpg	0	68215
368	fileadmin/s-pf/images/	refl_7c21f6031904deba26e14138e0c8640e_pyrowebFull2R2C2.JPG	0	50936
369	fileadmin/s-pf/images/	refl_a2b688b88640f1cefbc910199aec5bd1_feuer2.jpg	0	142420
370	fileadmin/s-pf/images/	refl_5e0fbc3e0eb243765bcc50fd787d38a9_pool-fire-2.jpg	0	78563
371	fileadmin/s-pf/images/	refl_8a436ef0a7a74aaad694211d153c7e49_plogo3.jpg	0	29631
372	fileadmin/s-pf/images/	refl_1b84e3a64f9c6f028290e6a8fed047b6_pyroweb2-21Menue.jpg	0	17867
373	fileadmin/s-pf/images/	refl_b5e1a2a80f0f25f3d98a4fb71e266fad_feuerraeder-2.jpg	0	144208
374	fileadmin/s-pf/images/	refl_45e11ac97d1f15ef417c7695c3464d6f_BurnieFeuerReifen2.jpg	0	115101
375	fileadmin/s-pf/images/	refl_3450718bf9b772c9e6f967f35bc09de7_plogo1.jpg	0	38190
376	fileadmin/s-pf/images/	refl_6848160232df59a09e7e493e9e32c397_alienShow1-2.jpg	0	59243
377	fileadmin/s-pf/images/	refl_26ec21c8c549159ab5d54bd1b5e6d4c1_kindereddie.jpg	0	107328
378	fileadmin/s-pf/images/	refl_91b1431f79a70d1ebc2f7a887cbdc37d_plogo5.jpg	0	35705
379	fileadmin/s-pf/images/	refl_5750c62d0f6a0cba17853341a7bdf9c2_29-2.jpg	0	142820
380	fileadmin/s-pf/images/	refl_03c7d0cc07b450546cadbb1995e433bc_42-2.jpg	0	64975
381	fileadmin/s-pf/images/	refl_a508c462c195cf8f317b46e5c47c1253_whiteBackFrame.gif	0	23041
382	fileadmin/s-pf/images/	refl_8248910767ea7fa4deba9d10c176ee7f_Barcelona2000-2.jpg	0	65366
383	fileadmin/s-mhk/images/	sessel_butt02.jpg	0	12248
384	fileadmin/s-mhk/images/	verb_rot.jpg	0	27580
385	fileadmin/s-mhk/images/	side_gruen.jpg	0	16020
386	fileadmin/s-mhk/images/	cdregal.jpg	0	20118
387	fileadmin/s-mhk/images/	fraese_unten.jpg	0	21601
388	fileadmin/s-mhk/images/	spacer_rot_butt.jpg	0	719
389	fileadmin/s-mhk/images/	spacer_weiss_butt.jpg	0	8206
390	fileadmin/s-mhk/images/	spacer_gelb_butt.jpg	0	826
391	fileadmin/s-mhk/images/	side_vio.jpg	0	15104
392	fileadmin/s-mhk/images/	von_seite_rechts00.jpg	0	16081
393	fileadmin/s-mhk/images/	cdregal_butt02.jpg	0	2945
394	fileadmin/s-mhk/images/	eingang.jpg	0	46821
395	fileadmin/s-mhk/images/	venti4_butt.jpg	0	11477
396	fileadmin/s-mhk/images/	vordach.jpg	0	90856
397	fileadmin/s-mhk/images/	led2_butt02.jpg	0	12060
398	fileadmin/s-mhk/images/	t-von_unten100.jpg	0	14222
399	fileadmin/s-mhk/images/	kontakt.jpg	0	47654
400	fileadmin/s-mhk/images/	venti400.jpg	0	13755
401	fileadmin/s-mhk/images/	sessel.jpg	0	54399
402	fileadmin/s-mhk/images/	t-von_unten1_butt02.jpg	0	11968
403	fileadmin/s-mhk/images/	top.jpg	0	41961
404	fileadmin/s-mhk/images/	klavier.jpg	0	93940
405	fileadmin/s-mhk/images/	von_seite_rechts_but.jpg	0	13500
406	fileadmin/s-mhk/images/	gangway_but.jpg	0	14065
407	fileadmin/s-mhk/images/	venti4.jpg	0	66771
408	fileadmin/s-mhk/images/	trommelbeschlag3.jpg	0	22733
409	fileadmin/s-mhk/images/	vordach_butt02.jpg	0	12701
410	fileadmin/s-mhk/images/	k-seitlich1.jpg	0	62013
411	fileadmin/s-mhk/images/	trommelbeschlag1_butt.jpg	0	2882
412	fileadmin/s-mhk/images/	sessel_butt.jpg	0	12250
413	fileadmin/s-mhk/images/	klavier_butt02.jpg	0	12683
414	fileadmin/s-mhk/images/	k-seitlich1_butt.jpg	0	12720
415	fileadmin/s-mhk/images/	maschinen2.jpg	0	32059
416	fileadmin/s-mhk/images/	logo10-w.jpg	0	7243
417	fileadmin/s-mhk/images/	cad.jpg	0	26523
418	fileadmin/s-mhk/images/	konstruktion_top.jpg	0	49548
419	fileadmin/s-mhk/images/	Windrad_butt.jpg	0	552
420	fileadmin/s-mhk/images/	spacer_or_butt.jpg	0	641
421	fileadmin/s-mhk/images/	trommelbeschlag100.jpg	0	13349
422	fileadmin/s-mhk/images/	side_blau.jpg	0	16956
423	fileadmin/s-mhk/images/	ProteseDreier-2-ic.jpg	0	6337
424	fileadmin/s-mhk/images/	k-seitlich1_butt02.jpg	0	12724
425	fileadmin/s-mhk/images/	sessel00.jpg	0	14147
426	fileadmin/s-mhk/images/	kontakt_top.jpg	0	13236
427	fileadmin/s-mhk/images/	wetterhahn100.jpg	0	14760
428	fileadmin/s-mhk/images/	spacer_bl_butt.jpg	0	719
429	fileadmin/s-mhk/images/	fraese_sw3.jpg	0	27383
430	fileadmin/s-mhk/images/	restauration_top.jpg	0	24710
431	fileadmin/s-mhk/images/	trommelbeschlag1.jpg	0	23683
432	fileadmin/s-mhk/images/	venti4_butt02.jpg	0	11853
433	fileadmin/s-mhk/images/	gangway_but05.jpg	0	8626
434	fileadmin/s-mhk/images/	led2.jpg	0	69213
435	fileadmin/s-mhk/images/	development_top.jpg	0	17162
436	fileadmin/s-mhk/images/	profil300.jpg	0	12713
437	fileadmin/s-mhk/images/	cdregal_butt.jpg	0	2950
438	fileadmin/s-mhk/images/	profil3.jpg	0	34614
439	fileadmin/s-mhk/images/	Windradmast.jpg	0	5203
440	fileadmin/s-mhk/images/	logo10.jpg	0	20446
441	fileadmin/s-mhk/images/	spacer_gr_butt.jpg	0	8208
442	fileadmin/s-mhk/images/	wetterhahn1.jpg	0	64337
443	fileadmin/s-mhk/images/	Windradmast_butt.jpg	0	488
444	fileadmin/s-mhk/images/	vordach00.jpg	0	14989
445	fileadmin/s-mhk/images/	klavier_butt.jpg	0	12690
446	fileadmin/s-mhk/images/	profil3_butt.jpg	0	10878
447	fileadmin/s-mhk/images/	trommelbeschlag2.jpg	0	23759
448	fileadmin/s-mhk/images/	Windrad_butt02.jpg	0	780
449	fileadmin/s-mhk/images/	trommelbeschlag1_butt02.jpg	0	11482
450	fileadmin/s-mhk/images/	spacer_vio_butt.jpg	0	690
451	fileadmin/s-mhk/images/	wetterhahn1_butt.jpg	0	12650
452	fileadmin/s-mhk/images/	profil3_butt02.jpg	0	10837
453	fileadmin/s-mhk/images/	balkon_butt02.jpg	0	12366
454	fileadmin/s-mhk/images/	t-von_unten1.jpg	0	58678
455	fileadmin/s-mhk/images/	news-th.jpg	0	9923
456	fileadmin/s-mhk/images/	gangway.jpg	0	148553
457	fileadmin/s-mhk/images/	gangway_but02.jpg	0	14077
458	fileadmin/s-mhk/images/	maschinen.jpg	0	44673
459	fileadmin/s-mhk/images/	Windradmast_butt02.jpg	0	500
460	fileadmin/s-mhk/images/	led2_butt.jpg	0	3298
461	fileadmin/s-mhk/images/	vordach_butt.jpg	0	12739
462	fileadmin/s-mhk/images/	side_gelb.jpg	0	19925
463	fileadmin/s-mhk/images/	k-seitlich100.jpg	0	14932
464	fileadmin/s-mhk/images/	cdregal_butt00.jpg	0	3534
465	fileadmin/s-mhk/images/	Windrad_butt00.jpg	0	967
466	fileadmin/s-mhk/images/	t-von_unten1_butt.jpg	0	11996
467	fileadmin/s-mhk/images/	gangway00.jpg	0	16997
468	fileadmin/s-mhk/images/	led200.jpg	0	14115
469	fileadmin/s-mhk/images/	wetterhahn1_butt02.jpg	0	12645
470	fileadmin/s-mhk/images/	klavier00.jpg	0	14736
471	fileadmin/s-mhk/images/	balkon_butt.jpg	0	12371
472	fileadmin/s-mhk/images/	produkte_top.jpg	0	17861
473	fileadmin/s-mhk/images/	balkon_butt00.jpg	0	14474
474	fileadmin/s-mhk/images/	balkon.jpg	0	46115
475	fileadmin/s-mhk/images/	ProteseDreier-2.jpg	0	39502
476	fileadmin/s-mhk/images/	Windradmast_butt00.jpg	0	574
477	fileadmin/s-mhk/images/	P1010172-3-th.jpg	0	9310
478	fileadmin/s-mhk/images/	side_rot.jpg	0	14946
479	fileadmin/s-mhk/images/	Windrad.jpg	0	9192
480	fileadmin/s-mhk/images/	von_seite_rechts.jpg	0	115485
481	fileadmin/s-mhk/images/	logo15_bew.swf	0	26821
482	fileadmin/s-mhk/images/	von_seite_rechts_but02.jpg	0	13542
483	fileadmin/scripts/	efa_fontsize.js	0	10601
484	fileadmin/scripts/	cookies.js	0	5647
485	fileadmin/scripts/	languageMenu.php	0	5971
486	fileadmin/scripts/	dfn_iproc_tmenu.inc	0	2447
487	fileadmin/scripts/	styleswitcher.js	0	1130
488	fileadmin/scripts/	efa_fontsize-en.js	0	10569
489	fileadmin/s-mhk/tpl/	sidenav.css	0	1285
490	fileadmin/s-mhk/tpl/	fire2.css	0	2102
491	fileadmin/s-mhk/tpl/	Box1div.css	0	586
492	fileadmin/s-mhk/tpl/	TopNav.css	0	121
493	fileadmin/s-mhk/tpl/	Box1div.tmpl	0	352
494	fileadmin/s-mhk/tpl/	main.css	0	2565
495	fileadmin/s-mhk/tpl/	template.htm	0	2707
496	fileadmin/template/	layout_3col_vlines_v1.html	0	3568
497	fileadmin/template/	layout_2col_right_vlines.html	0	3347
498	fileadmin/template/	layout_2col_left_vlinesUDM.html	0	3293
499	fileadmin/template/	layout_2col_left_vlinesUDM.gif	0	355
500	fileadmin/template/	mnu_shinybuttons.html	0	3635
501	fileadmin/template/	t-layout_3col_fixed.html	0	3571
502	fileadmin/template/	t-layout_3col_fixed.gif	0	1214
503	fileadmin/template/	layout_3col_abb.gif	0	399
504	fileadmin/template/	mnu_shinybuttons.gif	0	400
505	fileadmin/template/	nm_mnu_shinybuttons_01.html	0	3964
506	fileadmin/template/	layout_2col_left_vlines.gif	0	355
507	fileadmin/template/	nm_mnu_shinybuttons.html	0	3964
508	fileadmin/template/	layout_3col_abb.html	0	3563
509	fileadmin/template/	layout_2col_right_vlines.gif	0	355
510	fileadmin/template/	layout_3col_fixed.html	0	3561
511	fileadmin/template/	layout_3col_vlines_v1.gif	0	400
512	fileadmin/template/	layout_3col_fixed.gif	0	400
513	fileadmin/template/	layout_2col_left_vlines.html	0	3280
514	fileadmin/user_upload/	new_record.gif	0	124
515	fileadmin/user_upload/_temp_/	Newsletterback.gif	0	103
516	fileadmin/user_upload/_temp_/	B2_Blue_SUBstrip-R.gif	0	967
517	fileadmin/user_upload/_temp_/	B2_Yello_SUBstrip-M.gif	0	416
518	fileadmin/user_upload/_temp_/	B2_Blue_Topstrip-All.gif	0	573
519	fileadmin/user_upload/_temp_/	Thai-Island-slideshow1_01.swf	0	456940
520	fileadmin/user_upload/_temp_/	Startpic-Abenteuer.jpg	0	26151
521	fileadmin/user_upload/_temp_/	Thai-Island-slideshow1.swf	0	456940
522	fileadmin/user_upload/_temp_/	B2_Yello_Topstrip-M.gif	0	417
523	fileadmin/user_upload/_temp_/	B2_Blue_Topstrip-R.gif	0	956
524	fileadmin/user_upload/_temp_/	Logostripe.png	0	261690
525	fileadmin/xslt/	rss1.xslt	0	12499
526	fileadmin/FotosSelect1/	Oeko.gif	0	2065
527	fileadmin/FotosSelect1/	Abenteuer.gif	0	1994
528	fileadmin/s-wt/images/page/	mailAdresse.gif	0	1054
529	fileadmin/s-wt/images/page/	webdesign1.jpg	0	3124
530	fileadmin/s-wt/images/page/	grau43.jpg	0	3955
531	fileadmin/s-wt/images/references/	lx-i1.jpg	0	7280
532	fileadmin/s-wt/images/references/	lx-i1-2.jpg	0	4036
533	fileadmin/s-wt/images/references/	oculus1.jpg	0	12497
534	fileadmin/s-wt/images/references/	pyrofessor.jpg	0	8119
535	fileadmin/s-wt/images/references/	MhkBerlin.jpg	0	6748
536	fileadmin/s-wt/images/references/	lx-i3.jpg	0	11125
537	fileadmin/s-wt/images/references/	lx-i2.jpg	0	14502
538	fileadmin/s-wt/images/references/	murielle-argoud1.jpg	0	4007
539	fileadmin/s-wt/images/references/	praxis1.jpg	0	10844
540	fileadmin/s-wt/images/references/	wurschtl-licht1.jpg	0	6023
541	fileadmin/s-wt/images/references/	oculus2.jpg	0	11941
542	fileadmin/s-wt/images/references/	praxis2.jpg	0	8368
543	fileadmin/s-wt/images/references/	pyrofessor2.jpg	0	8760
544	fileadmin/s-wt/images/references/	DC-Old.jpg	0	5838
545	fileadmin/s-wt/images/references/	bfe1.jpg	0	8681
546	fileadmin/s-wt/images/references/lx-i/	mp-1s-s.jpg	0	22067
547	fileadmin/s-wt/images/references/lx-i/	ks-42s.jpg	0	13799
548	fileadmin/s-wt/images/references/lx-i/	ks-62-hds.jpg	0	22682
549	fileadmin/s-wt/images/references/lx-i/	site1.jpg	0	120894
550	fileadmin/s-wt/images/references/lx-i/	site2.jpg	0	122235
551	fileadmin/s-wt/images/references/tat/	tat11.jpg	0	257097
552	fileadmin/s-wt/images/references/tat/	tat03.jpg	0	321171
553	fileadmin/s-wt/images/references/tat/	tat02.jpg	0	176921
554	fileadmin/mailform/	mailform1.css	0	6562
555	fileadmin/mailform/	mailform.css	0	2994
556	fileadmin/mailform/	effects.js	0	32908
557	fileadmin/mailform/	reqStar2.gif	0	56
558	fileadmin/mailform/	prototype.js	0	55149
559	fileadmin/mailform/	reqstar.gif	0	58
560	fileadmin/mailform/	mpKontaktFullDE.tmpl	0	6475
561	fileadmin/mailform/	validation.js	0	8197
562	fileadmin/s-mhk/images/halle/	Shelter_von_rechts_oben2.jpg	0	354308
563	fileadmin/s-mhk/images/halle/	Shelter-Innen.jpg	0	42328
564	fileadmin/s-maj/	KachelTexte7-clean2.jpg	1	108149
565	fileadmin/s-maj/tpl/	Box1div.tmpl	0	337
566	fileadmin/s-maj/tpl/	grey1.css	0	1712
567	fileadmin/s-maj/tpl/	template.htm	0	2412
568	fileadmin/s-maj/images/page/	1webHome-2.jpg	0	215999
569	fileadmin/s-maj/images/	1webHome-2.jpg	1	215999
570	fileadmin/s-maj/images/	3webFire.jpg	1	543829
571	fileadmin/s-maj/images/	2webShow.jpg	1	448631
572	fileadmin/s-maj/images/	1webHome-2.jpg	1	215999
573	fileadmin/s-maj/images/	3webFire.jpg	1	543829
574	fileadmin/s-maj/images/	2webShow.jpg	1	448631
575	fileadmin/s-maj/images/entwurf/	1webHome-2.jpg	0	215999
576	fileadmin/s-maj/images/entwurf/	3webFire.jpg	0	543829
577	fileadmin/s-maj/images/entwurf/	2webShow.jpg	0	448631
578	fileadmin/s-maj/images/BilderMaja/Fassaden/	kavkova2.jpg	1	327761
579	fileadmin/s-maj/images/BilderMaja/Fassaden/	blaue_aanslag.jpg	1	747197
580	fileadmin/s-maj/images/BilderMaja/Fassaden/	kavkova.jpg	1	1989739
581	fileadmin/s-maj/images/BilderMaja/Fassaden/	blaue_aanslag2.jpg	1	543189
582	fileadmin/s-maj/images/BilderMaja/Fassaden/	haifisch.jpg	1	677082
583	fileadmin/s-maj/images/BilderMaja/Fassaden/	.DS_Store	1	6148
584	fileadmin/s-maj/images/BilderMaja/Fassaden/	kvu.jpg	1	642538
585	fileadmin/s-maj/images/BilderMaja/Fassaden/	k_pi_berlin.jpg	1	590566
586	fileadmin/s-maj/images/BilderMaja/Fassaden/	arena_wien.jpg	1	782167
587	fileadmin/s-maj/images/BilderMaja/Fassaden/	kavkova3.jpg	1	258869
588	fileadmin/s-maj/images/BilderMaja/1994muralsFassaden/1993Wohlgroth/	wohl5.jpg	0	469963
589	fileadmin/s-maj/images/BilderMaja/1994muralsFassaden/1993Wohlgroth/	Wohl.jpg	0	455895
590	fileadmin/s-maj/images/BilderMaja/1994muralsFassaden/1993Wohlgroth/	.DS_Store	1	6148
591	fileadmin/s-maj/images/BilderMaja/1994muralsFassaden/1993Wohlgroth/	wohl1.jpg	0	633508
592	fileadmin/s-maj/images/BilderMaja/1994muralsFassaden/1993Wohlgroth/	wohl3.jpg	0	529514
593	fileadmin/s-maj/images/BilderMaja/1994muralsFassaden/1993Wohlgroth/	WohlgrothOli2.jpg	0	451247
594	fileadmin/s-maj/images/BilderMaja/1994muralsFassaden/1993Wohlgroth/	wohl6.jpg	0	538650
595	fileadmin/s-maj/images/BilderMaja/1994muralsFassaden/1993Wohlgroth/	WohlgrothOli1.jpg	0	513764
596	fileadmin/s-maj/images/BilderMaja/1994muralsFassaden/1993Wohlgroth/	wohl4.jpg	0	399174
597	fileadmin/s-maj/images/BilderMaja/1994muralsFassaden/1993Wohlgroth/	wohl2.jpg	0	1018848
598	fileadmin/s-maj/images/BilderMaja/1994muralsFassaden/1993Wohlgroth/	spritzen3.jpg	0	452047
599	fileadmin/s-maj/images/BilderMaja/1994muralsFassaden/1994FelixRegula/	felix1.jpg	0	156329
600	fileadmin/s-maj/images/BilderMaja/1994muralsFassaden/1994FelixRegula/	felix12.jpg	0	1219907
601	fileadmin/s-maj/images/BilderMaja/1994muralsFassaden/1994FelixRegula/	felix3.jpg	0	210799
602	fileadmin/s-maj/images/BilderMaja/1994muralsFassaden/1994FelixRegula/	felix13.jpg	0	537944
603	fileadmin/s-maj/images/BilderMaja/1994muralsFassaden/1994FelixRegula/	felix_nix.jpg	0	203879
604	fileadmin/s-maj/images/BilderMaja/1994muralsFassaden/1994FelixRegula/	felix5.jpg	0	3871690
605	fileadmin/s-maj/images/BilderMaja/1994muralsFassaden/1994FelixRegula/	felix2.jpg	0	188001
606	fileadmin/s-maj/images/BilderMaja/1994muralsFassaden/1994FelixRegula/	.DS_Store	1	6148
607	fileadmin/s-maj/images/BilderMaja/1994muralsFassaden/199495MuralsTravel/	blaueAanslagDenHaag.jpg	0	874305
608	fileadmin/s-maj/images/BilderMaja/1994muralsFassaden/199495MuralsTravel/	blaueAanslagDenHaag2.jpg	0	543189
609	fileadmin/s-maj/images/BilderMaja/1994muralsFassaden/199495MuralsTravel/	Ladronka.jpg	0	1177541
610	fileadmin/s-maj/images/BilderMaja/1994muralsFassaden/199495MuralsTravel/	Ladronka2.jpg	0	785302
611	fileadmin/s-maj/images/BilderMaja/1994muralsFassaden/199495MuralsTravel/	KleineaHaifischBarBerlin.jpg	0	677082
612	fileadmin/s-maj/images/BilderMaja/1994muralsFassaden/199495MuralsTravel/	KvuBerlin.jpg	0	642538
613	fileadmin/s-maj/images/BilderMaja/1994muralsFassaden/199495MuralsTravel/	KavkovaPrag2.jpg	0	301440
614	fileadmin/s-maj/images/BilderMaja/1994muralsFassaden/199495MuralsTravel/	arenaWien.jpg	0	782171
615	fileadmin/s-maj/images/BilderMaja/1994muralsFassaden/199495MuralsTravel/	KavkovaPrag.jpg	0	896377
616	fileadmin/s-maj/images/BilderMaja/1994muralsFassaden/199495MuralsTravel/	KoepiBerlin.jpg	0	590566
617	fileadmin/s-maj/images/BilderMaja/1994muralsFassaden/199495MuralsTravel/	Kvu2.jpg	0	3158340
618	fileadmin/s-maj/images/BilderMaja/1994muralsFassaden/199495MuralsTravel/	ZelenyDvor.jpg	0	3506096
619	fileadmin/s-maj/images/BilderMaja/1994muralsFassaden/199495MuralsTravel/	.DS_Store	1	6148
620	fileadmin/s-maj/images/BilderMaja/poster/	Pyrobotic.jpg	0	424167
621	fileadmin/s-maj/images/BilderMaja/poster/	djneugesicht3.jpg	1	265030
622	fileadmin/s-maj/images/BilderMaja/poster/	EricoSKIZZE.jpg	0	236031
623	fileadmin/s-maj/images/BilderMaja/poster/	ERICO.jpg	0	672428
624	fileadmin/s-maj/images/BilderMaja/poster/	bar2.jpg	1	1009833
625	fileadmin/s-maj/images/BilderMaja/poster/	djOrg.jpg	1	819843
626	fileadmin/s-maj/images/BilderMaja/poster/	out1.jpg	1	519115
627	fileadmin/s-maj/images/BilderMaja/poster/	bar3.jpg	1	964487
628	fileadmin/s-maj/images/BilderMaja/poster/	frankie.jpg	0	352514
629	fileadmin/s-maj/images/BilderMaja/poster/	beaunew.jpg	0	1044954
630	fileadmin/s-maj/images/BilderMaja/poster/	tekroid.jpg	0	664008
631	fileadmin/s-maj/images/BilderMaja/poster/	hannaBday.jpg	0	453406
632	fileadmin/s-maj/images/BilderMaja/poster/	baggerplatte.jpg	0	736186
633	fileadmin/s-maj/images/BilderMaja/poster/	PUNKROID.jpg	0	712372
634	fileadmin/s-maj/images/BilderMaja/poster/	baggergenua.jpg	0	617979
635	fileadmin/s-maj/images/BilderMaja/poster/	BaggerRobot.jpg	0	1354720
636	fileadmin/s-maj/images/BilderMaja/poster/	bar2.jpg	0	1020178
637	fileadmin/s-maj/images/BilderMaja/poster/	bar3.jpg	0	977728
638	fileadmin/s-maj/images/BilderMaja/poster/	djneugesicht3.jpg	0	264009
639	fileadmin/s-maj/images/BilderMaja/poster/	dj-org-test.jpg	0	828539
640	fileadmin/s-maj/images/BilderMaja/poster/	out1.jpg	0	519607
641	fileadmin/s-maj/images/BilderMaja/2005Malaga/	camping1.jpg	0	259861
642	fileadmin/s-maj/images/BilderMaja/2005Malaga/	ski2.jpg	0	154865
643	fileadmin/s-maj/images/BilderMaja/2005Malaga/	ski5.jpg	0	274846
644	fileadmin/s-maj/images/BilderMaja/2005Malaga/	logo.jpg	0	259398
645	fileadmin/s-maj/images/BilderMaja/2005Malaga/	Monalisa.jpg	0	254643
646	fileadmin/s-maj/images/BilderMaja/2005Malaga/	osb1.jpg	0	190678
647	fileadmin/s-maj/images/BilderMaja/2005Malaga/	osb2.jpg	0	253461
648	fileadmin/s-maj/images/BilderMaja/2005Malaga/	Scetch2.jpg	0	194903
649	fileadmin/s-maj/images/BilderMaja/2005Malaga/	osb3.jpg	0	145377
650	fileadmin/s-maj/images/BilderMaja/2005Malaga/	malaga2.jpg	0	355316
651	fileadmin/s-maj/images/BilderMaja/2005Malaga/	gDance.jpg	0	226205
652	fileadmin/s-maj/images/BilderMaja/2005Malaga/	gabriellewillnicht1.jpg	0	297896
653	fileadmin/s-maj/images/BilderMaja/2005Malaga/	surf1.jpg	0	312745
654	fileadmin/s-maj/images/BilderMaja/2005Malaga/	campingcolori.jpg	0	841967
655	fileadmin/s-maj/images/BilderMaja/2005Malaga/	surf3colori.jpg	0	516530
656	fileadmin/s-maj/images/BilderMaja/2005Malaga/	.DS_Store	1	6148
657	fileadmin/s-maj/images/BilderMaja/2005Malaga/	karteParis.jpg	0	233961
658	fileadmin/s-maj/images/BilderMaja/2005Akwa/	Akwa2.jpg	0	537303
659	fileadmin/s-maj/images/BilderMaja/2005Akwa/	Akwa3.jpg	0	459325
660	fileadmin/s-maj/images/BilderMaja/2005Akwa/	Akwa1.jpg	0	400958
661	fileadmin/s-maj/images/BilderMaja/poster/	Firefriends.jpg	0	157502
662	fileadmin/s-maj/images/BilderMaja/poster/	berlinReflex.jpg	0	358360
663	fileadmin/s-maj/images/BilderMaja/poster/	djYke.jpg	0	328697
664	fileadmin/s-maj/images/BilderMaja/concepts/	Lampen1.jpg	0	494207
665	fileadmin/s-maj/images/BilderMaja/concepts/	Mantelheizung2.jpg	0	575391
666	fileadmin/s-maj/images/BilderMaja/concepts/	ElxtAireals1.jpg	0	536248
667	fileadmin/s-maj/images/BilderMaja/concepts/	Dc2.jpg	0	259025
668	fileadmin/s-maj/images/BilderMaja/concepts/	ElxtKokooons.jpg	0	635553
669	fileadmin/s-maj/images/BilderMaja/concepts/	motasseMoped.jpg	0	670308
670	fileadmin/s-maj/images/BilderMaja/concepts/	motasse1.jpg	0	375670
671	fileadmin/s-maj/images/BilderMaja/concepts/	Mantelheizung1.jpg	0	476458
672	fileadmin/s-maj/images/BilderMaja/concepts/	vignanello.jpg	0	642456
673	fileadmin/s-maj/images/BilderMaja/concepts/	.DS_Store	1	6148
674	fileadmin/s-maj/images/BilderMaja/concepts/	Dc1.jpg	0	424902
675	fileadmin/s-maj/images/BilderMaja/concepts/	motasse2.jpg	0	750737
676	fileadmin/s-maj/images/BilderMaja/2005TheWhale/	Movementstudies2.jpg	0	201933
677	fileadmin/s-maj/images/BilderMaja/2005TheWhale/	taleDetail.jpg	0	138225
678	fileadmin/s-maj/images/BilderMaja/2005TheWhale/	TotaleBLAU.jpg	0	190697
679	fileadmin/s-maj/images/BilderMaja/2005TheWhale/	entranceBack.jpg	0	100704
680	fileadmin/s-maj/images/BilderMaja/2005TheWhale/	spinningdoor.jpg	0	194893
681	fileadmin/s-maj/images/BilderMaja/2005TheWhale/	bluewhaleStudies.jpg	0	100329
682	fileadmin/s-maj/images/BilderMaja/2005TheWhale/	heart2.jpg	0	228266
683	fileadmin/s-maj/images/BilderMaja/2005TheWhale/	.DS_Store	1	6148
684	fileadmin/s-maj/images/BilderMaja/2005TheWhale/	SpineWithTitel.jpg	0	171709
685	fileadmin/s-maj/images/BilderMaja/2005TheWhale/	model3.jpg	0	123471
686	fileadmin/s-maj/images/BilderMaja/2005TheWhale/	model2.jpg	0	152749
687	fileadmin/s-maj/images/BilderMaja/2005TheWhale/	lungOrgFront1.jpg	0	192743
688	fileadmin/s-maj/images/BilderMaja/2005TheWhale/	Front1.jpg	0	281381
689	fileadmin/s-maj/images/BilderMaja/2005TheWhale/	model1.jpg	0	193957
690	fileadmin/s-maj/images/BilderMaja/2005TheWhale/	heart.jpg	0	225866
691	fileadmin/s-maj/images/BilderMaja/2005TheWhale/	Front2.jpg	0	285975
692	fileadmin/s-maj/images/BilderMaja/2005TheWhale/	brainPeople.jpg	0	245887
693	fileadmin/s-maj/images/BilderMaja/1997Bagger/BaggerShow/	netzathen.jpg	1	697834
694	fileadmin/s-maj/images/BilderMaja/1997Bagger/BaggerShow/	munchofire.jpg	0	703857
695	fileadmin/s-maj/images/BilderMaja/1997Bagger/BaggerShow/	munchozureich.jpg	0	685157
696	fileadmin/s-maj/images/BilderMaja/1997Bagger/BaggerShow/	baburom.jpg	0	583278
697	fileadmin/s-maj/images/BilderMaja/1997Bagger/BaggerShow/	veraschminkt.jpg	0	866332
698	fileadmin/s-maj/images/BilderMaja/1997Bagger/BaggerShow/	folter1.jpg	0	577025
699	fileadmin/s-maj/images/BilderMaja/1997Bagger/BaggerShow/	gruppenbild_def.tif_copy.jpg	0	781250
700	fileadmin/s-maj/images/BilderMaja/1997Bagger/BaggerShow/	aftershow2.jpg	0	642727
701	fileadmin/s-maj/images/BilderMaja/1997Bagger/BaggerShow/	akrotorino.jpg	0	648906
702	fileadmin/s-maj/images/BilderMaja/1997Bagger/BaggerShow/	aufbautorino3.jpg	0	561154
703	fileadmin/s-maj/images/BilderMaja/1997Bagger/BaggerShow/	luismilano.jpg	0	721855
704	fileadmin/s-maj/images/BilderMaja/1997Bagger/BaggerShow/	luisrom.jpg	0	535396
705	fileadmin/s-maj/images/BilderMaja/1997Bagger/BaggerShow/	soundcheck1.jpg	0	568309
706	fileadmin/s-maj/images/BilderMaja/1997Bagger/BaggerShow/	babunetzrom.jpg	0	677512
707	fileadmin/s-maj/images/BilderMaja/1997Bagger/BaggerShow/	splittotale2.jpg	0	445298
708	fileadmin/s-maj/images/BilderMaja/1997Bagger/BaggerShow/	infernotorino.jpg	0	570852
709	fileadmin/s-maj/images/BilderMaja/1997Bagger/BaggerShow/	fafarom.jpg	0	579104
710	fileadmin/s-maj/images/BilderMaja/1997Bagger/BaggerShow/	majapforzheim.jpg	0	695040
711	fileadmin/s-maj/images/BilderMaja/1997Bagger/BaggerShow/	fflubjiana.jpg	0	678754
712	fileadmin/s-maj/images/BilderMaja/1997Bagger/BaggerShow/	azuverafire2.jpg	0	637603
713	fileadmin/s-maj/images/BilderMaja/1997Bagger/BaggerShow/	netzmilano.jpg	0	694661
714	fileadmin/s-maj/images/BilderMaja/1997Bagger/BaggerShow/	aftershow1.jpg	0	699463
715	fileadmin/s-maj/images/BilderMaja/1997Bagger/BaggerShow/	nicuthessa.jpg	0	518679
716	fileadmin/s-maj/images/BilderMaja/1997Bagger/BaggerShow/	vierhunde.jpg	0	720292
717	fileadmin/s-maj/images/BilderMaja/1997Bagger/BaggerShow/	idiotmilano.jpg	0	491598
718	fileadmin/s-maj/images/BilderMaja/1997Bagger/BaggerShow/	elektroschock.jpg	0	821435
719	fileadmin/s-maj/images/BilderMaja/1997Bagger/BaggerShow/	folter2.jpg	0	650604
720	fileadmin/s-maj/images/BilderMaja/1997Bagger/BaggerShow/	feuermann.jpg	0	618036
721	fileadmin/s-maj/images/BilderMaja/1997Bagger/BaggerShow/	bagger1.jpg	1	1000883
722	fileadmin/s-maj/images/BilderMaja/1997Bagger/BaggerShow/	azuromhoch.jpg	0	546990
723	fileadmin/s-maj/images/BilderMaja/1997Bagger/BaggerShow/	netztorino.jpg	0	600182
724	fileadmin/s-maj/images/BilderMaja/1997Bagger/BaggerShow/	azufeuerkreis.jpg	0	493530
725	fileadmin/s-maj/images/BilderMaja/1997Bagger/BaggerReise/	imtruck2.jpg	0	631150
726	fileadmin/s-maj/images/BilderMaja/1997Bagger/BaggerReise/	mangiare.jpg	0	709407
727	fileadmin/s-maj/images/BilderMaja/1997Bagger/BaggerReise/	fafamike.jpg	0	760267
728	fileadmin/s-maj/images/BilderMaja/1997Bagger/BaggerReise/	pannelubjiana.jpg	0	508214
729	fileadmin/s-maj/images/BilderMaja/1997Bagger/BaggerReise/	panne.jpg	0	840138
730	fileadmin/s-maj/images/BilderMaja/1997Bagger/BaggerReise/	swimmingpool.jpg	0	583845
731	fileadmin/s-maj/images/BilderMaja/1997Bagger/BaggerReise/	valeselma.jpg	0	520406
732	fileadmin/s-maj/images/BilderMaja/1997Bagger/BaggerReise/	tagnapoli.jpg	0	763618
733	fileadmin/s-maj/images/BilderMaja/1997Bagger/BaggerReise/	imtruck.jpg	0	811580
734	fileadmin/s-maj/images/BilderMaja/1997Bagger/BaggerReise/	brindisigelati.jpg	0	608269
735	fileadmin/s-maj/images/BilderMaja/1997Bagger/BaggerReise/	unterbl_hendenb_umen.jpg	0	952949
736	fileadmin/s-maj/images/BilderMaja/1997Bagger/BaggerReise/	tagpatras.jpg	0	605846
737	fileadmin/s-maj/images/BilderMaja/1997Bagger/BaggerReise/	kaffee2.jpg	1	786092
738	fileadmin/s-maj/images/BilderMaja/1997Bagger/BaggerReise/	polizia.jpg	0	622721
739	fileadmin/s-maj/images/BilderMaja/1997Bagger/BaggerReise/	anconaselma.jpg	0	541540
740	fileadmin/s-maj/images/BilderMaja/1997Bagger/BaggerReise/	splitselma.jpg	0	731363
741	fileadmin/s-maj/images/BilderMaja/1997Bagger/BaggerReise/	taglubjiana.jpg	0	610495
742	fileadmin/s-maj/images/BilderMaja/1997Bagger/BaggerReise/	achtungbandengebiet.jpg	1	634303
743	fileadmin/s-maj/images/BilderMaja/1997Bagger/BaggerReise/	tuttiperoni.jpg	0	652437
744	fileadmin/s-maj/images/BilderMaja/1997Bagger/BaggerReise/	tagtorino.jpg	0	595129
745	fileadmin/s-maj/images/BilderMaja/1997Bagger/BaggerReise/	spliteswirdeng.jpg	0	728125
746	fileadmin/s-maj/images/BilderMaja/1997Bagger/BaggerReise/	sitzungpatras.jpg	0	794947
747	fileadmin/s-maj/images/BilderMaja/1997Bagger/BaggerReise/	brindisilache.jpg	0	652982
748	fileadmin/s-maj/images/BilderMaja/1997Bagger/BaggerReise/	supermarket.jpg	0	756898
749	fileadmin/s-maj/images/BilderMaja/1997Bagger/BaggerReise/	ankunftsplit.jpg	0	1408960
750	fileadmin/s-maj/images/BilderMaja/1997Bagger/BaggerShow/	bagger1.jpg	0	619132
751	fileadmin/s-maj/images/BilderMaja/2002FreeRSpannwerk/	Free_Radicals.spannwerk.26.10.2002_035.jpg	0	87591
752	fileadmin/s-maj/images/BilderMaja/2002FreeRSpannwerk/	Free_Radicals.spannwerk.26.10.2002_003.jpg	0	83792
753	fileadmin/s-maj/images/BilderMaja/2002FreeRSpannwerk/	Free_Radicals.spannwerk.26.10.2002_032.jpg	0	94388
754	fileadmin/s-maj/images/BilderMaja/2002FreeRSpannwerk/	Free_Radicals.spannwerk.26.10.2002_029.jpg	0	93544
755	fileadmin/s-maj/images/BilderMaja/2002FreeRSpannwerk/	Free_Radicals.spannwerk.26.10.2002_048.jpg	0	86811
756	fileadmin/s-maj/images/BilderMaja/2002FreeRSpannwerk/	Free_Radicals.spannwerk.26.10.2002_089.jpg	0	98048
757	fileadmin/s-maj/images/BilderMaja/2002FreeRSpannwerk/	Free_Radicals.spannwerk.26.10.2002_005.jpg	0	91056
758	fileadmin/s-maj/images/BilderMaja/2002FreeRSpannwerk/	Free_Radicals.spannwerk.26.10.2002_042.jpg	0	80187
759	fileadmin/s-maj/images/BilderMaja/2002FreeRSpannwerk/	Free_Radicals.spannwerk.26.10.2002_078.jpg	0	88763
760	fileadmin/s-maj/images/BilderMaja/2002FreeRSpannwerk/	Free_Radicals.spannwerk.26.10.2002_066.jpg	0	208473
761	fileadmin/s-maj/images/BilderMaja/2002FreeRSpannwerk/	Free_Radicals.spannwerk.26.10.2002_012.jpg	0	85498
762	fileadmin/s-maj/images/BilderMaja/2002FreeRSpannwerk/	Free_Radicals.spannwerk.26.10.2002_016.jpg	0	69334
763	fileadmin/s-maj/images/BilderMaja/2002FreeRSpannwerk/	Free_Radicals.spannwerk.26.10.2002_098.jpg	0	83612
764	fileadmin/s-maj/images/BilderMaja/2002FreeRSpannwerk/	Free_Radicals.spannwerk.26.10.2002_086.jpg	0	78871
765	fileadmin/s-maj/images/BilderMaja/2002FreeRSpannwerk/	Free_Radicals.spannwerk.26.10.2002_004.jpg	0	81922
766	fileadmin/s-maj/images/BilderMaja/2002FreeRSpannwerk/	Free_Radicals.spannwerk.26.10.2002_034.jpg	0	73634
767	fileadmin/s-maj/images/BilderMaja/1998Dorfbachschiff/	schiffli1.jpg	0	236228
768	fileadmin/s-maj/images/BilderMaja/1998Dorfbachschiff/	schiffli3.jpg	0	240386
769	fileadmin/s-maj/images/BilderMaja/1998Dorfbachschiff/	schiffli-me.jpg	0	1077883
770	fileadmin/s-maj/images/BilderMaja/1998Dorfbachschiff/	schiffli-leute.jpg	0	1122463
771	fileadmin/s-maj/images/BilderMaja/1998Dorfbachschiff/	schiffli-modell.jpg	0	115131
772	fileadmin/s-maj/images/BilderMaja/1995Eurokot/	escher_01.jpg	1	1394371
773	fileadmin/s-maj/images/BilderMaja/1995Eurokot/	evideo_01.jpg	1	342835
774	fileadmin/s-maj/images/BilderMaja/1995Eurokot/	erussland_01.jpg	1	381200
775	fileadmin/s-maj/images/BilderMaja/1995Eurokot/	emutter2_01.jpg	1	365765
776	fileadmin/s-maj/images/BilderMaja/1995Eurokot/	eisen1_01.jpg	1	546535
777	fileadmin/s-maj/images/BilderMaja/1995Eurokot/	emutter1_01.jpg	1	402591
778	fileadmin/s-maj/images/BilderMaja/1995Eurokot/	ebox_01.jpg	1	320153
779	fileadmin/s-maj/images/BilderMaja/1995Eurokot/	eisen2_01.jpg	1	500204
780	fileadmin/s-maj/images/BilderMaja/1995Eurokot/	eisen4_01.jpg	1	510030
781	fileadmin/s-maj/images/BilderMaja/1995Eurokot/	eviech_01.jpg	1	650299
782	fileadmin/s-maj/images/BilderMaja/1995Eurokot/	ekuh_01.jpg	1	684603
783	fileadmin/s-maj/images/BilderMaja/1995Eurokot/	eeisen1_01.jpg	1	338076
784	fileadmin/s-maj/images/BilderMaja/1995Eurokot/	erobot_01.jpg	1	401169
785	fileadmin/s-maj/images/BilderMaja/1995Eurokot/	_01.DS_Store	1	6148
786	fileadmin/s-maj/images/BilderMaja/1995Eurokot/	es_ule_01.jpg	1	400945
787	fileadmin/s-maj/images/BilderMaja/1995Eurokot/	emutter3_01.jpg	1	689969
788	fileadmin/s-maj/images/BilderMaja/1995Eurokot/	eisen3.jpg	1	583326
789	fileadmin/s-maj/images/BilderMaja/1995Eurokot/	emutter2.jpg	1	365765
790	fileadmin/s-maj/images/BilderMaja/1995Eurokot/	eisen4.jpg	1	510030
791	fileadmin/s-maj/images/BilderMaja/1995Eurokot/	ebox.jpg	1	320153
792	fileadmin/s-maj/images/BilderMaja/1995Eurokot/	eisen1.jpg	1	546535
793	fileadmin/s-maj/images/BilderMaja/1995Eurokot/	eviech.jpg	1	650299
794	fileadmin/s-maj/images/BilderMaja/1995Eurokot/	eisen2.jpg	1	500204
795	fileadmin/s-maj/images/BilderMaja/1995Eurokot/	ekuh.jpg	1	684603
796	fileadmin/s-maj/images/BilderMaja/1995Eurokot/	es_ule.jpg	1	400945
797	fileadmin/s-maj/images/BilderMaja/1995Eurokot/	emutter1.jpg	1	402591
798	fileadmin/s-maj/images/BilderMaja/1995Eurokot/	emutter3.jpg	1	689969
799	fileadmin/s-maj/images/BilderMaja/1995Eurokot/	erobot.jpg	1	401169
800	fileadmin/s-maj/images/BilderMaja/1995Eurokot/	evideo.jpg	1	342835
801	fileadmin/s-maj/images/BilderMaja/1995Eurokot/	escher.jpg	1	1394371
802	fileadmin/s-maj/images/BilderMaja/1995Eurokot/	erussland.jpg	1	381200
803	fileadmin/s-maj/images/BilderMaja/1995Eurokot/	eeisen1.jpg	1	338076
804	fileadmin/s-maj/images/BilderMaja/2003ForgetMeNot/	3puppetrehearsal07.jpg	0	770179
805	fileadmin/s-maj/images/BilderMaja/2003ForgetMeNot/	horse.jpg	0	773044
806	fileadmin/s-maj/images/BilderMaja/2003ForgetMeNot/	tinshow02.jpg	0	587383
807	fileadmin/s-maj/images/BilderMaja/2003ForgetMeNot/	tinshow10.jpg	0	577622
808	fileadmin/s-maj/images/BilderMaja/2003ForgetMeNot/	3puppetrehearsal06.jpg	0	744067
809	fileadmin/s-maj/images/BilderMaja/2003ForgetMeNot/	Puppets.jpg	0	1879704
810	fileadmin/s-maj/images/BilderMaja/2003ForgetMeNot/	forget2.jpg	1	388719
811	fileadmin/s-maj/images/BilderMaja/2003ForgetMeNot/	tinshow01.jpg	0	360972
812	fileadmin/s-maj/images/BilderMaja/2003ForgetMeNot/	tinshow06.jpg	0	502807
813	fileadmin/s-maj/images/BilderMaja/2003ForgetMeNot/	lindy1.jpg	0	1813287
814	fileadmin/s-maj/images/BilderMaja/2003ForgetMeNot/1996Eurokon/	novo3.jpg	1	232276
815	fileadmin/s-maj/images/BilderMaja/2003ForgetMeNot/1996Eurokon/	rumaschinenperf.jpg	1	2348834
816	fileadmin/s-maj/images/BilderMaja/2003ForgetMeNot/1996Eurokon/	novo2.jpg	1	176824
817	fileadmin/s-maj/images/BilderMaja/2003ForgetMeNot/1996Eurokon/	nagel4.jpg	1	394789
818	fileadmin/s-maj/images/BilderMaja/2003ForgetMeNot/1996Eurokon/	nagelSkizze.jpg	1	143804
819	fileadmin/s-maj/images/BilderMaja/2003ForgetMeNot/1996Eurokon/	nagel2.jpg	1	327944
820	fileadmin/s-maj/images/BilderMaja/2003ForgetMeNot/1996Eurokon/	nagelkaefer.jpg	1	26829
821	fileadmin/s-maj/images/BilderMaja/2003ForgetMeNot/1996Eurokon/	ruperf1.jpg	1	78733
822	fileadmin/s-maj/images/BilderMaja/2003ForgetMeNot/1996Eurokon/	ruperfskizze.jpg	1	116213
823	fileadmin/s-maj/images/BilderMaja/2003ForgetMeNot/1996Eurokon/	nagel3.jpg	1	401742
824	fileadmin/s-maj/images/BilderMaja/2003ForgetMeNot/1996Eurokon/	ruadler.jpg	1	4661675
825	fileadmin/s-maj/images/BilderMaja/2003ForgetMeNot/1996Eurokon/	nagel5.jpg	1	572402
826	fileadmin/s-maj/images/BilderMaja/2003ForgetMeNot/1996Eurokon/	nagel1.jpg	1	402242
827	fileadmin/s-maj/images/BilderMaja/2003ForgetMeNot/1996Eurokon/	runagel.jpg	1	5673456
828	fileadmin/s-maj/images/BilderMaja/2003ForgetMeNot/1996Eurokon/	ptomet1.jpg	1	141509
829	fileadmin/s-maj/images/BilderMaja/2003ForgetMeNot/1996Eurokon/	eurokot.jpg	1	210297
830	fileadmin/s-maj/images/BilderMaja/2003ForgetMeNot/1996Eurokon/	ruperf6.jpg	1	159177
831	fileadmin/s-maj/images/BilderMaja/2003ForgetMeNot/1996Eurokon/	nagel6.jpg	1	228706
832	fileadmin/s-maj/images/BilderMaja/2003ForgetMeNot/1996Eurokon/	ruperf2.jpg	1	181571
833	fileadmin/s-maj/images/BilderMaja/2003ForgetMeNot/1996Eurokon/	adler1.jpg	1	455000
834	fileadmin/s-maj/images/BilderMaja/2003ForgetMeNot/1996Eurokon/	novo1.jpg	1	350630
835	fileadmin/s-maj/images/BilderMaja/2003ForgetMeNot/1996Eurokon/	ruperf3.jpg	1	161788
836	fileadmin/s-maj/images/BilderMaja/2003ForgetMeNot/1996Eurokon/	novo4.jpg	1	250005
837	fileadmin/s-maj/images/BilderMaja/2003ForgetMeNot/1996Eurokon/	ruperf5.jpg	1	82938
838	fileadmin/s-maj/images/BilderMaja/2001Elxt90/	ehoftrompet1.jpg	0	98159
839	fileadmin/s-maj/images/BilderMaja/2001Elxt90/	feuerspuck_adm.jpg	0	552149
840	fileadmin/s-maj/images/BilderMaja/2001Elxt90/	lozanbigbang2.jpg	0	279098
841	fileadmin/s-maj/images/BilderMaja/2001Elxt90/	luganospama2.jpg	0	305783
842	fileadmin/s-maj/images/BilderMaja/2001Elxt90/	ichbarna.jpg	0	495997
843	fileadmin/s-maj/images/BilderMaja/2001Elxt90/	ehofrobot3.jpg	0	162523
844	fileadmin/s-maj/images/BilderMaja/2001Elxt90/	admsw.jpg	0	121913
845	fileadmin/s-maj/images/BilderMaja/2001Elxt90/	ehofackeln.jpg	0	176593
846	fileadmin/s-maj/images/BilderMaja/2001Elxt90/	nicustunt2.jpg	0	590565
847	fileadmin/s-maj/images/BilderMaja/2001Elxt90/	redcross.jpg	0	477884
848	fileadmin/s-maj/images/BilderMaja/2001Elxt90/	luganospama1.jpg	0	374727
849	fileadmin/s-maj/images/BilderMaja/2001Elxt90/	luganospaceship3.jpg	0	438208
850	fileadmin/s-maj/images/BilderMaja/2001Elxt90/	z_ndungadm2.jpg	0	644336
851	fileadmin/s-maj/images/BilderMaja/2001Elxt90/	moon.jpg	0	475564
852	fileadmin/s-maj/images/BilderMaja/2001Elxt90/	ehofeggs3.jpg	0	156821
853	fileadmin/s-maj/images/BilderMaja/2001Elxt90/	bergamoxtions4.jpg	0	364161
854	fileadmin/s-maj/images/BilderMaja/2001Elxt90/	feuerwand.jpg	0	448169
855	fileadmin/s-maj/images/BilderMaja/2001Elxt90/	luganospaceship2.jpg	0	320126
856	fileadmin/s-maj/images/BilderMaja/2001Elxt90/	DSC00046.jpg	0	181701
857	fileadmin/s-maj/images/BilderMaja/2001Elxt90/	luganotrompet1.jpg	0	262633
858	fileadmin/s-maj/images/BilderMaja/2001Elxt90/	.DS_Store	1	6148
859	fileadmin/s-maj/images/BilderMaja/2001Elxt90/	ehofgreenbelt.jpg	0	691547
860	fileadmin/s-maj/images/BilderMaja/2001Elxt90/	lozanbigbang1.jpg	0	357696
861	fileadmin/s-maj/images/BilderMaja/2001Elxt90/	logoundrad.jpg	0	316207
862	fileadmin/s-maj/images/BilderMaja/2001Elxt90/	romahelmets1.jpg	0	213603
863	fileadmin/s-maj/images/BilderMaja/2001Elxt90/	ehofjoeb2.jpg	0	205654
864	fileadmin/s-maj/images/BilderMaja/2001Elxt90/	lozanbigegg3.jpg	0	242331
865	fileadmin/s-maj/images/BilderMaja/2001Elxt90/	firenzespama1.jpg	0	167704
866	fileadmin/s-maj/images/BilderMaja/2001Elxt90/	vera150.jpg	0	1449593
867	fileadmin/s-maj/images/BilderMaja/2001Elxt90/	flammenivana.jpg	0	491721
868	fileadmin/s-maj/images/BilderMaja/2001Elxt90/	bergamoxtions3.jpg	0	370272
869	fileadmin/s-maj/images/BilderMaja/2001Elxt90/	firenzeredcross1.jpg	0	201889
870	fileadmin/s-maj/images/BilderMaja/2001Elxt90/	babu.jpg	0	373075
871	fileadmin/s-maj/images/BilderMaja/2001Elxt90/	titelbild.jpg	0	1304470
872	fileadmin/s-maj/images/BilderMaja/2001Elxt90/	luganoerico.jpg	0	182228
873	fileadmin/s-maj/images/BilderMaja/2001Elxt90/	wheel_ignition1.jpg	0	191845
874	fileadmin/s-maj/images/BilderMaja/1997Xix/	sennhofbartotale.jpg	1	508388
875	fileadmin/s-maj/images/BilderMaja/1997Xix/	xixbar2.jpg	1	322131
876	fileadmin/s-maj/images/BilderMaja/1997Xix/	xixbar3.jpg	1	330451
877	fileadmin/s-maj/images/BilderMaja/1997Xix/	xixbar1.jpg	1	237988
878	fileadmin/s-maj/images/BilderMaja/1997Xix/	sennhofbar2.jpg	1	435867
879	fileadmin/s-maj/images/BilderMaja/1997Xix/	xixbar4.jpg	1	252118
880	fileadmin/s-maj/images/BilderMaja/1997Xix/	sennhofbar1.jpg	1	1017615
881	fileadmin/s-maj/images/BilderMaja/1996EurokonAllgemein/	novo3.jpg	1	160957
882	fileadmin/s-maj/images/BilderMaja/1996EurokonAllgemein/	rumaschinenperf.jpg	1	2345856
883	fileadmin/s-maj/images/BilderMaja/1996EurokonAllgemein/	novo2.jpg	1	189440
884	fileadmin/s-maj/images/BilderMaja/1996EurokonAllgemein/	nagel4.jpg	1	276448
885	fileadmin/s-maj/images/BilderMaja/1996EurokonAllgemein/	nagelSkizze.jpg	1	147568
886	fileadmin/s-maj/images/BilderMaja/1996EurokonAllgemein/	nagel2.jpg	1	328261
887	fileadmin/s-maj/images/BilderMaja/1996EurokonAllgemein/	nagelkaefer.jpg	1	30485
888	fileadmin/s-maj/images/BilderMaja/1996EurokonAllgemein/	ruperf1.jpg	1	84598
889	fileadmin/s-maj/images/BilderMaja/1996EurokonAllgemein/	ruperfskizze.jpg	1	132258
890	fileadmin/s-maj/images/BilderMaja/1996EurokonAllgemein/	nagel3.jpg	1	293944
891	fileadmin/s-maj/images/BilderMaja/1996EurokonAllgemein/	ruadler.jpg	1	4627762
892	fileadmin/s-maj/images/BilderMaja/1996EurokonAllgemein/	nagel5.jpg	1	409313
893	fileadmin/s-maj/images/BilderMaja/1996EurokonAllgemein/	nagel1.jpg	1	309360
894	fileadmin/s-maj/images/BilderMaja/1996EurokonAllgemein/	runagel.jpg	1	5655103
895	fileadmin/s-maj/images/BilderMaja/1996EurokonAllgemein/	ptomet1.jpg	1	159189
896	fileadmin/s-maj/images/BilderMaja/1996EurokonAllgemein/	eurokot.jpg	1	219063
897	fileadmin/s-maj/images/BilderMaja/1996EurokonAllgemein/	ruperf6.jpg	1	165471
898	fileadmin/s-maj/images/BilderMaja/1996EurokonAllgemein/	nagel6.jpg	1	228790
899	fileadmin/s-maj/images/BilderMaja/1996EurokonAllgemein/	ruperf2.jpg	1	192365
900	fileadmin/s-maj/images/BilderMaja/1996EurokonAllgemein/	adler1.jpg	1	296363
901	fileadmin/s-maj/images/BilderMaja/1996EurokonAllgemein/	novo1.jpg	1	247795
902	fileadmin/s-maj/images/BilderMaja/1996EurokonAllgemein/	ruperf3.jpg	1	178366
903	fileadmin/s-maj/images/BilderMaja/1996EurokonAllgemein/	novo4.jpg	1	168138
904	fileadmin/s-maj/images/BilderMaja/1996EurokonAllgemein/	ruperf5.jpg	1	87207
905	fileadmin/s-maj/images/BilderMaja/2008soldierErico/	soldier2.jpg	0	439497
906	fileadmin/s-maj/images/BilderMaja/2008soldierErico/	headf1.jpg	0	277833
907	fileadmin/s-maj/images/BilderMaja/2008soldierErico/	soldier4.jpg	0	653159
908	fileadmin/s-maj/images/BilderMaja/2008soldierErico/	head3.jpg	0	290487
909	fileadmin/s-maj/images/BilderMaja/2008soldierErico/	soldier.jpg	0	803878
910	fileadmin/s-maj/images/BilderMaja/2008soldierErico/	head5.jpg	0	303713
911	fileadmin/s-maj/images/BilderMaja/2008soldierErico/	headf5.jpg	0	224606
912	fileadmin/s-maj/images/BilderMaja/2008soldierErico/	soldier3.jpg	0	620674
913	fileadmin/s-maj/images/BilderMaja/2008soldierErico/	head4.jpg	0	317656
914	fileadmin/s-maj/images/BilderMaja/2008soldierErico/	headf6.jpg	0	235426
915	fileadmin/s-maj/images/BilderMaja/2008soldierErico/	headf3.jpg	0	257727
916	fileadmin/s-maj/images/BilderMaja/2008soldierErico/	shield1.JPG	0	716775
917	fileadmin/s-maj/images/BilderMaja/2008soldierErico/	shield.jpg	0	696874
918	fileadmin/s-maj/images/BilderMaja/2008soldierErico/	soldier5.jpg	0	363769
919	fileadmin/s-maj/images/BilderMaja/2008geier/	geierDrin3.jpg	0	458187
920	fileadmin/s-maj/images/BilderMaja/2008geier/	geierSW.jpg	0	317772
921	fileadmin/s-maj/images/BilderMaja/2008geier/	jamon.JPG	0	757975
922	fileadmin/s-maj/images/BilderMaja/2008geier/	geierDrin.jpg	0	676743
923	fileadmin/s-maj/images/BilderMaja/2008geier/	cv6.JPG	0	218127
924	fileadmin/s-maj/images/BilderMaja/2008geier/	vultureonbg.JPG	0	533824
925	fileadmin/s-maj/images/BilderMaja/2008geier/	geierDrin1.jpg	0	601690
926	fileadmin/s-maj/images/BilderMaja/2008geier/	vulturebackshot.JPG	0	577480
927	fileadmin/s-maj/images/BilderMaja/2008geier/	geier1.jpg	0	494082
928	fileadmin/s-maj/images/BilderMaja/2008geier/	cv1.JPG	0	580153
929	fileadmin/s-maj/images/BilderMaja/2008juraBird/	vogelSW.jpg	0	437354
930	fileadmin/s-maj/images/BilderMaja/2008juraBird/	birdsHome.jpg	0	701346
931	fileadmin/s-maj/images/BilderMaja/2008juraBird/	kraehe.jpg	0	385119
932	fileadmin/s-maj/images/BilderMaja/2008juraBird/	feet.jpg	0	646715
933	fileadmin/s-maj/images/BilderMaja/2008juraBird/	head1.jpg	0	731948
934	fileadmin/s-maj/images/BilderMaja/2008juraBird/	bird2.jpg	0	604807
935	fileadmin/s-maj/images/BilderMaja/2008juraBird/	downunder.jpg	0	435803
936	fileadmin/s-maj/images/BilderMaja/2008juraBird/	bird1.jpg	0	522178
937	fileadmin/s-maj/images/BilderMaja/2008juraBird/	head2.jpg	0	750366
938	fileadmin/s-maj/images/BilderMaja/2004Mantelheizung/	Mh2.JPG	0	638257
939	fileadmin/s-maj/images/BilderMaja/2004Mantelheizung/	Mantelheizung2.jpg	0	410920
940	fileadmin/s-maj/images/BilderMaja/2004Mantelheizung/	Mh1.JPG	0	703288
941	fileadmin/s-maj/images/BilderMaja/2004Mantelheizung/	kind.jpg	0	629122
942	fileadmin/s-maj/images/BilderMaja/2004Mantelheizung/	mantelheizung.jpg	0	455719
943	fileadmin/s-maj/images/BilderMaja/2004Mantelheizung/	Schaukasten.JPG	0	431897
944	fileadmin/s-maj/images/BilderMaja/2004Mantelheizung/	Mh3.JPG	0	618348
945	fileadmin/s-maj/images/BilderMaja/2004Mantelheizung/	jacken2.jpg	0	640201
946	fileadmin/s-maj/images/BilderMaja/2004Mantelheizung/	Weihnachtsbaum.jpg	0	121867
947	fileadmin/s-maj/images/BilderMaja/2004Mantelheizung/	jackenkid.jpg	0	658483
948	fileadmin/s-maj/tpl/	tablett1.css	0	1931
949	fileadmin/s-maj/tpl/	template2.htm	0	2412
950	fileadmin/s-maj/images/page/	webSecond2-1.jpg	0	195854
951	fileadmin/s-maj/images/BilderMaja/2001Elxt90/	ersteZuendung.jpg	0	104844
952	fileadmin/s-maj/images/BilderMaja/2001Elxt90/	fafamajarennen.jpg	0	570681
953	fileadmin/s-maj/images/BilderMaja/2001Elxt90/	teknival2000_1.jpg	0	444196
954	fileadmin/s-maj/images/BilderMaja/2001Elxt90/	teknival2000_2.jpg	0	381075
955	fileadmin/s-pf/images/Show/	Badewanne_brennt.jpg	0	793919
956	fileadmin/s-pf/images/Show/	badewanne_mark_2.jpg	0	34785
957	fileadmin/s-pf/images/Show/	badewanne_mark_1.jpg	0	58078
958	fileadmin/s-pf/images/Show/	refl_d6000e71652b8bec397e02a93ef012b2_neue_Frisur.jpg	0	85094
959	fileadmin/s-pf/images/Show/	carsten_bad_iro.JPG	0	756322
960	fileadmin/s-pf/images/Show/	carsten_bad_wolke.jpg	0	820020
961	fileadmin/s-pf/images/Show/	badewanne_mark_3.jpg	0	28643
962	fileadmin/s-pf/images/tacheles2/	zeitP1010164.jpg	0	2031044
963	fileadmin/s-maj/images/BilderMaja/2003Sihlpapier/	toplessdancer3.jpg	0	640217
964	fileadmin/s-maj/images/BilderMaja/2003Sihlpapier/	migituttifrutti2.jpg	0	490829
965	fileadmin/s-maj/images/BilderMaja/2003Sihlpapier/	toplessdancer2.jpg	0	748995
966	fileadmin/s-maj/images/BilderMaja/2003Sihlpapier/	jpboxing1.jpg	0	934494
967	fileadmin/s-maj/images/BilderMaja/2003Sihlpapier/	johnnyluca.jpg	0	906837
968	fileadmin/s-maj/images/BilderMaja/2003Sihlpapier/	spamas2.jpg	0	849834
969	fileadmin/s-maj/images/BilderMaja/2003Sihlpapier/	tuttifruttimigi.jpg	0	789706
970	fileadmin/s-maj/images/BilderMaja/2003Sihlpapier/	johnnyjpjoel.jpg	0	757654
971	fileadmin/s-maj/images/BilderMaja/2003Sihlpapier/	andyjp.jpg	0	1061604
972	fileadmin/s-maj/images/BilderMaja/2003Sihlpapier/	toplessdancer1.jpg	0	872820
973	fileadmin/s-maj/images/BilderMaja/2003Sihlpapier/	relaisbastian.jpg	0	771035
974	fileadmin/s-maj/images/BilderMaja/2003Sihlpapier/	toplessdancer.jpg	0	785979
975	fileadmin/s-maj/images/BilderMaja/2004Troy/	Pferd_sw.jpg	0	285349
976	fileadmin/s-maj/images/BilderMaja/2004Troy/	Flamme3.jpg	0	556230
977	fileadmin/s-maj/images/BilderMaja/2004Troy/	Pferd1.jpg	0	619063
978	fileadmin/s-maj/images/BilderMaja/2004Troy/	Pferd2.jpg	0	688705
979	fileadmin/s-maj/images/BilderMaja/2004Troy/	Roter_Teppich2.jpg	0	649427
980	fileadmin/s-maj/images/BilderMaja/2004Troy/	Flamme1.jpg	0	2060550
981	fileadmin/s-maj/images/BilderMaja/2004Troy/	Braddy_mit_Feuer_.jpg	0	96869
982	fileadmin/s-maj/images/BilderMaja/2004Troy/	Flamme2.jpg	0	550869
983	fileadmin/s-maj/images/BilderMaja/2004Troy/2006AlchemyBar/	1.91airWindow2.jpg	1	446232
984	fileadmin/s-maj/images/BilderMaja/2004Troy/2006AlchemyBar/	alex_bar28.jpg	1	825516
985	fileadmin/s-maj/images/BilderMaja/2004Troy/2006AlchemyBar/	3.4waterMachine3.jpg	1	496783
986	fileadmin/s-maj/images/BilderMaja/2004Troy/2006AlchemyBar/	alex_bar16.jpg	1	778285
987	fileadmin/s-maj/images/BilderMaja/2004Troy/2006AlchemyBar/	4.1fireTotale.jpg	1	484339
988	fileadmin/s-maj/images/BilderMaja/2004Troy/2006AlchemyBar/	0.1water_air.jpg	1	711357
989	fileadmin/s-maj/images/BilderMaja/2004Troy/2006AlchemyBar/	alex_bar24.jpg	1	712235
990	fileadmin/s-maj/images/BilderMaja/2004Troy/2006AlchemyBar/	alex_bar15.jpg	1	845407
991	fileadmin/s-maj/images/BilderMaja/2004Troy/2006AlchemyBar/	0.2fire_earth.jpg	1	593433
992	fileadmin/s-maj/images/BilderMaja/2004Troy/2006AlchemyBar/	2.8earthWindow.jpg	1	838269
993	fileadmin/s-maj/images/BilderMaja/2004Troy/2006AlchemyBar/	robodock06_0020.jpg	1	746927
994	fileadmin/s-maj/images/BilderMaja/2004Troy/2006AlchemyBar/	4.5fireEternal3.jpg	1	580075
995	fileadmin/s-maj/images/BilderMaja/2004Troy/2006AlchemyBar/	alex_bar02.jpg	1	602306
996	fileadmin/s-maj/images/BilderMaja/2004Troy/2006AlchemyBar/	3.2waterMachine1.jpg	1	562205
997	fileadmin/s-maj/images/BilderMaja/2004Troy/2006AlchemyBar/	2.7earthGlas2.jpg	1	791841
998	fileadmin/s-maj/images/BilderMaja/2004Troy/2006AlchemyBar/	1.2airCentral.jpg	1	676269
999	fileadmin/s-maj/images/BilderMaja/2004Troy/2006AlchemyBar/	3.0waterTotale.jpg	1	605372
1000	fileadmin/s-maj/images/BilderMaja/2004Troy/2006AlchemyBar/	robodock06_0152.jpg	1	897680
1001	fileadmin/s-maj/images/BilderMaja/2004Troy/2006AlchemyBar/	1.3airBird1.jpg	1	406504
1002	fileadmin/s-maj/images/BilderMaja/2004Troy/2006AlchemyBar/	robodock06_0095.jpg	1	792379
1003	fileadmin/s-maj/images/BilderMaja/2004Troy/2006AlchemyBar/	1.1airTotale.jpg	1	666941
1004	fileadmin/s-maj/images/BilderMaja/2004Troy/2006AlchemyBar/	2.1earthTotale.jpg	1	590300
1005	fileadmin/s-maj/images/BilderMaja/2004Troy/2006AlchemyBar/	3.5waterSide1.jpg	1	522505
1006	fileadmin/s-maj/images/BilderMaja/2004Troy/2006AlchemyBar/	2.4earthSide1.jpg	1	466361
1007	fileadmin/s-maj/images/BilderMaja/2004Troy/2006AlchemyBar/	robodock06_133.jpg	1	773580
1008	fileadmin/s-maj/images/BilderMaja/2004Troy/2006AlchemyBar/	1.8airSide3.jpg	1	760700
1009	fileadmin/s-maj/images/BilderMaja/2004Troy/2006AlchemyBar/	robodock06_0105.jpg	1	690168
1010	fileadmin/s-maj/images/BilderMaja/2004Troy/2006AlchemyBar/	4.2fireEternal1.jpg	1	522624
1011	fileadmin/s-maj/images/BilderMaja/2004Troy/2006AlchemyBar/	1.5airBird3.jpg	1	574572
1012	fileadmin/s-maj/images/BilderMaja/2004Troy/2006AlchemyBar/	2.2earthSandwatch1.jpg	1	500189
1013	fileadmin/s-maj/images/BilderMaja/2004Troy/2006AlchemyBar/	robodock06_0097.jpg	1	707222
1014	fileadmin/s-maj/images/BilderMaja/2004Troy/2006AlchemyBar/	alex_bar25.jpg	1	684982
1015	fileadmin/s-maj/images/BilderMaja/2004Troy/2006AlchemyBar/	4.8snake3.jpg	1	534652
1016	fileadmin/s-maj/images/BilderMaja/2006AlchemyBar/	1.91airWindow2.jpg	0	446232
1017	fileadmin/s-maj/images/BilderMaja/2006AlchemyBar/	alex_bar28.jpg	0	825516
1018	fileadmin/s-maj/images/BilderMaja/2006AlchemyBar/	3.4waterMachine3.jpg	0	496783
1019	fileadmin/s-maj/images/BilderMaja/2006AlchemyBar/	alex_bar16.jpg	0	778285
1020	fileadmin/s-maj/images/BilderMaja/2006AlchemyBar/	4.1fireTotale.jpg	0	484339
1021	fileadmin/s-maj/images/BilderMaja/2006AlchemyBar/	0.1water_air.jpg	0	711357
1022	fileadmin/s-maj/images/BilderMaja/2006AlchemyBar/	alex_bar24.jpg	0	712235
1023	fileadmin/s-maj/images/BilderMaja/2006AlchemyBar/	alex_bar15.jpg	0	845407
1024	fileadmin/s-maj/images/BilderMaja/2006AlchemyBar/	0.2fire_earth.jpg	0	593433
1025	fileadmin/s-maj/images/BilderMaja/2006AlchemyBar/	2.8earthWindow.jpg	0	838269
1026	fileadmin/s-maj/images/BilderMaja/2006AlchemyBar/	robodock06_0020.jpg	0	746927
1027	fileadmin/s-maj/images/BilderMaja/2006AlchemyBar/	4.5fireEternal3.jpg	0	580075
1028	fileadmin/s-maj/images/BilderMaja/2006AlchemyBar/	alex_bar02.jpg	0	602306
1029	fileadmin/s-maj/images/BilderMaja/2006AlchemyBar/	3.2waterMachine1.jpg	0	562205
1030	fileadmin/s-maj/images/BilderMaja/2006AlchemyBar/	2.7earthGlas2.jpg	0	791841
1031	fileadmin/s-maj/images/BilderMaja/2006AlchemyBar/	1.2airCentral.jpg	0	676269
1032	fileadmin/s-maj/images/BilderMaja/2006AlchemyBar/	3.0waterTotale.jpg	0	605372
1033	fileadmin/s-maj/images/BilderMaja/2006AlchemyBar/	robodock06_0152.jpg	0	897680
1034	fileadmin/s-maj/images/BilderMaja/2006AlchemyBar/	1.3airBird1.jpg	0	406504
1035	fileadmin/s-maj/images/BilderMaja/2006AlchemyBar/	robodock06_0095.jpg	0	792379
1036	fileadmin/s-maj/images/BilderMaja/2006AlchemyBar/	1.1airTotale.jpg	0	666941
1037	fileadmin/s-maj/images/BilderMaja/2006AlchemyBar/	2.1earthTotale.jpg	0	590300
1038	fileadmin/s-maj/images/BilderMaja/2006AlchemyBar/	3.5waterSide1.jpg	0	522505
1039	fileadmin/s-maj/images/BilderMaja/2006AlchemyBar/	2.4earthSide1.jpg	0	466361
1040	fileadmin/s-maj/images/BilderMaja/2006AlchemyBar/	robodock06_133.jpg	0	773580
1041	fileadmin/s-maj/images/BilderMaja/2006AlchemyBar/	1.8airSide3.jpg	0	760700
1042	fileadmin/s-maj/images/BilderMaja/2006AlchemyBar/	robodock06_0105.jpg	0	690168
1043	fileadmin/s-maj/images/BilderMaja/2006AlchemyBar/	4.2fireEternal1.jpg	0	522624
1044	fileadmin/s-maj/images/BilderMaja/2006AlchemyBar/	1.5airBird3.jpg	0	574572
1045	fileadmin/s-maj/images/BilderMaja/2006AlchemyBar/	2.2earthSandwatch1.jpg	0	500189
1046	fileadmin/s-maj/images/BilderMaja/2006AlchemyBar/	robodock06_0097.jpg	0	707222
1047	fileadmin/s-maj/images/BilderMaja/2006AlchemyBar/	alex_bar25.jpg	0	684982
1048	fileadmin/s-maj/images/BilderMaja/2006AlchemyBar/	4.8snake3.jpg	1	534652
1049	fileadmin/s-maj/images/BilderMaja/2006AlchemyBar/	snakeAction.jpg	0	122094
1050	fileadmin/s-maj/images/BilderMaja/2006AlchemyBar/	alex_bar04.jpg	0	712700
1051	fileadmin/s-maj/images/BilderMaja/2006AlchemyBar/	alex_bar07.jpg	0	584529
1052	fileadmin/s-maj/images/BilderMaja/2006AlchemyBar/	alex_bar19.jpg	0	741813
1053	fileadmin/s-maj/images/BilderMaja/2006AlchemyBar/	alex_bar21.jpg	0	721344
1054	fileadmin/s-maj/images/BilderMaja/2006AlchemyBar/	alex_bar26.jpg	0	620508
1055	fileadmin/s-maj/images/BilderMaja/2006AlchemyBar/	robodock06_0025.jpg	0	596124
1056	fileadmin/s-maj/images/BilderMaja/2006AlchemyBar/	robodock06_0029.jpg	0	630972
1057	fileadmin/s-maj/images/BilderMaja/2006AlchemyBar/	robodock06_0145.jpg	0	851983
1058	fileadmin/s-maj/images/BilderMaja/2003CasinoGitano/	portrait.jpg	0	787224
1059	fileadmin/s-maj/images/BilderMaja/2003CasinoGitano/	loubiportrait.jpg	0	416645
1060	fileadmin/s-maj/images/BilderMaja/2003CasinoGitano/	franki.jpg	1	395695
1061	fileadmin/s-maj/images/BilderMaja/2003CasinoGitano/	carmenetcristina.jpg	0	635375
1062	fileadmin/s-maj/images/BilderMaja/2003CasinoGitano/	thierry.jpg	0	688331
1063	fileadmin/s-maj/images/BilderMaja/2003CasinoGitano/	chorus.jpg	1	339787
1064	fileadmin/s-maj/images/BilderMaja/2003CasinoGitano/	band_kai.jpg	1	229703
1065	fileadmin/s-maj/images/BilderMaja/2003CasinoGitano/	cabaret2.jpg	1	803112
1066	fileadmin/s-maj/images/BilderMaja/2003CasinoGitano/	franky.jpg	0	600565
1067	fileadmin/s-maj/images/BilderMaja/2003CasinoGitano/	frankypolice.jpg	0	275915
1068	fileadmin/s-maj/images/BilderMaja/2003CasinoGitano/	band.jpg	0	667229
1069	fileadmin/s-maj/images/BilderMaja/2003CasinoGitano/	thierryaction.jpg	1	314102
1070	fileadmin/s-maj/images/BilderMaja/2003CasinoGitano/	band_tableau.jpg	0	78834
1071	fileadmin/s-maj/images/BilderMaja/2003CasinoGitano/	majaflute.jpg	1	791097
1072	fileadmin/s-maj/images/BilderMaja/2003CasinoGitano/	clemi.jpg	0	654082
1073	fileadmin/s-maj/images/BilderMaja/2003CasinoGitano/	ibana.jpg	0	658768
1074	fileadmin/s-maj/images/BilderMaja/2003CasinoGitano/	hanna.jpg	1	237437
1075	fileadmin/s-maj/images/BilderMaja/2003CasinoGitano/	bl_ser.jpg	1	769818
1076	fileadmin/s-maj/images/BilderMaja/2003CasinoGitano/	xtanz3.jpg	1	1392766
1077	fileadmin/s-maj/images/BilderMaja/2003CasinoGitano/	ulli.jpg	1	654274
1078	fileadmin/s-maj/images/BilderMaja/2003CasinoGitano/	anna.jpg	0	471385
1079	fileadmin/s-maj/images/BilderMaja/2003CasinoGitano/	oli.jpg	1	852230
1080	fileadmin/s-maj/images/BilderMaja/2003CasinoGitano/	carmen_anna.jpg	0	836876
1081	fileadmin/s-maj/images/BilderMaja/2003CasinoGitano/	carmendance.jpg	0	662520
1082	fileadmin/s-maj/images/BilderMaja/2003CasinoGitano/	step2.jpg	1	594684
1083	fileadmin/s-maj/images/BilderMaja/2003CasinoGitano/	xumkleid6.jpg	1	1044827
1084	fileadmin/s-maj/images/BilderMaja/2003CasinoGitano/	olii.jpg	0	593491
1085	fileadmin/s-maj/images/page/	flame2.gif	0	11347
1086	fileadmin/s-maj/images/page/	flame2.png	0	30983
1087	fileadmin/s-maj/images/page/	niete1.gif	0	1962
1088	fileadmin/s-maj/images/page/	webSecond2seamless.jpg	0	441432
1089	fileadmin/s-maj/images/page/	niete2.png	0	4525
1090	fileadmin/s-maj/images/page/	majaexpl1.gif	0	9779
1091	fileadmin/s-maj/images/page/	flame1.gif	0	19826
1092	fileadmin/s-maj/images/page/	niete2.gif	0	1709
1093	fileadmin/s-maj/images/page/	webSecond2seamless-2.jpg	0	185108
1094	fileadmin/s-maj/images/page/	majaexpl1_01.gif	1	9779
1095	fileadmin/s-maj/tpl/	tablett2.css	0	2314
1096	fileadmin/s-maj/tpl/	template3.htm	0	2194
1097	fileadmin/s-maj/tpl/	template-d2.htm	0	2085
1098	fileadmin/s-maj/tpl/	tablettborder.css	0	860
1099	fileadmin/s-maj/images/BilderMaja/2007WheelOfPower/	22_june__170_.jpg	0	790785
1100	fileadmin/s-maj/images/BilderMaja/2007WheelOfPower/	img_0900.jpg	0	521542
1101	fileadmin/s-maj/images/BilderMaja/2007WheelOfPower/	img_1118.jpg	0	708439
1102	fileadmin/s-maj/images/BilderMaja/2007WheelOfPower/	premiere_037.jpg	0	490960
1103	fileadmin/s-maj/images/BilderMaja/2007WheelOfPower/	zaterdag_performance_231.jpg	0	709169
1104	fileadmin/s-maj/images/BilderMaja/2007WheelOfPower/	zaterdag_performance_192.jpg	0	713908
1105	fileadmin/s-maj/images/BilderMaja/2007WheelOfPower/	img_1072.jpg	0	727361
1106	fileadmin/s-maj/images/BilderMaja/2007WheelOfPower/	img_0054.jpg	0	486566
1107	fileadmin/s-maj/images/BilderMaja/2007WheelOfPower/	zaterdag_performance_187.jpg	0	582348
1108	fileadmin/s-maj/images/BilderMaja/2007WheelOfPower/	luca.jpg	0	553664
1109	fileadmin/s-maj/images/BilderMaja/2007WheelOfPower/	21_juni_2007__193_.jpg	0	720304
1110	fileadmin/s-maj/images/BilderMaja/2007WheelOfPower/	20_june_07__134_.jpg	0	306949
1111	fileadmin/s-maj/images/BilderMaja/2007WheelOfPower/	zaterdag_performance_188.jpg	0	657538
1112	fileadmin/s-maj/images/BilderMaja/2007WheelOfPower/	thursday_512.jpg	0	653180
1113	fileadmin/s-maj/images/BilderMaja/2007WheelOfPower/	img_1071.jpg	0	734539
1114	fileadmin/s-maj/images/BilderMaja/2007WheelOfPower/	premiere_023.jpg	0	765068
1115	fileadmin/s-maj/images/BilderMaja/2007WheelOfPower/	img_0013.jpg	0	645312
1116	fileadmin/s-maj/images/BilderMaja/2007WheelOfPower/	22_june_07_069.jpg	0	829081
1117	fileadmin/s-maj/images/BilderMaja/2007WheelOfPower/	31_july__42_.jpg	0	615702
1118	fileadmin/s-maj/images/BilderMaja/2007WheelOfPower/	23_juni__12_.jpg	0	751761
1119	fileadmin/s-maj/images/BilderMaja/2007WheelOfPower/	zaterdag_performance_291.jpg	0	693385
1120	fileadmin/s-maj/images/BilderMaja/2007WheelOfPower/	zaterdag_performance_222.jpg	0	511457
1121	fileadmin/s-maj/images/BilderMaja/2007WheelOfPower/	zaterdag_performance_278.jpg	0	730445
1122	fileadmin/s-maj/images/BilderMaja/2007WheelOfPower/	23_juni__11_.jpg	0	288411
1123	fileadmin/s-maj/images/BilderMaja/2007WheelOfPower/	img_1108.jpg	0	708519
1124	fileadmin/s-maj/images/BilderMaja/2007WheelOfPower/	21_juni_2007__26_.jpg	0	441255
1125	fileadmin/s-maj/images/BilderMaja/2007WheelOfPower/	thursday_563.jpg	0	716066
1126	fileadmin/s-maj/images/BilderMaja/2007WheelOfPower/	fridayevening_682.jpg	0	756733
1127	fileadmin/s-maj/images/BilderMaja/2004Mantelheizung/	mantelzeichnung.jpg	0	348090
1128	fileadmin/s-maj/images/BilderMaja/2004Mantelheizung/	Mantelzeichnung2.jpg	0	421317
1129	fileadmin/s-maj/tpl/	templatediv1.htm	0	950
1130	fileadmin/s-maj/tpl/	template5.htm	0	1996
1131	fileadmin/s-maj/tpl/	design2.css	0	2175
1132	fileadmin/s-maj/images/BilderMaja/presse/	1998_bimbotown2.jpg	0	763641
1133	fileadmin/s-maj/images/BilderMaja/presse/	2004_casino3.jpg	0	796778
1134	fileadmin/s-maj/images/BilderMaja/presse/	1998_Leipzig_bimbotown.jpg	0	565254
1135	fileadmin/s-maj/images/BilderMaja/presse/	2004_casino2.jpg	0	508321
1136	fileadmin/s-maj/images/BilderMaja/presse/	2004_casino1.jpg	0	699298
1137	fileadmin/s-maj/images/BilderMaja/presse/	2004_casino2_01.jpg	1	508321
1138	fileadmin/s-maj/images/BilderMaja/presse/	1996_ru7.jpg	0	595421
1139	fileadmin/s-maj/images/BilderMaja/presse/	1995_denhaag2.jpg	0	987954
1140	fileadmin/s-maj/images/BilderMaja/presse/	2002_elxt4.jpg	0	685070
1141	fileadmin/s-maj/images/BilderMaja/presse/	1994_felix_regula.jpg	0	880253
1142	fileadmin/s-maj/images/BilderMaja/presse/	1993_wohlgrott.jpg	0	635035
1143	fileadmin/s-maj/images/BilderMaja/presse/	1996_ru4.jpg	0	563255
1144	fileadmin/s-maj/images/BilderMaja/presse/	1995_Rock-preis.jpg	0	278113
1145	fileadmin/s-maj/images/BilderMaja/presse/	1996_ru3.jpg	0	998427
1146	fileadmin/s-maj/images/BilderMaja/presse/	1996_ru-ubersetzungen.jpg	0	300377
1147	fileadmin/s-maj/images/BilderMaja/presse/	ru6.jpg	0	584677
1148	fileadmin/s-maj/images/BilderMaja/presse/	1995_ew7.jpg	0	464045
1149	fileadmin/s-maj/images/BilderMaja/presse/	1998_Leipzig_bimbotown_01.jpg	1	565254
1150	fileadmin/s-maj/images/BilderMaja/presse/	1995_ew5.jpg	0	1864309
1151	fileadmin/s-maj/images/BilderMaja/presse/	1993_wohlgrott2.jpg	0	421415
1152	fileadmin/s-maj/images/BilderMaja/presse/	felix_regula2.jpg	0	692778
1153	fileadmin/s-maj/images/BilderMaja/presse/	1998_bimbotown2_01.jpg	1	763641
1154	fileadmin/s-maj/images/BilderMaja/presse/	2004_casino1_01.jpg	1	699298
1155	fileadmin/s-maj/images/BilderMaja/presse/	2003_sihlpapier.jpg	0	495618
1156	fileadmin/s-maj/images/BilderMaja/presse/	2003_Elxt5.jpg	0	693970
1157	fileadmin/s-maj/images/BilderMaja/presse/	1995_felix_regula3.jpg	0	599947
1158	fileadmin/s-maj/images/BilderMaja/presse/	1996_ru1.jpg	0	950811
1159	fileadmin/s-maj/images/BilderMaja/presse/	1995_ew2.jpg	0	762259
1160	fileadmin/s-maj/images/BilderMaja/presse/	1995_ew6.jpg	0	542455
1161	fileadmin/s-maj/images/BilderMaja/presse/	1995_ew1.jpg	0	589921
1162	fileadmin/s-maj/images/BilderMaja/presse/	2001_ELXT1.jpg	0	462980
1163	fileadmin/s-maj/images/BilderMaja/presse/	2002_elxt3.jpg	0	429132
1164	fileadmin/s-maj/images/BilderMaja/presse/	2001_Elxt2.jpg	0	1052910
1165	fileadmin/s-maj/images/BilderMaja/presse/	1996_ru-presseerklarung.jpg	0	500710
1166	fileadmin/s-maj/images/BilderMaja/presse/	1999_pfae1.jpg	0	736749
1167	fileadmin/s-maj/images/BilderMaja/presse/	1994_prag.jpg	0	372215
1168	fileadmin/s-maj/images/BilderMaja/presse/	1995_ew4.jpg	0	739753
1169	fileadmin/s-maj/images/BilderMaja/presse/	1995ew3.jpg	0	748420
1170	fileadmin/s-maj/images/BilderMaja/presse/	2004_casino3_01.jpg	1	796778
1171	fileadmin/s-maj/images/BilderMaja/presse/	1996_ru2.jpg	0	465681
1172	fileadmin/s-maj/images/BilderMaja/presse/	1999_pfae3.jpg	0	740119
1173	fileadmin/s-maj/images/BilderMaja/presse/	1996_rueinladung.jpg	0	388138
1174	fileadmin/s-maj/images/BilderMaja/presse/	1999_pfae2.jpg	0	239777
1175	fileadmin/s-maj/images/BilderMaja/presse/	2006_Rdock1.jpg	0	674533
1176	fileadmin/s-maj/images/BilderMaja/presse/	2006_Rdock2.jpg	0	625465
1177	fileadmin/s-maj/images/BilderMaja/presse/	2006_rdock3.jpg	0	603406
1178	fileadmin/s-maj/images/BilderMaja/1997Xix/1996Eurokon/	novo2.jpg	1	189440
1179	fileadmin/s-maj/images/BilderMaja/1997Xix/1996Eurokon/	novo3.jpg	1	160957
1180	fileadmin/s-maj/images/BilderMaja/1997Xix/1996Eurokon/	nagel1.jpg	1	309360
1181	fileadmin/s-maj/images/BilderMaja/1997Xix/1996Eurokon/	nagel2.jpg	1	328261
1182	fileadmin/s-maj/images/BilderMaja/1997Xix/1996Eurokon/	eurokot.jpg	1	219063
1183	fileadmin/s-maj/images/BilderMaja/1997Xix/1996Eurokon/	adler1.jpg	1	296363
1184	fileadmin/s-maj/images/BilderMaja/1997Xix/1996Eurokon/	nagelSkizze.jpg	1	147568
1185	fileadmin/s-maj/images/BilderMaja/1997Xix/1996Eurokon/	nagel4.jpg	1	276448
1186	fileadmin/s-maj/images/BilderMaja/1997Xix/1996Eurokon/	novo1.jpg	1	247795
1187	fileadmin/s-maj/images/BilderMaja/1997Xix/1996Eurokon/	rumaschinenperf.jpg	1	2345856
1188	fileadmin/s-maj/images/BilderMaja/1997Xix/1996Eurokon/	nagel5.jpg	1	409313
1189	fileadmin/s-maj/images/BilderMaja/1997Xix/1996Eurokon/	ruperf3.jpg	1	178366
1190	fileadmin/s-maj/images/BilderMaja/1997Xix/1996Eurokon/	nagel3.jpg	1	293944
1191	fileadmin/s-maj/images/BilderMaja/1997Xix/1996Eurokon/	nagel6.jpg	1	228790
1192	fileadmin/s-maj/images/BilderMaja/1997Xix/1996Eurokon/	ruperf2.jpg	1	192365
1193	fileadmin/s-maj/images/BilderMaja/1997Xix/1996Eurokon/	novo4.jpg	1	168138
1194	fileadmin/s-maj/images/BilderMaja/1997Xix/1996Eurokon/	runagel.jpg	1	5655103
1195	fileadmin/s-maj/images/BilderMaja/1997Xix/1996Eurokon/	ruperfskizze.jpg	1	132258
1196	fileadmin/s-maj/images/BilderMaja/1997Xix/1996Eurokon/	ptomet1.jpg	1	159189
1197	fileadmin/s-maj/images/BilderMaja/1997Xix/1996Eurokon/	ruperf1.jpg	1	84598
1198	fileadmin/s-maj/images/BilderMaja/1997Xix/1996Eurokon/	ruadler.jpg	1	4627762
1199	fileadmin/s-maj/images/BilderMaja/1997Xix/1996Eurokon/	nagelkaefer.jpg	1	30485
1200	fileadmin/s-maj/images/BilderMaja/1997Xix/1996Eurokon/	ruperf5.jpg	1	87207
1201	fileadmin/s-maj/images/BilderMaja/1997Xix/1996Eurokon/	ruperf6.jpg	1	165471
1202	fileadmin/s-maj/images/BilderMaja/1996EurokonAllgemein/	ceramic1.jpg	1	1410057
1203	fileadmin/s-maj/images/BilderMaja/1996EurokonAllgemein/	novosibirsk1.jpg	1	813134
1204	fileadmin/s-maj/images/BilderMaja/1996EurokonAllgemein/	paintingNovoSibirsk.jpg	1	851845
1205	fileadmin/s-maj/images/BilderMaja/1996EurokonAllgemein/	ptomet1_01.jpg	1	430360
1206	fileadmin/s-maj/images/BilderMaja/1996EurokonAllgemein/	ptomet2.jpg	1	1214715
1207	fileadmin/s-maj/images/BilderMaja/1996EurokonAllgemein/	eeisen1.jpg	1	338076
1208	fileadmin/s-maj/images/BilderMaja/1996EurokonAllgemein/	eisen2.jpg	1	500204
1209	fileadmin/s-maj/images/BilderMaja/1996EurokonAllgemein/	eisen3.jpg	1	583326
1210	fileadmin/s-maj/images/BilderMaja/1996EurokonAllgemein/	eisen4.jpg	1	510030
1211	fileadmin/s-maj/images/BilderMaja/1997Xix/	eeisen1.jpg	0	338076
1212	fileadmin/s-maj/images/BilderMaja/1997Xix/	eisen2.jpg	0	500204
1213	fileadmin/s-maj/images/BilderMaja/1997Xix/	eisen3.jpg	0	583326
1214	fileadmin/s-maj/images/BilderMaja/1997Xix/	eisen4.jpg	1	510030
1215	fileadmin/s-maj/images/BilderMaja/presse/	2005_freeRadicalPula.jpg	0	508766
1216	fileadmin/s-maj/images/BilderMaja/1997Xix/	zoom3.jpg	0	230009
1217	fileadmin/s-maj/images/BilderMaja/1997Xix/	xixbar55.jpg	0	86346
1218	fileadmin/s-maj/images/BilderMaja/1997Xix/	sennhofbar2.jpg	0	435867
1219	fileadmin/s-maj/images/BilderMaja/1997Xix/	sennhof6.jpg	0	173030
1220	fileadmin/s-maj/images/BilderMaja/1997Xix/	zoom5.jpg	0	198184
1221	fileadmin/s-maj/images/BilderMaja/1997Xix/	zoom2.jpg	0	258232
1222	fileadmin/s-maj/images/BilderMaja/1997Xix/	zoom8.jpg	0	134991
1223	fileadmin/s-maj/images/BilderMaja/1997Xix/	zoom10.jpg	0	248063
1224	fileadmin/s-maj/images/BilderMaja/1997Xix/	zoom7.jpg	0	224746
1225	fileadmin/s-maj/images/BilderMaja/1997Xix/	sennhof7.jpg	0	185915
1226	fileadmin/s-maj/images/BilderMaja/1997Xix/	zoom9.jpg	0	97941
1227	fileadmin/s-maj/images/BilderMaja/1997Xix/	xixbar1.jpg	1	237988
1228	fileadmin/s-maj/images/BilderMaja/1997Xix/	sennhof5sw.jpg	0	107231
1229	fileadmin/s-maj/images/BilderMaja/1997Xix/	zoom4.jpg	0	238244
1230	fileadmin/s-maj/images/BilderMaja/1997Xix/	zoom6.jpg	0	219787
1231	fileadmin/s-maj/images/BilderMaja/1997Xix/	sennhofbar1.jpg	0	1017615
1232	fileadmin/s-maj/images/BilderMaja/1997Xix/	sennhof5.jpg	0	155393
1233	fileadmin/s-maj/images/BilderMaja/1997Xix/	Sennhof2.jpg	0	102747
1234	fileadmin/s-maj/images/BilderMaja/1997Xix/	sennhofbartotale.jpg	0	508388
1235	fileadmin/s-maj/images/BilderMaja/1997Xix/	sennhof6s_w.jpg	0	106649
1236	fileadmin/s-maj/images/BilderMaja/1997Xix/	eisen4.jpg	0	108327
1237	fileadmin/s-maj/images/BilderMaja/1997Xix/	eisen6.jpg	0	127294
1238	fileadmin/s-maj/images/BilderMaja/1997Xix/	eisen7.jpg	0	135657
1239	fileadmin/s-maj/images/BilderMaja/1995Eurokot/	disco.jpg	1	89775
1240	fileadmin/s-maj/images/BilderMaja/1995Eurokot/	dima.jpg	1	87554
1241	fileadmin/s-maj/images/BilderMaja/1995Eurokot/	russia.jpg	1	99836
1242	fileadmin/s-maj/images/BilderMaja/1995Eurokot/	russia2.jpg	1	92636
1243	fileadmin/s-maj/images/BilderMaja/1995Eurokot/	theEnd.jpg	1	159064
1244	fileadmin/s-maj/images/BilderMaja/1995Eurokot/	empty.jpg	1	76255
1245	fileadmin/s-maj/images/BilderMaja/1995EurokotXiX/	eisen3.jpg	0	583326
1246	fileadmin/s-maj/images/BilderMaja/1995EurokotXiX/	eurokot5.jpg	0	131756
1247	fileadmin/s-maj/images/BilderMaja/1995EurokotXiX/	eisen7.jpg	0	135657
1248	fileadmin/s-maj/images/BilderMaja/1995EurokotXiX/	eisen1.jpg	0	546535
1249	fileadmin/s-maj/images/BilderMaja/1995EurokotXiX/	eurokot15.jpg	0	236774
1250	fileadmin/s-maj/images/BilderMaja/1995EurokotXiX/	.DS_Store	1	6148
1251	fileadmin/s-maj/images/BilderMaja/1995EurokotXiX/	eisen4.jpg	0	108327
1252	fileadmin/s-maj/images/BilderMaja/1995EurokotXiX/	eurokot6.jpg	0	176988
1253	fileadmin/s-maj/images/BilderMaja/1995EurokotXiX/	eisen6.jpg	0	127294
1254	fileadmin/s-maj/images/BilderMaja/1995EurokotXiX/	eurokot38.jpg	0	187547
1255	fileadmin/s-maj/images/BilderMaja/1995EurokotXiX/	eurokot4.jpg	0	143531
1256	fileadmin/s-maj/images/BilderMaja/1995EurokotXiX/	eisen2.jpg	0	500204
1257	fileadmin/s-maj/images/BilderMaja/1995EurokotXiX/	eurokot8.jpg	0	196638
1258	fileadmin/s-maj/images/BilderMaja/1995EurokotXiX/	eurokot29_var.jpg	0	160679
1259	fileadmin/s-maj/images/BilderMaja/1995EurokotAllg/	kuh.jpg	0	217528
1260	fileadmin/s-maj/images/BilderMaja/1995EurokotAllg/	mutterana.jpg	0	167902
1261	fileadmin/s-maj/images/BilderMaja/1995EurokotAllg/	ru1.jpg	0	476086
1262	fileadmin/s-maj/images/BilderMaja/1995EurokotAllg/	hund.jpg	0	112441
1263	fileadmin/s-maj/images/BilderMaja/1995EurokotAllg/	pastor.jpg	0	192761
1264	fileadmin/s-maj/images/BilderMaja/1995EurokotAllg/	puppe.jpg	0	139993
1265	fileadmin/s-maj/images/BilderMaja/1995EurokotAllg/	box.jpg	0	136537
1266	fileadmin/s-maj/images/BilderMaja/1995EurokotAllg/	kiosk.jpg	0	188458
1267	fileadmin/s-maj/images/BilderMaja/1995EurokotAllg/	escher.jpg	0	1394371
1268	fileadmin/s-maj/images/BilderMaja/1995EurokotAllg/	.DS_Store	1	6148
1269	fileadmin/s-maj/images/BilderMaja/1995EurokotAllg/	novo1.jpg	0	192891
1270	fileadmin/s-maj/images/BilderMaja/1995EurokotAllg/	novo4.jpg	0	87906
1271	fileadmin/s-maj/images/BilderMaja/1995EurokotAllg/	s_ule.jpg	1	490449
1272	fileadmin/s-maj/images/BilderMaja/1995EurokotAllg/	novo2.jpg	0	65604
1273	fileadmin/s-maj/images/BilderMaja/1995EurokotAllg/	theEnd.jpg	0	159064
1274	fileadmin/s-maj/images/BilderMaja/1995EurokotAllg/	cleaning.jpg	0	160418
1275	fileadmin/s-maj/images/BilderMaja/1995EurokotAllg/	mischpult.jpg	0	168475
1276	fileadmin/s-maj/images/BilderMaja/1995EurokotAllg/	disco.jpg	0	89775
1277	fileadmin/s-maj/images/BilderMaja/1995EurokotAllg/	dottir.jpg	0	132322
1278	fileadmin/s-maj/images/BilderMaja/1995EurokotAllg/	mutterbau.jpg	0	165615
1279	fileadmin/s-maj/images/BilderMaja/1995EurokotAllg/	ru2.jpg	0	147249
1280	fileadmin/s-maj/images/BilderMaja/1995EurokotAllg/	Dima.jpg	0	128657
1281	fileadmin/s-maj/images/BilderMaja/1995EurokotAllg/	novo3.jpg	0	93720
1282	fileadmin/s-maj/images/BilderMaja/1995EurokotAllg/	empty.jpg	0	76255
1283	fileadmin/s-maj/images/BilderMaja/1995EurokotAllg/	robot.jpg	0	150012
1284	fileadmin/s-maj/images/BilderMaja/1995EurokotAllg/	lesung.jpg	0	149526
1285	fileadmin/s-maj/images/BilderMaja/1995EurokotAllg/	Viech.jpg	0	457444
1286	fileadmin/s-maj/images/BilderMaja/1995EurokotAllg/	mutter.jpg	0	134005
1287	fileadmin/s-maj/images/BilderMaja/1995EurokotAllg/	mutterEigang.jpg	0	216544
1288	fileadmin/s-maj/images/BilderMaja/	saeule.jpg	1	490449
1289	fileadmin/s-maj/images/BilderMaja/1995EurokotAllg/	saeule.jpg	0	490449
1290	fileadmin/s-maj/images/BilderMaja/1995EurokotAllg/	konzi.jpg	0	182638
1291	fileadmin/s-maj/images/BilderMaja/1995EurokotAllg/	wemean.jpg	0	163800
1292	fileadmin/s-maj/images/BilderMaja/1995EurokotAllg/	boniUbubi.jpg	0	137629
1293	fileadmin/s-maj/images/BilderMaja/1995EurokotAllg/	geputzt.jpg	0	143249
1294	fileadmin/s-maj/images/BilderMaja/1995EurokotAllg/	konzi2.jpg	0	143733
1295	fileadmin/s-maj/images/BilderMaja/1995EurokotAllg/	vendetta.jpg	0	130424
1296	fileadmin/s-maj/images/BilderMaja/1996EurokonAllg/	paintingNovoSibirsk.jpg	0	851845
1297	fileadmin/s-maj/images/BilderMaja/1996EurokonAllg/	btoMetSpiegel.jpg	0	181710
1298	fileadmin/s-maj/images/BilderMaja/1996EurokonAllg/	NovoExpo.jpg	0	180113
1299	fileadmin/s-maj/images/BilderMaja/1996EurokonAllg/	btoMetArbeiterin.jpg	0	165402
1300	fileadmin/s-maj/images/BilderMaja/1996EurokonAllg/	btoMetSchmelze.jpg	0	117115
1301	fileadmin/s-maj/images/BilderMaja/1996EurokonAllg/	NovoEagle.jpg	0	114602
1302	fileadmin/s-maj/images/BilderMaja/1996EurokonAllg/	rubberfactory.jpg	0	158968
1303	fileadmin/s-maj/images/BilderMaja/1996EurokonAllg/	novo3.jpg	0	159399
1304	fileadmin/s-maj/images/BilderMaja/1996EurokonAllg/	btoMetExpo.jpg	0	220093
1305	fileadmin/s-maj/images/BilderMaja/1996EurokonAllg/	btoMetBody.jpg	0	168432
1306	fileadmin/s-maj/images/BilderMaja/1996EurokonAllg/	crew1.jpg	0	116028
1307	fileadmin/s-maj/images/BilderMaja/1996EurokonAllg/	ptomet1.jpg	0	159189
1308	fileadmin/s-maj/images/BilderMaja/1996EurokonAllg/	novo4.jpg	0	168138
1309	fileadmin/s-maj/images/BilderMaja/1996EurokonAllg/	novosibirsk1.jpg	0	821509
1310	fileadmin/s-maj/images/BilderMaja/1996EurokonAllg/	btoMetSowjet.jpg	0	127744
1311	fileadmin/s-maj/images/BilderMaja/1996EurokonAllg/	ptomet2.jpg	0	1211363
1312	fileadmin/s-maj/images/BilderMaja/1996EurokonAllg/	GummiPaede.jpg	0	193070
1313	fileadmin/s-maj/images/BilderMaja/1996EurokonAllg/	ceramic1.jpg	0	1410057
1314	fileadmin/s-maj/images/BilderMaja/1996EurokonXiX/	15torsokran.jpg	0	138445
1315	fileadmin/s-maj/images/BilderMaja/1996EurokonXiX/	adler1.jpg	0	296363
1316	fileadmin/s-maj/images/BilderMaja/1996EurokonXiX/	ruadler.jpg	0	147553
1317	fileadmin/s-maj/images/BilderMaja/1996EurokonXiX/	runagel.jpg	0	5655103
1318	fileadmin/s-maj/images/BilderMaja/1996EurokonXiX/	nagelskizzebe.jpg	0	189452
1319	fileadmin/s-maj/images/BilderMaja/1996EurokonXiX/	novo2.jpg	0	189440
1320	fileadmin/s-maj/images/BilderMaja/1996EurokonXiX/	4torso.jpg	0	210326
1321	fileadmin/s-maj/images/BilderMaja/1996EurokonXiX/	2Torso.jpg	0	238189
1322	fileadmin/s-maj/images/BilderMaja/1996EurokonXiX/	10Torso.jpg	0	129453
1323	fileadmin/s-maj/images/BilderMaja/1996EurokonXiX/	nailedtanks1org.jpg	0	175359
1324	fileadmin/s-maj/images/BilderMaja/1996EurokonXiX/	nailedview.jpg	0	177992
1325	fileadmin/s-maj/images/BilderMaja/1996EurokonXiX/	13Torso.jpg	0	134859
1326	fileadmin/s-maj/images/BilderMaja/1996EurokonXiX/	11torso.jpg	0	172761
1327	fileadmin/s-maj/images/BilderMaja/1996EurokonXiX/	eurokot.jpg	0	219063
1328	fileadmin/s-maj/images/BilderMaja/1996EurokonXiX/	NovoExpo.jpg	0	180113
1329	fileadmin/s-maj/images/BilderMaja/1996EurokonXiX/	nailedliegend.jpg	0	283819
1330	fileadmin/s-maj/images/BilderMaja/1996EurokonXiX/	rumaschinenperf.jpg	0	121449
1331	fileadmin/s-maj/images/BilderMaja/1996EurokonXiX/	7Torso.jpg	0	141767
1332	fileadmin/s-maj/images/BilderMaja/1996EurokonXiX/	arbeit.jpg	0	168806
1333	fileadmin/s-maj/images/BilderMaja/1996EurokonXiX/	3torso.jpg	0	508331
1334	fileadmin/s-maj/images/BilderMaja/1996EurokonXiX/	.DS_Store	1	6148
1335	fileadmin/s-maj/images/BilderMaja/1996EurokonXiX/	nailedtanks3org.jpg	0	178136
1336	fileadmin/s-maj/images/BilderMaja/1996EurokonXiX/	1Eagle.jpg	0	125381
1337	fileadmin/s-maj/images/BilderMaja/1996EurokonXiX/	8Torso.jpg	0	165654
1338	fileadmin/s-maj/images/BilderMaja/1996EurokonXiX/	6Torso.jpg	0	143477
1339	fileadmin/s-maj/images/BilderMaja/1996EurokonXiX/	nailedTanks2org.jpg	0	166862
1340	fileadmin/s-maj/images/BilderMaja/1996EurokonXiX/	nailedtank.jpg	0	177168
1341	fileadmin/s-maj/images/BilderMaja/1996EurokonXiX/	NovoEagle.jpg	0	114602
1342	fileadmin/s-maj/images/BilderMaja/1996EurokonXiX/	5Torso.jpg	0	114157
1343	fileadmin/s-maj/images/BilderMaja/1996EurokonAllg/	NovoAtelier.jpg	0	205418
1344	fileadmin/s-maj/images/BilderMaja/1996EurokonAllg/	adler1.jpg	0	58038
1345	fileadmin/s-maj/images/BilderMaja/1996EurokonAllg/	eurokot.jpg	0	85020
1346	fileadmin/s-maj/images/BilderMaja/2003CasinoGitano/	vedholger.jpg	0	167760
1347	fileadmin/s-maj/images/BilderMaja/2003CasinoGitano/	thierryHolger.jpg	0	109548
1348	fileadmin/s-maj/images/BilderMaja/2003CasinoGitano/	chorusFR.jpg	0	165362
1349	fileadmin/s-maj/images/BilderMaja/2003CasinoGitano/	holgivlu.jpg	0	222102
1350	fileadmin/s-maj/images/BilderMaja/2003CasinoGitano/	maedels_.jpg	0	181023
1351	fileadmin/s-maj/images/BilderMaja/2003CasinoGitano/	akkordeon.jpg	0	226550
1352	fileadmin/s-maj/images/BilderMaja/2003CasinoGitano/	maisquenada.jpg	0	265028
1353	fileadmin/s-maj/images/BilderMaja/2003CasinoGitano/	guitareros.jpg	0	190632
1354	fileadmin/s-maj/images/BilderMaja/2003CasinoGitano/	frankiHanna.jpg	0	224659
1355	fileadmin/s-maj/images/BilderMaja/2003CasinoGitano/	legs.jpg	0	198087
1356	fileadmin/s-maj/images/BilderMaja/2003CasinoGitano/	thierryHotel.jpg	0	145142
1357	fileadmin/s-maj/images/BilderMaja/2003CasinoGitano/	ivSchminken.jpg	0	230050
1358	fileadmin/s-maj/images/BilderMaja/2003CasinoGitano/	backstage.jpg	0	163360
1359	fileadmin/s-maj/images/BilderMaja/2003CasinoGitano/	thierry2.jpg	0	158845
1360	fileadmin/s-maj/images/BilderMaja/2003CasinoGitano/	johnnyIv.jpg	0	119520
1361	fileadmin/s-maj/images/BilderMaja/2003CasinoGitano/	franki.jpg	0	188669
1362	fileadmin/s-maj/images/BilderMaja/2003CasinoGitano/	cuc.jpg	0	192803
1363	fileadmin/s-maj/images/BilderMaja/2003CasinoGitano/	ulli2.jpg	0	139409
1364	fileadmin/s-maj/images/BilderMaja/2003CasinoGitano/	hanna2.jpg	0	162435
1365	fileadmin/s-maj/images/BilderMaja/2003CasinoGitano/	robodock.jpg	0	163046
1366	fileadmin/s-maj/images/BilderMaja/2003CasinoGitano/	ullithierryholger.jpg	0	217316
1367	fileadmin/s-maj/images/BilderMaja/2003CasinoGitano/	methierry.jpg	0	192278
1368	fileadmin/s-maj/images/BilderMaja/2003CasinoGitano/	me.jpg	0	276997
1369	fileadmin/s-maj/images/BilderMaja/2003CasinoGitano/	pieds.jpg	0	108805
1370	fileadmin/s-maj/images/BilderMaja/2003CasinoGitano/	blaeser.jpg	0	216719
1371	fileadmin/s-maj/images/BilderMaja/2003CasinoGitano/	publikum.jpg	0	224943
1372	fileadmin/s-maj/images/BilderMaja/2003CasinoGitano/	hannaFramed.jpg	0	128994
1373	fileadmin/s-maj/images/BilderMaja/2003CasinoGitano/	theclan2.jpg	0	211877
1374	fileadmin/s-maj/images/BilderMaja/2003CasinoGitano/	lubirdock.jpg	0	186442
1375	fileadmin/s-maj/images/BilderMaja/1998Dorfbachschiff/	s4.jpg	0	111087
1376	fileadmin/s-maj/images/BilderMaja/1998Dorfbachschiff/	S5.jpg	0	90178
1377	fileadmin/s-maj/images/BilderMaja/1998Dorfbachschiff/	S6.jpg	0	111053
1378	fileadmin/s-maj/images/BilderMaja/2003ForgetMeNot/	forgetmenot.jpg	0	82811
1379	fileadmin/s-maj/images/BilderMaja/2007WheelOfPower/	IMG_1066.jpg	0	235980
1380	fileadmin/s-maj/images/BilderMaja/2007WheelOfPower/	23-juni-_2_-338.jpg	0	37811
1381	fileadmin/s-maj/images/BilderMaja/2007WheelOfPower/	21-juni-2007-_129_.jpg	0	226567
1382	fileadmin/s-maj/images/BilderMaja/2007WheelOfPower/	IMG_0736.jpg	0	193145
1383	fileadmin/s-maj/images/BilderMaja/2007WheelOfPower/	saturday-28-juli-068-crop-2.jpg	0	119677
1384	fileadmin/s-maj/images/BilderMaja/2007WheelOfPower/	22-june-_224_.jpg	0	83488
1385	fileadmin/s-maj/images/BilderMaja/2007WheelOfPower/	premiere-060.jpg	0	188723
1386	fileadmin/s-maj/images/BilderMaja/2007WheelOfPower/	21-juni-2007-_260_.jpg	0	137580
1387	fileadmin/s-maj/images/BilderMaja/2007WheelOfPower/	premiere-086.jpg	0	213875
1388	fileadmin/s-maj/images/BilderMaja/2007WheelOfPower/	21-june-01-_111_.jpg	0	70758
1389	fileadmin/s-maj/images/BilderMaja/2007WheelOfPower/	thursday-034.jpg	0	178014
1390	fileadmin/s-maj/images/BilderMaja/2007WheelOfPower/	saturday-28-juli-120.jpg	0	78229
1391	fileadmin/s-maj/images/BilderMaja/2007WheelOfPower/	sundayevening-377-bew.jpg	0	167521
1392	fileadmin/s-maj/images/BilderMaja/2007WheelOfPower/	saturday-28-juli-025-crop.jpg	0	111902
1393	fileadmin/s-maj/images/BilderMaja/2007WheelOfPower/	premiere-115.jpg	0	130280
1394	fileadmin/s-maj/images/BilderMaja/2007WheelOfPower/	premiere-066.jpg	0	239186
1395	fileadmin/s-maj/images/BilderMaja/2007WheelOfPower/	zaterdag-performance-013-cr.jpg	0	154168
1396	fileadmin/s-maj/images/BilderMaja/2007WheelOfPower/	IMG_1069.jpg	0	225298
1397	fileadmin/s-maj/images/BilderMaja/2007WheelOfPower/	IMG_1078.jpg	0	113898
1398	fileadmin/s-maj/images/BilderMaja/2006AlchemyBar/	2007_Die-Reinpfalz.jpg	1	458626
1399	fileadmin/s-maj/images/BilderMaja/2006AlchemyBar/	2007_Mannheimer-Morgen.jpg	1	440688
1400	fileadmin/s-maj/images/BilderMaja/2006AlchemyBar/	2007_Rein-Neckar-Zeitung.jpg	1	469340
1401	fileadmin/s-maj/images/BilderMaja/presse/	2007_Die-Reinpfalz.jpg	0	458626
1402	fileadmin/s-maj/images/BilderMaja/presse/	2007_Mannheimer-Morgen.jpg	0	440688
1403	fileadmin/s-maj/images/BilderMaja/presse/	2007_Rein-Neckar-Zeitung.jpg	0	469340
1404	fileadmin/s-maj/images/BilderMaja/2005TheWhale/	whale-model-med__.jpg	0	45344
1405	fileadmin/s-maj/images/BilderMaja/2005TheWhale/	top1001-Kopie-2.jpg	0	47273
1406	fileadmin/s-maj/images/BilderMaja/2005TheWhale/	builduptec.jpg	0	98859
1407	fileadmin/s-maj/images/BilderMaja/2005TheWhale/	brain111.jpg	0	110006
1408	fileadmin/s-maj/images/BilderMaja/2005TheWhale/	up_far.jpg	0	45036
1409	fileadmin/s-maj/images/BilderMaja/2005TheWhale/	side11.jpg	0	31679
1410	fileadmin/s-maj/images/BilderMaja/2005TheWhale/	Structure_bassin.jpg	0	100218
1411	fileadmin/s-maj/images/BilderMaja/2005TheWhale/	form32.jpg	0	41648
1412	fileadmin/s-maj/images/BilderMaja/2005TheWhale/	model_1-10_persp_.jpg	0	86005
1413	fileadmin/s-maj/images/BilderMaja/2005TheWhale/	brainBoth.jpg	0	90702
1414	fileadmin/s-maj/images/BilderMaja/2005TheWhale/	persp_backback.jpg	0	65479
1415	fileadmin/s-maj/images/BilderMaja/2005TheWhale/	desertframe.jpg	0	68313
1416	fileadmin/s-maj/images/BilderMaja/2005TheWhale/	tongue____________.jpg	0	79717
1417	fileadmin/s-maj/images/BilderMaja/2005TheWhale/	Muscle_studies.jpg	0	206881
1418	fileadmin/s-maj/images/BilderMaja/2005TheWhale/	workState1_100.jpg	0	32494
1419	fileadmin/s-maj/images/BilderMaja/2005TheWhale/	18BRAIN1.jpg	0	108047
1420	fileadmin/s-maj/images/BilderMaja/2005TheWhale/	form_studies22.jpg	0	84380
1421	fileadmin/s-maj/images/BilderMaja/2005TheWhale/	14LUNGS1.jpg	0	89479
1422	fileadmin/s-maj/images/BilderMaja/2005TheWhale/	15LUNGS2.jpg	0	86783
1423	fileadmin/s-maj/images/BilderMaja/2005TheWhale/	19BRAIN2.jpg	0	85455
1424	fileadmin/s-maj/images/BilderMaja/2005TheWhale/	Totaleauschnit2DOKU.jpg	0	127391
1425	fileadmin/s-maj/images/BilderMaja/2005TheWhale/	newyork.jpg	0	202481
1426	fileadmin/s-maj/images/BilderMaja/2005TheWhale/	20DOOR.jpg	0	109197
1427	fileadmin/s-maj/images/BilderMaja/2005TheWhale/	16HEART1.jpg	0	100961
1428	fileadmin/s-maj/images/BilderMaja/2005TheWhale/	brain_sheet.jpg	0	120067
1429	fileadmin/s-maj/images/BilderMaja/2005TheWhale/	10TAILmovement.jpg	0	96623
1430	fileadmin/s-maj/images/BilderMaja/2005TheWhale/	nightvision.jpg	0	26508
1431	fileadmin/s-maj/images/BilderMaja/2005TheWhale/	hipbone_backview.jpg	0	45481
1432	fileadmin/s-maj/images/BilderMaja/2005TheWhale/	8TAIL.jpg	0	104883
1433	fileadmin/s-maj/images/BilderMaja/2005TheWhale/	17HEART2.jpg	0	71543
1434	fileadmin/s-maj/images/BilderMaja/2005TheWhale/	9ENTRANCE.jpg	0	92030
1435	fileadmin/s-maj/images/BilderMaja/2005TheWhale/	nearbackview.jpg	0	68513
1436	fileadmin/s-maj/images/BilderMaja/2005TheWhale/	Totaleauschnit1DOKU.jpg	0	141752
1437	fileadmin/s-maj/images/BilderMaja/2005TheWhale/	4MODEL.jpg	0	86113
1438	fileadmin/s-maj/images/BilderMaja/2005TheWhale/	Movementstudies3.jpg	0	93371
1439	fileadmin/s-maj/images/BilderMaja/concepts/	elxt.jpg	0	158139
1440	fileadmin/s-maj/images/BilderMaja/concepts/	Lampen2.jpg	0	155946
1441	fileadmin/s-maj/images/BilderMaja/2007 handofman/	IMG_1052.jpg	1	110656
1442	fileadmin/s-maj/images/BilderMaja/2007 handofman/	IMG_1036.jpg	1	122561
1443	fileadmin/s-maj/images/BilderMaja/2007 handofman/	IMG_1017.jpg	1	130951
1444	fileadmin/s-maj/images/BilderMaja/2007 handofman/	.DS_Store	1	6148
1445	fileadmin/s-maj/images/BilderMaja/2007 handofman/	IMG_1050.jpg	1	128423
1446	fileadmin/s-maj/images/BilderMaja/2007 handofman/	IMG_1066.jpg	1	196126
1447	fileadmin/s-maj/images/BilderMaja/2007 handofman/	IMG_1045.jpg	1	140740
1448	fileadmin/s-maj/images/BilderMaja/2007 handofman/	IMG_1023.jpg	1	189663
1449	fileadmin/s-maj/images/BilderMaja/2007 handofman/	IMG_1082.jpg	1	142038
1450	fileadmin/s-maj/images/BilderMaja/2007 handofman/	IMG_1008.jpg	1	118470
1451	fileadmin/s-pf/images/Show/	kriegerfeuer.jpg	0	48096
1452	fileadmin/s-maj/images/BilderMaja/1997Bagger/	baggerthumb.jpg	0	256225
1453	fileadmin/s-maj/images/BilderMaja/thumbs/	casinothumb.jpg	1	221538
1454	fileadmin/s-maj/images/BilderMaja/thumbs/	troythumb.jpg	1	358441
1455	fileadmin/s-maj/images/BilderMaja/thumbs/	elxtthumb.jpg	1	312646
1456	fileadmin/s-maj/images/BilderMaja/thumbs/	freerthumb.jpg	1	207237
1457	fileadmin/s-maj/images/BilderMaja/thumbs/	baggerthumb.jpg	1	256225
1458	fileadmin/s-maj/images/BilderMaja/thumbs/	eurokonthumb.jpg	1	271589
1459	fileadmin/s-maj/images/BilderMaja/thumbs/	eurokotthumb.jpg	1	301522
1460	fileadmin/s-maj/images/BilderMaja/thumbs/	sihlpapierthumb.jpg	1	256178
1461	fileadmin/s-maj/images/BilderMaja/2001Elxt90/	ignition_lugano.jpg	0	267633
1462	fileadmin/s-maj/images/BilderMaja/2001Elxt90/	ignition_roma.jpg	0	154653
1463	fileadmin/s-maj/images/BilderMaja/2002FreeRSpannwerk/	pula.jpg	0	145346
1464	fileadmin/s-maj/images/BilderMaja/2003CasinoGitano/	baggerth2.jpg	1	166741
1465	fileadmin/s-maj/images/BilderMaja/2003CasinoGitano/	elxtthumb1.jpg	1	173306
1466	fileadmin/s-maj/images/BilderMaja/2003CasinoGitano/	freerth1.jpg	1	166155
1467	fileadmin/s-maj/images/BilderMaja/2003CasinoGitano/	troyth1.jpg	1	243577
1468	fileadmin/s-maj/images/BilderMaja/2003CasinoGitano/	casinth.jpg	1	108277
1469	fileadmin/s-maj/images/BilderMaja/thumbs/	eurokotth1.psd	1	6660103
1470	fileadmin/s-maj/images/BilderMaja/thumbs/	eurokonth1.jpg	1	176965
1471	fileadmin/s-maj/images/BilderMaja/thumbs/	sihlth1.jpg	1	164966
1472	fileadmin/s-maj/images/BilderMaja/thumbs/	sihlth1_01.jpg	1	164966
1473	fileadmin/s-maj/images/BilderMaja/thumbs/	eurokotth1.jpg	1	220614
1474	fileadmin/s-maj/images/BilderMaja/thumbs/	alchemy1.jpg	1	141006
1475	fileadmin/s-maj/images/BilderMaja/thumbs/	dorfbach1.jpg	1	68461
1476	fileadmin/s-maj/images/BilderMaja/thumbs/	geier1.jpg	1	69681
1477	fileadmin/s-maj/images/BilderMaja/thumbs/	xixru1.psd	1	12950236
1478	fileadmin/s-maj/images/BilderMaja/thumbs/	xixbar1.jpg	1	110823
1479	fileadmin/s-maj/images/BilderMaja/thumbs/	xixesch1.jpg	1	178693
1480	fileadmin/s-maj/images/BilderMaja/thumbs/	xixru1.jpg	1	158977
1481	fileadmin/s-maj/images/BilderMaja/thumbs/	derevo1.jpg	1	170524
1482	fileadmin/s-maj/images/BilderMaja/thumbs/	forget1.jpg	1	146102
1483	fileadmin/s-maj/images/BilderMaja/thumbs/	hand1.jpg	1	173981
1484	fileadmin/s-maj/images/BilderMaja/thumbs/	mantel1.jpg	1	175868
1485	fileadmin/s-maj/images/BilderMaja/thumbs/	casins2.jpg	1	137920
1486	fileadmin/s-maj/images/BilderMaja/thumbs/	elxt2th.jpg	1	227112
1487	fileadmin/s-maj/images/BilderMaja/thumbs/	baggerth1.jpg	1	219261
1488	fileadmin/s-maj/images/BilderMaja/thumbs/	freerth2.jpg	1	166213
1489	fileadmin/s-maj/images/BilderMaja/thumbs/	elxtth3.jpg	1	171841
1490	fileadmin/s-maj/images/BilderMaja/thumbs/	mantelth2.jpg	1	146592
1491	fileadmin/s-maj/images/BilderMaja/thumbs/	akwath1.jpg	1	171698
1492	fileadmin/s-maj/images/BilderMaja/thumbs/	berth1.jpg	1	200493
1493	fileadmin/s-maj/images/BilderMaja/thumbs/	dolceth1.jpg	1	140440
1494	fileadmin/s-maj/images/BilderMaja/thumbs/	firefr2.jpg	1	75344
1495	fileadmin/s-maj/images/BilderMaja/thumbs/	felixth1.jpg	1	279225
1496	fileadmin/s-maj/images/BilderMaja/thumbs/	wohlth1.jpg	1	221146
1497	fileadmin/s-maj/images/BilderMaja/thumbs/	mantelzeich.jpg	1	99880
1498	fileadmin/s-maj/images/BilderMaja/thumbs/	punkroidth2.jpg	1	179124
1499	fileadmin/s-maj/images/BilderMaja/thumbs/	travel.jpg	1	259467
1500	fileadmin/s-maj/images/BilderMaja/thumbs/	dj.jpg	1	127871
1501	fileadmin/s-maj/images/BilderMaja/thumbs/	firfr2.jpg	1	65302
1502	fileadmin/s-maj/images/BilderMaja/thumbs/	yke.jpg	1	91887
1503	fileadmin/s-maj/images/BilderMaja/thumbs/	malagath1.jpg	1	179905
1504	fileadmin/s-maj/images/BilderMaja/thumbs/	thewhaleth.jpg	1	102807
1505	fileadmin/s-maj/images/BilderMaja/thumbs/	akwath2.jpg	1	98463
1506	fileadmin/s-maj/images/BilderMaja/thumbs/	conceotth2.jpg	1	117604
1507	fileadmin/s-maj/images/BilderMaja/thumbs/thumbssmall/	elxtthumb1.jpg	0	77285
1508	fileadmin/s-maj/images/BilderMaja/thumbs/thumbssmall/	xixbar1.jpg	0	58360
1509	fileadmin/s-maj/images/BilderMaja/thumbs/thumbssmall/	alchemy1.jpg	0	71736
1510	fileadmin/s-maj/images/BilderMaja/thumbs/thumbssmall/	xixesch1.jpg	0	73365
1511	fileadmin/s-maj/images/BilderMaja/thumbs/thumbssmall/	eurokotth1.jpg	0	60618
1512	fileadmin/s-maj/images/BilderMaja/thumbs/thumbssmall/	thewhaleth.jpg	0	60032
1513	fileadmin/s-maj/images/BilderMaja/thumbs/thumbssmall/	sihlth1.jpg	0	67836
1514	fileadmin/s-maj/images/BilderMaja/thumbs/thumbssmall/	elxtth3.jpg	0	78136
1515	fileadmin/s-maj/images/BilderMaja/thumbs/thumbssmall/	geier1.jpg	0	43728
1516	fileadmin/s-maj/images/BilderMaja/thumbs/thumbssmall/	derevo1.jpg	0	79859
1517	fileadmin/s-maj/images/BilderMaja/thumbs/thumbssmall/	xixru2.jpg	0	83805
1518	fileadmin/s-maj/images/BilderMaja/thumbs/thumbssmall/	hand1.jpg	0	85793
1519	fileadmin/s-maj/images/BilderMaja/thumbs/thumbssmall/	berth1.jpg	0	89483
1520	fileadmin/s-maj/images/BilderMaja/thumbs/thumbssmall/	forget1.jpg	0	79537
1521	fileadmin/s-maj/images/BilderMaja/thumbs/thumbssmall/	punkroidth2.jpg	0	81071
1522	fileadmin/s-maj/images/BilderMaja/thumbs/thumbssmall/	baggerth1.jpg	0	95629
1523	fileadmin/s-maj/images/BilderMaja/thumbs/thumbssmall/	felixth1.jpg	0	119166
1524	fileadmin/s-maj/images/BilderMaja/thumbs/thumbssmall/	troyth1.jpg	0	106339
1525	fileadmin/s-maj/images/BilderMaja/thumbs/thumbssmall/	travel.jpg	0	111305
1526	fileadmin/s-maj/images/BilderMaja/thumbs/thumbssmall/	xixna1.psd	1	4265235
1527	fileadmin/s-maj/images/BilderMaja/thumbs/thumbssmall/	freerth2.jpg	0	90736
1528	fileadmin/s-maj/images/BilderMaja/thumbs/thumbssmall/	xixna2.jpg	0	79174
1529	fileadmin/s-maj/images/BilderMaja/thumbs/thumbssmall/	elxt2th.jpg	0	104753
1530	fileadmin/s-maj/images/BilderMaja/thumbs/thumbssmall/	dorfbach1.jpg	0	42538
1531	fileadmin/s-maj/images/BilderMaja/thumbs/thumbssmall/	akwath2.jpg	0	59951
1532	fileadmin/s-maj/images/BilderMaja/thumbs/thumbssmall/	casinth.jpg	0	67232
1533	fileadmin/s-maj/images/BilderMaja/thumbs/thumbssmall/	wohlth1.jpg	0	102910
1534	fileadmin/s-maj/images/BilderMaja/thumbs/thumbssmall/	malaganew.jpg	0	83027
1535	fileadmin/s-maj/images/BilderMaja/thumbs/thumbssmall/	yke.jpg	0	64164
1536	fileadmin/s-maj/images/BilderMaja/thumbs/thumbssmall/	xixna1.jpg	0	49959
1537	fileadmin/s-maj/images/BilderMaja/thumbs/thumbssmall/	conceotth2.jpg	0	67698
1538	fileadmin/s-maj/images/BilderMaja/thumbs/thumbssmall/	eurokonth1.jpg	0	81552
1539	fileadmin/s-maj/images/BilderMaja/thumbs/thumbssmall/	troyth2.jpg	0	125518
1540	fileadmin/s-maj/images/BilderMaja/thumbs/thumbssmall/	casins2.jpg	0	79509
1541	fileadmin/s-maj/images/BilderMaja/thumbs/thumbssmall/	tekroidth.jpg	0	60763
1542	fileadmin/s-maj/images/BilderMaja/thumbs/thumbssmall/	firfr2.jpg	0	49627
1543	fileadmin/s-maj/images/BilderMaja/thumbs/thumbssmall/	baggerth2.jpg	0	76992
1544	fileadmin/s-maj/images/BilderMaja/thumbs/thumbssmall/	mantelth2.jpg	0	75423
1545	fileadmin/s-maj/images/BilderMaja/thumbs/thumbssmall/	hanna.jpg	0	158169
1546	fileadmin/s-maj/images/BilderMaja/thumbs/thumbssmall/	mantel2.jpg	0	48451
1547	fileadmin/s-maj/images/BilderMaja/thumbs/thumbssmall/	dcth1.jpg	0	84643
1548	fileadmin/s-maj/images/BilderMaja/thumbs/thumbssmall/	akwath3.jpg	0	59730
1549	fileadmin/s-maj/images/BilderMaja/thumbs/thumbssmall/	whaleth3.jpg	0	68916
1550	fileadmin/s-maj/images/BilderMaja/2005Akwa/	1.page6.jpg	0	189931
1551	fileadmin/s-maj/images/BilderMaja/2005Akwa/	1page.jpg	0	251708
1552	fileadmin/s-maj/images/BilderMaja/2005Akwa/	krebs2_1layer.jpg	0	134984
1553	fileadmin/s-maj/images/BilderMaja/2005Akwa/	krebs11.jpg	0	135213
1554	fileadmin/s-maj/images/BilderMaja/2005Akwa/	krebs31layer.jpg	0	124226
1555	fileadmin/s-maj/images/BilderMaja/2005Akwa/	akwath7.jpg	0	82999
1556	fileadmin/s-maj/images/BilderMaja/2005Akwa/2008tcc/	IMG_1392-1.jpg	1	129203
1557	fileadmin/s-maj/images/BilderMaja/2005Akwa/2008tcc/	IMG_1412.jpg	1	147328
1558	fileadmin/s-maj/images/BilderMaja/2005Akwa/2008tcc/	IMG_1402.jpg	1	155366
1559	fileadmin/s-maj/images/BilderMaja/2005Akwa/2008tcc/	IMG_1417.jpg	1	150093
1560	fileadmin/s-maj/images/BilderMaja/2005Akwa/2008tcc/	.DS_Store	1	6148
1561	fileadmin/s-maj/images/BilderMaja/2005Akwa/2008tcc/	IMG_1423.jpg	1	146050
1562	fileadmin/s-maj/images/BilderMaja/2005Akwa/2008tcc/	IMG_1416.jpg	1	163022
1563	fileadmin/s-maj/images/BilderMaja/2008tcc/	IMG_1392-1.jpg	0	352719
1564	fileadmin/s-maj/images/BilderMaja/2008tcc/	IMG_1412.jpg	0	147328
1565	fileadmin/s-maj/images/BilderMaja/2008tcc/	IMG_1402.jpg	0	155366
1566	fileadmin/s-maj/images/BilderMaja/2008tcc/	IMG_1417.jpg	0	150093
1567	fileadmin/s-maj/images/BilderMaja/2008tcc/	.DS_Store	1	6148
1568	fileadmin/s-maj/images/BilderMaja/2008tcc/	IMG_1423.jpg	0	146050
1569	fileadmin/s-maj/images/BilderMaja/2008tcc/	IMG_1416.jpg	0	163022
1570	fileadmin/s-maj/images/BilderMaja/2007WheelOfPower/	1_august__51_.jpg	0	438425
1571	fileadmin/s-maj/images/BilderMaja/2007WheelOfPower/	1_august__52_.jpg	0	445770
1572	fileadmin/s-maj/images/BilderMaja/2007WheelOfPower/	thursday_013.jpg	1	782564
1573	fileadmin/s-maj/images/BilderMaja/2007WheelOfPower/	sundayevening_387.jpg	1	716454
1574	fileadmin/s-maj/images/BilderMaja/2007WheelOfPower/	thursday_516.jpg	0	745321
1575	fileadmin/s-maj/images/BilderMaja/2007WheelOfPower/	zaterdag_performance_194.jpg	0	790051
1576	fileadmin/s-maj/images/BilderMaja/thumbs/	derevoth2.jpg	1	100205
1577	fileadmin/s-maj/images/BilderMaja/thumbs/	geierth2.jpg	1	66138
1578	fileadmin/s-maj/images/BilderMaja/thumbs/	lizard.jpg	1	104691
1579	fileadmin/s-maj/images/BilderMaja/thumbs/	whale33.jpg	1	41262
1580	fileadmin/s-maj/images/BilderMaja/thumbs/	tccth.jpg	1	78507
1581	fileadmin/s-maj/images/BilderMaja/thumbs/	soldierth.jpg	1	50355
1582	fileadmin/s-maj/images/BilderMaja/thumbs/	jurabirdth.jpg	1	69262
1583	fileadmin/s-maj/images/BilderMaja/2007WheelOfPower/	1_aug__18_.jpg	0	666761
1584	fileadmin/s-maj/images/BilderMaja/2007WheelOfPower/	20_june_07__134__01.jpg	1	306949
1585	fileadmin/s-maj/images/BilderMaja/2007WheelOfPower/	22_june_07_080.jpg	0	824284
1586	fileadmin/s-maj/images/BilderMaja/2007WheelOfPower/	31_july__49_.jpg	0	413496
1587	fileadmin/s-maj/images/BilderMaja/2007WheelOfPower/	sundayevening_387_01.jpg	0	716454
1588	fileadmin/s-maj/images/BilderMaja/2007WheelOfPower/	thursday_013_01.jpg	0	782564
1589	fileadmin/s-maj/images/BilderMaja/2007WheelOfPower/	thursday_516_01.jpg	1	745321
1590	fileadmin/s-maj/images/BilderMaja/2007WheelOfPower/	wednesday_406.jpg	0	610397
1591	fileadmin/s-maj/images/BilderMaja/2007WheelOfPower/	wednesday_407.jpg	1	503179
1592	fileadmin/s-maj/images/BilderMaja/2007WheelOfPower/	zaterdag_performance_194_01.jpg	1	790051
1593	fileadmin/s-maj/images/BilderMaja/2007WheelOfPower/	zaterdag_performance_281.jpg	0	643353
1594	fileadmin/s-maj/images/BilderMaja/2007WheelOfPower/	wednesday_407_01.jpg	0	503179
1595	fileadmin/s-maj/images/BilderMaja/2007WheelOfPower/	wednesday_408.jpg	0	696707
1596	fileadmin/s-maj/images/BilderMaja/1996EurokonXiX/	nailedtankfront.jpg	0	219849
1597	fileadmin/s-maj/images/BilderMaja/1996EurokonXiX/	sennhof_xix.jpg	1	111611
1598	fileadmin/s-maj/images/BilderMaja/1997Xix/	sennhof_xix.jpg	0	111611
1599	fileadmin/s-maj/images/BilderMaja/thumbs/thumbssmall/	channelth.jpg	0	82727
1600	fileadmin/s-maj/images/BilderMaja/thumbs/thumbssmall/	hannath.jpg	0	85612
1601	fileadmin/s-maj/images/BilderMaja/thumbs/thumbssmall/	xixna3.jpg	0	82586
1602	fileadmin/s-maj/images/BilderMaja/thumbs/thumbssmall/	machineth.jpg	0	86579
1603	fileadmin/s-maj/images/BilderMaja/thumbs/thumbssmall/	channelth_01.jpg	1	82727
1604	fileadmin/s-maj/images/BilderMaja/thumbs/thumbssmall/	eagleth.jpg	0	65817
1605	fileadmin/s-pf/images/1Mai2008/	DSC02510.JPG	0	86465
1608	fileadmin/s-pf/images/1Mai2008/	DSC02520.JPG	0	77773
1613	fileadmin/s-pf/images/1Mai2008/	DSC02545.JPG	0	93749
1614	fileadmin/s-pf/images/1Mai2008/	DSC02491.JPG	0	148487
1618	fileadmin/s-pf/images/1Mai2008/	DSC02550.JPG	0	95016
1619	fileadmin/s-pf/images/1Mai2008/	DSC02548.JPG	0	95989
1620	fileadmin/s-pf/images/1Mai2008/	DSC02501.JPG	0	128066
1622	fileadmin/s-pf/images/1Mai2008/	DSC02533.JPG	0	154966
1623	fileadmin/s-pf/images/1Mai2008/	DSC02489.JPG	0	88730
1625	fileadmin/s-pf/images/1Mai2008/	DSC02511.JPG	0	83668
1627	fileadmin/s-pf/images/1Mai2008/	DSC02529.JPG	0	153095
1628	fileadmin/s-pf/images/1Mai2008/	DSC02487.JPG	0	86593
1629	fileadmin/s-pf/images/1Mai2008/	DSC02521.JPG	0	83302
1630	fileadmin/s-pf/images/1Mai2008/	DSC02494.JPG	0	135175
1631	fileadmin/s-pf/images/1Mai2008/	DSC02508.JPG	0	151032
1632	fileadmin/s-pf/images/1Mai2008/	DSC02518.JPG	0	86401
1635	fileadmin/s-pf/images/1Mai2008/	DSC02532.JPG	0	151638
1636	fileadmin/s-pf/images/1Mai2008/	DSC02525.JPG	0	158188
1639	fileadmin/s-pf/images/1Mai2008/	DSC02486.JPG	0	89589
1641	fileadmin/s-pf/images/1Mai2008/	DSC02546.JPG	0	91425
1642	fileadmin/s-pf/images/1Mai2008/	DSC02527.JPG	0	170755
1644	fileadmin/s-pf/images/1Mai2008/	DSC02503.JPG	0	77817
1645	fileadmin/s-pf/images/1Mai2008/	DSC02515.JPG	0	139003
1648	fileadmin/s-pf/images/1Mai2008/	DSC02490.JPG	0	91063
1650	fileadmin/s-pf/images/1Mai2008/	DSC02493.JPG	0	142368
1651	fileadmin/s-pf/images/1Mai2008/	DSC02544.JPG	0	84947
1652	fileadmin/s-pf/images/1Mai2008/	DSC02523.JPG	0	148159
1653	fileadmin/s-pf/images/1Mai2008/	DSC02522.JPG	0	148380
1655	fileadmin/s-pf/images/1Mai2008/	DSC02552.JPG	0	99552
1656	fileadmin/s-pf/images/1Mai2008/	DSC02484.JPG	0	92658
1657	fileadmin/s-pf/images/1Mai2008/	DSC02554.JPG	0	94164
1658	fileadmin/s-pf/images/1Mai2008/	DSC02519.JPG	0	146715
1659	fileadmin/s-pf/images/1Mai2008/	DSC02539.JPG	0	154615
1660	fileadmin/s-pf/images/1Mai2008/	DSC02478.JPG	0	176475
1661	fileadmin/s-pf/images/1Mai2008/	DSC02482.JPG	0	93330
1662	fileadmin/s-pf/images/1Mai2008/	DSC02497.JPG	0	138687
1663	fileadmin/s-pf/images/1Mai2008/	DSC02502.JPG	0	74764
1664	fileadmin/s-pf/images/1Mai2008/	DSC02551.JPG	0	92251
1665	fileadmin/s-pf/images/1Mai2008/	DSC02495.JPG	0	128243
1666	fileadmin/s-pf/images/1Mai2008/	DSC02534.JPG	0	172583
1667	fileadmin/s-pf/images/1Mai2008/	DSC02530.JPG	0	155479
1668	fileadmin/s-pf/images/1Mai2008/	DSC02516.JPG	0	132256
1669	fileadmin/s-pf/images/1Mai2008/	DSC02488.JPG	0	94624
1670	fileadmin/s-pf/images/1Mai2008/	DSC02499.JPG	0	150544
1671	fileadmin/s-pf/images/1Mai2008/	DSC02537.JPG	0	157786
1672	fileadmin/s-pf/images/1Mai2008/	DSC02505.JPG	0	149673
1673	fileadmin/s-pf/images/1Mai2008/	DSC02553.JPG	0	95342
1674	fileadmin/s-pf/images/1Mai2008/	DSC02538.JPG	0	159631
1675	fileadmin/s-pf/images/1Mai2008/	DSC02535.JPG	0	167650
1676	fileadmin/s-pf/images/1Mai2008/	DSC02524.JPG	0	174014
1677	fileadmin/s-maj/images/BilderMaja/thumbs/thumbssmall/	tccth.jpg	0	78507
1678	fileadmin/s-maj/images/BilderMaja/thumbs/thumbssmall/	derevoth2.jpg	0	100205
1679	fileadmin/s-maj/images/BilderMaja/thumbs/thumbssmall/	whale33.jpg	0	41262
1680	fileadmin/s-maj/images/BilderMaja/2000Elxt90/	erico_lozan_explosion1.jpg	0	77744
1681	fileadmin/s-maj/images/BilderMaja/2000Elxt90/	moon_biel_2_.jpg	0	133534
1682	fileadmin/s-maj/images/BilderMaja/2000Elxt90/	wheel_kreuzberg1.jpg	0	293626
1683	fileadmin/s-maj/images/BilderMaja/2000Elxt90/	spama_zurich2.jpg	0	212442
1684	fileadmin/s-maj/images/BilderMaja/2000Elxt90/	redcross_roma2.jpg	0	273061
1685	fileadmin/s-maj/images/BilderMaja/2000Elxt90/	joeb_zurich.jpg	0	170585
1686	fileadmin/s-maj/images/BilderMaja/2000Elxt90/	spaceship_lugano2.jpg	0	141038
1687	fileadmin/s-maj/images/BilderMaja/2000Elxt90/	firejacket_babu.jpg	0	108307
1688	fileadmin/s-maj/images/BilderMaja/2000Elxt90/	spama_lugano2.jpg	0	128694
1689	fileadmin/s-maj/images/BilderMaja/2000Elxt90/	ehof-robot5.jpg	0	150542
1690	fileadmin/s-maj/images/BilderMaja/2000Elxt90/	sisou_fackeln_zurich.jpg	0	129196
1691	fileadmin/s-maj/images/BilderMaja/2000Elxt90/	bergamoxtions4.jpg	0	364161
1692	fileadmin/s-maj/images/BilderMaja/2000Elxt90/	spama_zurich1.jpg	0	101211
1693	fileadmin/s-maj/images/BilderMaja/2000Elxt90/	wheel_lugano1.jpg	0	84272
1694	fileadmin/s-maj/images/BilderMaja/2000Elxt90/	mar_helmet.jpg	0	67167
1695	fileadmin/s-maj/images/BilderMaja/2000Elxt90/	wheel_teknival2000_1.jpg	0	126259
1696	fileadmin/s-maj/images/BilderMaja/2000Elxt90/	robots_roma.jpg	0	144247
1697	fileadmin/s-maj/images/BilderMaja/2000Elxt90/	totale_lugano.jpg	0	214036
1698	fileadmin/s-maj/images/BilderMaja/2000Elxt90/	xtions_bergamo3.jpg	0	185148
1699	fileadmin/s-maj/images/BilderMaja/2000Elxt90/	robot_zurich.jpg	0	145020
1700	fileadmin/s-maj/images/BilderMaja/2000Elxt90/	erico_nicu_adm2.jpg	0	293801
1701	fileadmin/s-maj/images/BilderMaja/2000Elxt90/	helmet_marc_lozan.jpg	0	184527
1702	fileadmin/s-maj/images/BilderMaja/2000Elxt90/	wheel_nicu_biel2.jpg	0	119432
1703	fileadmin/s-maj/images/BilderMaja/2000Elxt90/	erico_lugano.jpg	0	74282
1704	fileadmin/s-maj/images/BilderMaja/2000Elxt90/	flames_zoom.jpg	0	122822
1705	fileadmin/s-maj/images/BilderMaja/2000Elxt90/	ichbarna.jpg	0	495997
1706	fileadmin/s-maj/images/BilderMaja/2000Elxt90/	wheel_ignition2.jpg	0	263033
1707	fileadmin/s-maj/images/BilderMaja/2000Elxt90/	logo_kreuzberg.jpg	0	76703
1708	fileadmin/s-maj/images/BilderMaja/2000Elxt90/	spama_joeb_roma.jpg	0	149725
1709	fileadmin/s-maj/images/BilderMaja/2000Elxt90/	spama_ehof.jpg	0	170295
1710	fileadmin/s-maj/images/BilderMaja/2000Elxt90/	mar_xtions2.jpg	0	107496
1711	fileadmin/s-maj/images/BilderMaja/2000Elxt90/	feuerwand.jpg	0	448169
1712	fileadmin/s-maj/images/BilderMaja/2000Elxt90/	wheel_xtions_zurich.jpg	0	244856
1713	fileadmin/s-maj/images/BilderMaja/2000Elxt90/	nancy_wheel_lozan.jpg	0	151927
1714	fileadmin/s-maj/images/BilderMaja/2000Elxt90/	haendekl.jpg	0	841985
1715	fileadmin/s-maj/images/BilderMaja/2000Elxt90/	wheel_bergamo2.jpg	0	163899
1716	fileadmin/s-maj/images/BilderMaja/2000Elxt90/	spaceship_lugano4.jpg	0	161992
1717	fileadmin/s-maj/images/BilderMaja/2000Elxt90/	ignition_lugano.jpg	0	267633
1718	fileadmin/s-maj/images/BilderMaja/2000Elxt90/	wheel_ignition1.jpg	0	191845
1719	fileadmin/s-maj/images/BilderMaja/2000Elxt90/	wheel_teknival2000_2.jpg	0	137170
1720	fileadmin/s-maj/images/BilderMaja/2000Elxt90/	confetti_bergamo.jpg	0	150444
1721	fileadmin/s-maj/images/BilderMaja/2000Elxt90/	spama_lugano1.jpg	0	123021
1722	fileadmin/s-maj/images/BilderMaja/2000Elxt90/	erico_lozan_explosion2.jpg	0	110418
1723	fileadmin/s-maj/images/BilderMaja/2000Elxt90/	spaceship_lugano3.jpg	0	114710
1724	fileadmin/s-maj/images/BilderMaja/2000Elxt90/	spaceship_lugano5.jpg	0	93387
1725	fileadmin/s-maj/images/BilderMaja/2000Elxt90/	confetti_lugano.jpg	0	177642
1726	fileadmin/s-maj/images/BilderMaja/2000Elxt90/	redcross_biel.jpg	0	115476
1727	fileadmin/s-maj/images/BilderMaja/2000Elxt90/	mar_xtions1.jpg	0	103466
1728	fileadmin/s-maj/images/BilderMaja/2000Elxt90/	helmets_roma.jpg	0	177318
1729	fileadmin/s-maj/images/BilderMaja/2000Elxt90/	xtions_lavalette.jpg	0	216775
1730	fileadmin/s-maj/images/BilderMaja/2000Elxt90/	sisou_egg_zurich.jpg	0	145207
1731	fileadmin/s-maj/images/BilderMaja/2008pleitegeier/	IMG_0080.jpg	0	138032
1732	fileadmin/s-maj/images/BilderMaja/2008pleitegeier/	IMG_0081.jpg	0	194847
1733	fileadmin/s-maj/images/BilderMaja/2008pleitegeier/	IMG_0078.jpg	0	205293
1734	fileadmin/s-maj/images/BilderMaja/2008pleitegeier/	IMG_0077.jpg	0	207293
1735	fileadmin/s-maj/images/BilderMaja/2008pleitegeier/	IMG_0076.jpg	0	172777
1736	fileadmin/s-maj/images/BilderMaja/2008pleitegeier/	IMG_0079.jpg	0	185295
1737	fileadmin/s-maj/images/BilderMaja/thumbs/thumbssmall/	pleiteth.jpg	0	86646
1738	fileadmin/s-maj/images/BilderMaja/thumbs/thumbssmall/	crowth.jpg	0	73667
1739	fileadmin/s-maj/images/BilderMaja/thumbs/thumbssmall/	olympth.jpg	0	79633
1740	fileadmin/s-maj/images/BilderMaja/thumbs/thumbssmall/	lizard.jpg	0	104691
1741	fileadmin/s-maj/images/BilderMaja/thumbs/thumbssmall/	soldierth.jpg	0	50355
1742	fileadmin/s-maj/images/BilderMaja/thumbs/thumbssmall/	jurabirdth.jpg	0	69262
1743	fileadmin/s-maj/images/BilderMaja/2007 handofman/	orgn2.jpg	0	284757
1744	fileadmin/s-maj/images/BilderMaja/2007 handofman/	1car1.jpg	0	248485
1745	fileadmin/s-maj/images/BilderMaja/2007 handofman/	car9.jpg	0	227094
1746	fileadmin/s-maj/images/BilderMaja/2007 handofman/	oergn3.jpg	0	245162
1747	fileadmin/s-maj/images/BilderMaja/2007 handofman/	car4.jpg	0	231620
1748	fileadmin/s-maj/images/BilderMaja/2007 handofman/	hinworkshop.jpg	0	259120
1749	fileadmin/s-maj/images/BilderMaja/2007 handofman/	controler.jpg	0	294047
1750	fileadmin/s-maj/images/BilderMaja/2007 handofman/	car7.jpg	0	225783
1751	fileadmin/s-maj/images/BilderMaja/2007 handofman/	car3.jpg	0	269131
1752	fileadmin/s-maj/images/BilderMaja/2007 handofman/	controling.jpg	0	219626
1753	fileadmin/s-maj/images/BilderMaja/2007 handofman/	car10.jpg	0	234718
1754	fileadmin/s-maj/images/BilderMaja/2007 handofman/	orgn1.jpg	0	232092
1755	fileadmin/s-maj/images/BilderMaja/picsMaja/	screwingbw.jpg	0	351148
1756	fileadmin/s-maj/images/BilderMaja/picsMaja/	z_hands.jpg	0	403087
1757	fileadmin/s-maj/images/BilderMaja/2009vogelpaar/	Vogel2.jpg	0	151894
1758	fileadmin/s-maj/images/BilderMaja/2009vogelpaar/	Vogelpaar3.jpg	0	173086
1759	fileadmin/s-maj/images/BilderMaja/2009vogelpaar/	Vogelpaar6.jpg	0	164839
1760	fileadmin/s-maj/images/BilderMaja/2009vogelpaar/	Vogelpaar5.jpg	0	189247
1761	fileadmin/s-maj/images/BilderMaja/2009vogelpaar/	Vogelpaar1.jpg	0	202138
1762	fileadmin/s-maj/images/BilderMaja/thumbs/thumbssmall/	Vogelpaar.jpg	0	91779
1763	fileadmin/s-maj/images/BilderMaja/2008juraBird/	DSC04218.jpg	0	166089
1764	fileadmin/s-maj/images/BilderMaja/2008juraBird/	Vogelpaarfrei2.jpg	0	387721
1765	fileadmin/s-maj/images/BilderMaja/2005Malaga/	kartePariskl.jpg	0	222864
1766	fileadmin/s-maj/images/BilderMaja/thumbs/thumbssmall/	Geier3.jpg	0	67235
1767	fileadmin/s-maj/images/BilderMaja/thumbs/thumbssmall/	pleitegeier3.jpg	0	68212
1768	fileadmin/s-maj/images/BilderMaja/thumbs/thumbssmall/	jura3.jpg	0	73062
1769	fileadmin/s-maj/images/BilderMaja/thumbs/thumbssmall/	pleite4.jpg	0	90525
1770	fileadmin/s-maj/images/BilderMaja/2007WheelOfPower/	lizard5.jpg	0	248493
1771	fileadmin/s-maj/images/BilderMaja/2007WheelOfPower/	lizard7.jpg	0	188829
1772	fileadmin/s-maj/images/BilderMaja/2007WheelOfPower/	lizard9.jpg	0	171403
1773	fileadmin/s-maj/images/BilderMaja/1994muralsFassaden/1994FelixRegula/	f7.jpg	0	190912
1774	fileadmin/s-maj/images/BilderMaja/1994muralsFassaden/1994FelixRegula/	f4.jpg	0	303185
1775	fileadmin/s-maj/images/BilderMaja/1994muralsFassaden/1994FelixRegula/	f11.jpg	0	289030
1776	fileadmin/s-maj/images/BilderMaja/1994muralsFassaden/1994FelixRegula/	f6.jpg	0	228915
1777	fileadmin/s-maj/images/BilderMaja/1994muralsFassaden/1994FelixRegula/	f9.jpg	0	275932
1778	fileadmin/s-maj/images/BilderMaja/1994muralsFassaden/1994FelixRegula/	f5.jpg	0	272608
1779	fileadmin/s-maj/images/BilderMaja/1994muralsFassaden/1994FelixRegula/	f8.jpg	0	265960
1780	fileadmin/s-maj/images/BilderMaja/1994muralsFassaden/1994FelixRegula/	f3.jpg	0	325324
1781	fileadmin/s-maj/images/BilderMaja/1994muralsFassaden/1994FelixRegula/	f12.jpg	0	308089
1782	fileadmin/s-maj/images/BilderMaja/1994muralsFassaden/1994FelixRegula/	f2.jpg	0	318398
1783	fileadmin/s-maj/images/BilderMaja/1994muralsFassaden/1994FelixRegula/	f1.jpg	0	318593
1784	fileadmin/s-maj/images/BilderMaja/2009vogelpaar/	DSC01252.jpg	0	235709
1785	fileadmin/s-maj/images/BilderMaja/2009vogelpaar/	DSC01253.jpg	0	220481
1786	fileadmin/s-maj/images/BilderMaja/2009vogelpaar/	DSC01256.jpg	0	129401
1787	fileadmin/s-pf/images/Show/	domäne_trompete_big.jpg	0	214367
1788	fileadmin/s-pf/images/Show/	domäne_mandelbrenner.jpg	0	195277
1789	fileadmin/s-maj/images/BilderMaja/2008Kalandraka/	PICT4226.jpg	0	728707
1790	fileadmin/s-maj/images/BilderMaja/2008Kalandraka/	IMG_2567.jpg	0	555722
1791	fileadmin/s-maj/images/BilderMaja/2008Kalandraka/	kalandraka_010.jpg	0	1094378
1792	fileadmin/s-maj/images/BilderMaja/2008Kalandraka/	kalandraka_008.jpg	0	1129923
1793	fileadmin/s-maj/images/BilderMaja/2008Kalandraka/	DSC_0002.jpg	0	608315
1794	fileadmin/s-maj/images/BilderMaja/2008Kalandraka/	Kalandraka3.jpg	0	561039
1795	fileadmin/s-maj/images/BilderMaja/2008Kalandraka/	kalandraka_002.jpg	0	1152673
1796	fileadmin/s-maj/images/BilderMaja/2008Kalandraka/	PICT4222.jpg	0	789239
1797	fileadmin/s-maj/images/BilderMaja/2008Kalandraka/	PICT4236.jpg	0	706154
1798	fileadmin/s-maj/images/BilderMaja/2008Kalandraka/	PICT4224.jpg	0	727407
1799	fileadmin/s-maj/images/BilderMaja/2008Kalandraka/	kalandraka_005.jpg	0	1029333
1800	fileadmin/s-maj/images/BilderMaja/2008Kalandraka/	DSC_0008.jpg	0	544749
1801	fileadmin/s-maj/images/BilderMaja/2008Kalandraka/	IMG_2548.jpg	0	459752
1802	fileadmin/s-maj/images/page/	sideinset1.jpg	0	3318
1803	fileadmin/s-maj/images/page/	webSecond2-3-d-960.jpg	0	86290
1804	fileadmin/s-maj/images/page/	webSecond2-3-960.jpg	0	80029
1805	fileadmin/s-maj/images/page/	banner1.jpg	0	30762
1806	fileadmin/s-maj/images/page/	flame4.jpg	0	1414
1807	fileadmin/s-maj/images/page/	banner4.jpg	0	23812
1808	fileadmin/s-maj/images/page/	sideinset4.jpg	0	5668
1809	fileadmin/mailform/	mpContactEN.tmpl	0	7070
1810	fileadmin/mailform/	validation-en.js	0	8250
1811	fileadmin/s-maj/images/BilderMaja/concepts/	webthanks.jpg	0	188999
1812	fileadmin/s-maj/images/BilderMaja/concepts/	webthanksgr.jpg	0	772537
1813	fileadmin/s-maj/images/BilderMaja/concepts/	webthanksxx.jpg	0	390624
1814	fileadmin/s-maj/images/BilderMaja/concepts/	webthanksxy.jpg	0	325156
1815	fileadmin/s-wt/images/references/	maja-home1.jpg	0	100375
1816	fileadmin/s-maj/images/BilderMaja/2009nova/	SDC10327.jpg	1	631689
1817	fileadmin/s-maj/images/BilderMaja/2009nova/	novaexhi1.jpg	1	905590
1818	fileadmin/s-maj/images/BilderMaja/2009nova/	IMG_1975.jpg	1	907993
1819	fileadmin/s-maj/images/BilderMaja/2009nova/	SDC10308.jpg	1	450778
1820	fileadmin/s-maj/images/BilderMaja/2009nova/	IMG_1850.jpg	1	434722
1821	fileadmin/s-maj/images/BilderMaja/2009nova/	SDC10310.jpg	1	520920
1822	fileadmin/s-maj/images/BilderMaja/2009nova/	IMG_1849.jpg	1	458834
1823	fileadmin/s-maj/images/BilderMaja/2009nova/	IMG_1977.jpg	1	580707
1824	fileadmin/s-maj/images/BilderMaja/2009nova/	SDC10306.jpg	1	471431
1825	fileadmin/s-maj/images/BilderMaja/2009nova/	IMG_1842.jpg	1	519792
1826	fileadmin/s-maj/images/BilderMaja/2009nova/	SDC10823.jpg	1	952192
1827	fileadmin/s-maj/images/BilderMaja/2009nova/	IMG_1980.jpg	1	525322
1828	fileadmin/s-maj/images/BilderMaja/2009carwreck/	fischsmall.jpg	0	137229
1829	fileadmin/s-maj/images/BilderMaja/2009carwreck/	mercedessmall.jpg	0	656396
1830	fileadmin/s-maj/images/BilderMaja/2009carwreck/	hanging1small.jpg	0	139493
1831	fileadmin/s-maj/images/BilderMaja/2009carwreck/	hanging5small.jpg	0	84787
1832	fileadmin/s-maj/images/BilderMaja/2009carwreck/	hanging2small.jpg	0	181583
1833	fileadmin/s-maj/images/BilderMaja/2009carwreck/	hanging4small.jpg	0	104113
1834	fileadmin/s-maj/images/BilderMaja/2009carwreck/	hanging3small.jpg	0	75533
1835	fileadmin/s-maj/images/BilderMaja/picsMaja/	meWelding.jpg	0	84395
1836	fileadmin/s-maj/images/BilderMaja/2009nova3/	SDC10310.jpg	0	139557
1837	fileadmin/s-maj/images/BilderMaja/2009nova3/	closehead.jpg	0	79912
1838	fileadmin/s-maj/images/BilderMaja/2009nova3/	total.jpg	0	250547
1839	fileadmin/s-maj/images/BilderMaja/2009nova3/	SDC10308.jpg	0	103546
1840	fileadmin/s-maj/images/BilderMaja/2009nova3/	kopfseite.jpg	0	126918
1841	fileadmin/s-maj/images/BilderMaja/2009nova3/	SDC10327.jpg	0	138795
1842	fileadmin/s-maj/images/BilderMaja/2009nova3/	SDC10823.jpg	0	288637
1843	fileadmin/s-maj/images/BilderMaja/2009nova3/	SDC10306.jpg	0	113675
1844	fileadmin/s-maj/images/BilderMaja/2009nova3/	hidden.jpg	0	152066
1845	fileadmin/s-maj/images/BilderMaja/2009nova3/	side.jpg	0	123973
1846	fileadmin/s-maj/images/BilderMaja/2009nova3/	center.jpg	0	434722
1847	fileadmin/s-maj/images/BilderMaja/2009nova3/	novaexhi1.jpg	0	281103
1848	fileadmin/s-maj/images/BilderMaja/2009nova3/	hand.jpg	0	100336
1849	fileadmin/s-maj/images/BilderMaja/2009nova3/	novakopf.jpg	0	117447
1850	fileadmin/s-maj/images/BilderMaja/2009nova3/	torso.jpg	0	168378
1851	fileadmin/s-maj/images/BilderMaja/thumbs/thumbssmall/	carth1.jpg	0	79958
1852	fileadmin/s-maj/images/BilderMaja/thumbs/thumbssmall/	carth2.jpg	0	60283
1853	fileadmin/s-maj/images/BilderMaja/thumbs/thumbssmall/	novath.jpg	0	75536
1854	fileadmin/s-wt/images/references/	praxis2010.jpg	0	109186
1855	fileadmin/s-wt/images/references/	maja-home1.jpg	0	100375
1856	fileadmin/s-wt/images/references/	lx-i1.jpg	0	7280
1857	fileadmin/s-wt/images/references/	lx-i1-2.jpg	0	4036
1858	fileadmin/s-wt/images/references/	oculus1.jpg	0	12497
1859	fileadmin/s-wt/images/references/	pyrofessor.jpg	0	8119
1860	fileadmin/s-wt/images/references/	MhkBerlin.jpg	0	6748
1861	fileadmin/s-wt/images/references/	lx-i3.jpg	0	11125
1862	fileadmin/s-wt/images/references/	praxis2010.jpg	0	109186
1863	fileadmin/s-wt/images/references/	lx-i2.jpg	0	14502
1864	fileadmin/s-wt/images/references/	oculus2.jpg	0	11941
1865	fileadmin/s-wt/images/references/	praxis1.jpg	0	10844
1866	fileadmin/s-wt/images/references/	wurschtl-licht1.jpg	0	6023
1867	fileadmin/s-wt/images/references/	praxis2.jpg	0	8368
1868	fileadmin/s-wt/images/references/	DC-Old.jpg	0	5838
1869	fileadmin/s-wt/images/references/	murielle-argoud1.jpg	0	4007
1870	fileadmin/s-wt/images/references/	pyrofessor2.jpg	0	8760
1871	fileadmin/s-wt/images/references/	bfe1.jpg	0	8681
1872	fileadmin/s-maj/images/BilderMaja/2009elefant/	Elephants_Head_in_workshop.jpg	0	27172
1873	fileadmin/s-maj/images/BilderMaja/2009elefant/	model.jpg	0	44791
1874	fileadmin/s-maj/images/BilderMaja/2009elefant/	Elephant_in_workshop.jpg	0	55592
1875	fileadmin/s-maj/images/BilderMaja/2009elefant/	Elephant_side_view.jpg	0	60684
1876	fileadmin/s-maj/images/BilderMaja/2009elefant/	Elephant_staged.jpg	0	20051
1877	fileadmin/s-maj/images/BilderMaja/2009elefant/	Elephants_Head_close_up.jpg	0	31246
1878	fileadmin/s-maj/images/BilderMaja/2009elefant/	Elefphant_on_stage.jpg	0	52659
1879	fileadmin/s-maj/images/BilderMaja/2009elefant/	parts_and_roof.jpg	0	32048
1880	fileadmin/s-maj/images/BilderMaja/2009elefant/	Elephant_inside.jpg	0	28928
1881	fileadmin/s-maj/images/BilderMaja/2009elefant/	musicians_roof.jpg	0	48476
1882	fileadmin/s-maj/images/BilderMaja/2009carwreck/	hanging3small.jpg	0	75533
1883	fileadmin/s-maj/images/BilderMaja/2009carwreck/	mercedessmall.jpg	0	656396
1884	fileadmin/s-maj/images/BilderMaja/2009carwreck/	hanging5small.jpg	0	84787
1885	fileadmin/s-maj/images/BilderMaja/2009carwreck/	hanging4small.jpg	0	104113
1886	fileadmin/s-maj/images/BilderMaja/2009carwreck/	fischsmall.jpg	0	137229
1887	fileadmin/s-maj/images/BilderMaja/2009carwreck/	hanging2small.jpg	0	181583
1888	fileadmin/s-maj/images/BilderMaja/2009carwreck/	hanging1small.jpg	0	139493
1889	fileadmin/s-maj/images/BilderMaja/2009nova3/	side.jpg	0	123973
1890	fileadmin/s-maj/images/BilderMaja/2009nova3/	novakopf.jpg	0	117447
1891	fileadmin/s-maj/images/BilderMaja/2009nova3/	kopfseite.jpg	0	126918
1892	fileadmin/s-maj/images/BilderMaja/2009nova3/	SDC10310.jpg	0	139557
1893	fileadmin/s-maj/images/BilderMaja/2009nova3/	closehead.jpg	0	79912
1894	fileadmin/s-maj/images/BilderMaja/2009nova3/	total.jpg	0	250547
1895	fileadmin/s-maj/images/BilderMaja/2009nova3/	hidden.jpg	0	152066
1896	fileadmin/s-maj/images/BilderMaja/2009nova3/	SDC10308.jpg	0	103546
1897	fileadmin/s-maj/images/BilderMaja/2009nova3/	SDC10327.jpg	0	138795
1898	fileadmin/s-maj/images/BilderMaja/2009nova3/	SDC10306.jpg	0	113675
1899	fileadmin/s-maj/images/BilderMaja/2009nova3/	novaexhi1.jpg	0	281103
1900	fileadmin/s-maj/images/BilderMaja/2009nova3/	SDC10823.jpg	0	288637
1901	fileadmin/s-maj/images/BilderMaja/2009nova3/	hand.jpg	0	100336
1902	fileadmin/s-maj/images/BilderMaja/2009nova3/	center.jpg	0	434722
1903	fileadmin/s-maj/images/BilderMaja/2009nova3/	torso.jpg	0	168378
1904	fileadmin/s-maj/images/BilderMaja/2008Kalandraka/	IMG_2567.jpg	0	555722
1905	fileadmin/s-maj/images/BilderMaja/2008Kalandraka/	PICT4222.jpg	0	789239
1906	fileadmin/s-maj/images/BilderMaja/2008Kalandraka/	DSC_0002.jpg	0	608315
1907	fileadmin/s-maj/images/BilderMaja/2008Kalandraka/	kalandraka_010.jpg	0	1094378
1908	fileadmin/s-maj/images/BilderMaja/2008Kalandraka/	DSC_0008.jpg	0	544749
1909	fileadmin/s-maj/images/BilderMaja/2008Kalandraka/	Kalandraka3.jpg	0	561039
1910	fileadmin/s-maj/images/BilderMaja/2008Kalandraka/	PICT4236.jpg	0	706154
1911	fileadmin/s-maj/images/BilderMaja/2008Kalandraka/	PICT4226.jpg	0	728707
1912	fileadmin/s-maj/images/BilderMaja/2008Kalandraka/	kalandraka_005.jpg	0	1029333
1913	fileadmin/s-maj/images/BilderMaja/2008Kalandraka/	PICT4224.jpg	0	727407
1914	fileadmin/s-maj/images/BilderMaja/2008Kalandraka/	kalandraka_002.jpg	0	1152673
1915	fileadmin/s-maj/images/BilderMaja/2008Kalandraka/	kalandraka_008.jpg	0	1129923
1916	fileadmin/s-maj/images/BilderMaja/2008Kalandraka/	IMG_2548.jpg	0	459752
1917	fileadmin/s-maj/images/BilderMaja/2005Malaga/	Scetch2.jpg	0	194903
1918	fileadmin/s-maj/images/BilderMaja/2005Malaga/	karteParis.jpg	0	233961
1919	fileadmin/s-maj/images/BilderMaja/2005Malaga/	osb3.jpg	0	145377
1920	fileadmin/s-maj/images/BilderMaja/2005Malaga/	surf3colori.jpg	0	516530
1921	fileadmin/s-maj/images/BilderMaja/2005Malaga/	camping1.jpg	0	259861
1922	fileadmin/s-maj/images/BilderMaja/2005Malaga/	osb1.jpg	0	190678
1923	fileadmin/s-maj/images/BilderMaja/2005Malaga/	osb2.jpg	0	253461
1924	fileadmin/s-maj/images/BilderMaja/2005Malaga/	osb2.jpg	0	253461
1925	fileadmin/s-maj/images/BilderMaja/2005Malaga/	ski5.jpg	0	274846
1926	fileadmin/s-maj/images/BilderMaja/2005Malaga/	ski5.jpg	0	274846
1927	fileadmin/s-maj/images/BilderMaja/2005Malaga/	campingcolori.jpg	0	841967
1928	fileadmin/s-maj/images/BilderMaja/2005Malaga/	campingcolori.jpg	0	841967
1929	fileadmin/s-maj/images/BilderMaja/2005Malaga/	malaga2.jpg	0	355316
1930	fileadmin/s-maj/images/BilderMaja/2005Malaga/	ski2.jpg	0	154865
1931	fileadmin/s-maj/images/BilderMaja/2005Malaga/	ski2.jpg	0	154865
1932	fileadmin/s-maj/images/BilderMaja/2005Malaga/	Monalisa.jpg	0	254643
1933	fileadmin/s-maj/images/BilderMaja/2005Malaga/	logo.jpg	0	259398
1934	fileadmin/s-maj/images/BilderMaja/2005Malaga/	Monalisa.jpg	0	254643
1935	fileadmin/s-maj/images/BilderMaja/2005Malaga/	gabriellewillnicht1.jpg	0	297896
1936	fileadmin/s-maj/images/BilderMaja/2005Malaga/	surf1.jpg	0	312745
1937	fileadmin/s-maj/images/BilderMaja/2005Malaga/	surf1.jpg	0	312745
1938	fileadmin/s-maj/images/BilderMaja/2005Malaga/	gDance.jpg	0	226205
1939	fileadmin/s-maj/images/BilderMaja/2005Malaga/	gDance.jpg	0	226205
1940	fileadmin/s-maj/images/BilderMaja/2005Malaga/	kartePariskl.jpg	0	222864
1941	fileadmin/s-maj/images/BilderMaja/2005Malaga/	kartePariskl.jpg	0	222864
1942	fileadmin/s-maj/images/BilderMaja/2003ForgetMeNot/	tinshow02.jpg	0	587383
1943	fileadmin/s-maj/images/BilderMaja/2003ForgetMeNot/	3puppetrehearsal07.jpg	0	770179
1944	fileadmin/s-maj/images/BilderMaja/2003ForgetMeNot/	3puppetrehearsal06.jpg	0	744067
1945	fileadmin/s-maj/images/BilderMaja/2003ForgetMeNot/	forgetmenot.jpg	0	82811
1946	fileadmin/s-maj/images/BilderMaja/2003ForgetMeNot/	Puppets.jpg	0	1879704
1947	fileadmin/s-maj/images/BilderMaja/2003ForgetMeNot/	lindy1.jpg	0	1813287
1948	fileadmin/s-maj/images/BilderMaja/2003ForgetMeNot/	tinshow06.jpg	0	502807
1949	fileadmin/s-maj/images/BilderMaja/2003ForgetMeNot/	tinshow01.jpg	0	360972
1950	fileadmin/s-maj/images/BilderMaja/2003ForgetMeNot/	tinshow10.jpg	0	577622
1951	fileadmin/s-maj/images/BilderMaja/2003ForgetMeNot/	horse.jpg	0	773044
1952	fileadmin/s-maj/images/BilderMaja/1996EurokonAllg/	paintingNovoSibirsk.jpg	0	851845
1953	fileadmin/s-maj/images/BilderMaja/1996EurokonAllg/	ptomet2.jpg	0	1211363
1954	fileadmin/s-maj/images/BilderMaja/1996EurokonAllg/	btoMetSowjet.jpg	0	127744
1955	fileadmin/s-maj/images/BilderMaja/1996EurokonAllg/	NovoAtelier.jpg	0	205418
1956	fileadmin/s-maj/images/BilderMaja/1996EurokonAllg/	btoMetArbeiterin.jpg	0	165402
1957	fileadmin/s-maj/images/BilderMaja/1996EurokonAllg/	btoMetExpo.jpg	0	220093
1958	fileadmin/s-maj/images/BilderMaja/1996EurokonAllg/	adler1.jpg	0	58038
1959	fileadmin/s-maj/images/BilderMaja/1996EurokonAllg/	novo3.jpg	0	159399
1960	fileadmin/s-maj/images/BilderMaja/1996EurokonAllg/	rubberfactory.jpg	0	158968
1961	fileadmin/s-maj/images/BilderMaja/1996EurokonAllg/	ceramic1.jpg	0	1410057
1962	fileadmin/s-maj/images/BilderMaja/1996EurokonAllg/	NovoEagle.jpg	0	114602
1963	fileadmin/s-maj/images/BilderMaja/1996EurokonAllg/	NovoExpo.jpg	0	180113
1964	fileadmin/s-maj/images/BilderMaja/1996EurokonAllg/	ptomet1.jpg	0	159189
1965	fileadmin/s-maj/images/BilderMaja/1996EurokonAllg/	btoMetSpiegel.jpg	0	181710
1966	fileadmin/s-maj/images/BilderMaja/1996EurokonAllg/	eurokot.jpg	0	85020
1967	fileadmin/s-maj/images/BilderMaja/1996EurokonAllg/	crew1.jpg	0	116028
1968	fileadmin/s-maj/images/BilderMaja/1996EurokonAllg/	btoMetBody.jpg	0	168432
1969	fileadmin/s-maj/images/BilderMaja/1996EurokonAllg/	btoMetSchmelze.jpg	0	117115
1970	fileadmin/s-maj/images/BilderMaja/1996EurokonAllg/	GummiPaede.jpg	0	193070
1971	fileadmin/s-maj/images/BilderMaja/1996EurokonAllg/	novosibirsk1.jpg	0	821509
1972	fileadmin/s-maj/images/BilderMaja/1998Dorfbachschiff/	S6.jpg	0	111053
1973	fileadmin/s-maj/images/BilderMaja/1998Dorfbachschiff/	s4.jpg	0	111087
1974	fileadmin/s-maj/images/BilderMaja/1998Dorfbachschiff/	schiffli3.jpg	0	240386
1975	fileadmin/s-maj/images/BilderMaja/1998Dorfbachschiff/	schiffli-me.jpg	0	1077883
1976	fileadmin/s-maj/images/BilderMaja/1998Dorfbachschiff/	schiffli-modell.jpg	0	115131
1977	fileadmin/s-maj/images/BilderMaja/1998Dorfbachschiff/	S5.jpg	0	90178
1978	fileadmin/s-maj/images/BilderMaja/1998Dorfbachschiff/	schiffli1.jpg	0	236228
1979	fileadmin/s-maj/images/BilderMaja/1998Dorfbachschiff/	schiffli-leute.jpg	0	1122463
1980	fileadmin/s-maj/images/BilderMaja/2008tcc/	IMG_1402.jpg	0	155366
1981	fileadmin/s-maj/images/BilderMaja/2008tcc/	IMG_1417.jpg	0	150093
1982	fileadmin/s-maj/images/BilderMaja/2008tcc/	IMG_1392-1.jpg	0	352719
1983	fileadmin/s-maj/images/BilderMaja/2008tcc/	IMG_1416.jpg	0	163022
1984	fileadmin/s-maj/images/BilderMaja/2008tcc/	IMG_1412.jpg	0	147328
1985	fileadmin/s-maj/images/BilderMaja/2008tcc/	IMG_1423.jpg	0	146050
1986	fileadmin/s-maj/images/BilderMaja/picsMaja/	meWelding.jpg	0	84395
1987	fileadmin/s-maj/images/BilderMaja/picsMaja/	screwingbw.jpg	0	351148
1988	fileadmin/s-maj/images/BilderMaja/picsMaja/	z_hands.jpg	0	403087
1989	fileadmin/s-maj/images/BilderMaja/2009elefant/2009 india/	Elephant_inside.jpg	1	28928
1990	fileadmin/s-maj/images/BilderMaja/2009elefant/2009 india/	model.jpg	1	44791
1991	fileadmin/s-maj/images/BilderMaja/2009elefant/2009 india/	musicians_roof.jpg	1	48476
1992	fileadmin/s-maj/images/BilderMaja/2009elefant/2009 india/	Elephant_staged.jpg	1	20051
1993	fileadmin/s-maj/images/BilderMaja/2009elefant/2009 india/	parts_and_roof.jpg	1	32048
1994	fileadmin/s-maj/images/BilderMaja/2009elefant/2009 india/	Elephants_Head_in_workshop.jpg	1	27172
1995	fileadmin/s-maj/images/BilderMaja/2009elefant/2009 india/	Elephant_side_view.jpg	1	60684
1996	fileadmin/s-maj/images/BilderMaja/2009elefant/	musicians_roof_01.jpg	1	48476
1997	fileadmin/s-maj/images/BilderMaja/2009elefant/2009 india/	Elephants_Head_close_up.jpg	1	31246
1998	fileadmin/s-maj/images/BilderMaja/2009elefant/	Elefphant_on_stage_01.jpg	1	52659
1999	fileadmin/s-maj/images/BilderMaja/2009elefant/2009 india/	Elephant_in_workshop.jpg	1	55592
2000	fileadmin/s-maj/images/BilderMaja/2009elefant/	Elephants_Head_close_up_01.jpg	1	31246
2001	fileadmin/s-maj/images/BilderMaja/2009elefant/2009 india/	Elefphant_on_stage.jpg	1	52659
2002	fileadmin/s-maj/images/BilderMaja/2009elefant/	model.jpg	0	44791
2003	fileadmin/s-maj/images/BilderMaja/2009elefant/	musicians_roof.jpg	0	48476
2004	fileadmin/s-maj/images/BilderMaja/2009elefant/	Elephant_staged.jpg	0	20051
2005	fileadmin/s-maj/images/BilderMaja/2009elefant/	parts_and_roof_01.jpg	1	32048
2006	fileadmin/s-maj/images/BilderMaja/2009elefant/	model_01.jpg	1	44791
2007	fileadmin/s-maj/images/BilderMaja/2009elefant/	Elephants_Head_in_workshop_01.jpg	1	27172
2008	fileadmin/s-maj/images/BilderMaja/2009elefant/	Elephant_inside.jpg	0	28928
2009	fileadmin/s-maj/images/BilderMaja/2009elefant/	parts_and_roof.jpg	0	32048
2010	fileadmin/s-maj/images/BilderMaja/2009elefant/	Elephants_Head_close_up.jpg	0	31246
2011	fileadmin/s-maj/images/BilderMaja/2009elefant/	Elephant_staged_01.jpg	1	20051
2012	fileadmin/s-maj/images/BilderMaja/2009elefant/	Elephant_side_view.jpg	0	60684
2013	fileadmin/s-maj/images/BilderMaja/2009elefant/	Elephant_in_workshop_01.jpg	1	55592
2014	fileadmin/s-maj/images/BilderMaja/2009elefant/	Elephant_in_workshop.jpg	0	55592
2015	fileadmin/s-maj/images/BilderMaja/2009elefant/	Elephant_inside_01.jpg	1	28928
2016	fileadmin/s-maj/images/BilderMaja/2009elefant/	Elephant_side_view_01.jpg	1	60684
2017	fileadmin/s-maj/images/BilderMaja/2009elefant/	Elephants_Head_in_workshop.jpg	0	27172
2018	fileadmin/s-maj/images/BilderMaja/2009elefant/	Elefphant_on_stage.jpg	0	52659
2019	fileadmin/s-maj/images/BilderMaja/thumbs/thumbssmall/	elefant.jpg	0	89142
2020	fileadmin/s-maj/images/BilderMaja/thumbs/thumbssmall/	elefant_01.jpg	0	89142
2021	fileadmin/s-maj/images/BilderMaja/thumbs/thumbssmall/2009elefant/	elefant1.jpg	1	55592
2022	fileadmin/s-maj/images/BilderMaja/thumbs/thumbssmall/2009elefant/	elefant2.jpg	1	27172
2023	fileadmin/s-maj/images/BilderMaja/thumbs/thumbssmall/2009elefant/	el_closeup.jpg	1	31246
2024	fileadmin/s-maj/images/BilderMaja/thumbs/thumbssmall/2009elefant/	el_side.jpg	1	60684
2025	fileadmin/s-maj/images/BilderMaja/thumbs/thumbssmall/2009elefant/	inside.jpg	1	28928
2026	fileadmin/s-maj/images/BilderMaja/thumbs/thumbssmall/2009elefant/	model.jpg	1	44791
2027	fileadmin/s-maj/images/BilderMaja/thumbs/thumbssmall/2009elefant/	m_elefantStaged.jpg	1	20051
2028	fileadmin/s-maj/images/BilderMaja/thumbs/thumbssmall/2009elefant/	m_elefantStaged2.jpg	1	52659
2029	fileadmin/s-maj/images/BilderMaja/thumbs/thumbssmall/2009elefant/	m_roof.jpg	1	48476
2030	fileadmin/s-maj/images/BilderMaja/thumbs/thumbssmall/2009elefant/	roof2.jpg	1	32048
2031	fileadmin/s-maj/images/BilderMaja/picsMaja/	premiere-014bw.jpg	0	63008
2032	fileadmin/s-maj/images/BilderMaja/picsMaja/	megeierbw1.jpg	0	47420
2033	fileadmin/s-maj/images/BilderMaja/picsMaja/	ichsw.jpg	0	60034
2034	fileadmin/s-maj/images/BilderMaja/2005TheWhale/	coppieghevole.jpg	0	152085
2035	fileadmin/s-maj/images/BilderMaja/2005TheWhale/whaledocnew/	The_Whale_tuned_FR127.jpg	0	92815
2036	fileadmin/s-maj/images/BilderMaja/2005TheWhale/whaledocnew/	The_Whale_tuned_FR114.jpg	0	86083
2037	fileadmin/s-maj/images/BilderMaja/2005TheWhale/whaledocnew/	heart_FR122.jpg	0	82299
2038	fileadmin/s-maj/images/BilderMaja/2005TheWhale/whaledocnew/	stomach_FR118.jpg	0	81596
2039	fileadmin/s-maj/images/BilderMaja/2005TheWhale/whaledocnew/	structure_FR112.jpg	0	108765
2040	fileadmin/s-maj/images/BilderMaja/2005TheWhale/whaledocnew/	pendulum_FR123.jpg	0	56996
2041	fileadmin/s-maj/images/BilderMaja/2005TheWhale/whaledocnew/	stomach_FR119.jpg	0	68494
2042	fileadmin/s-maj/images/BilderMaja/2005TheWhale/whaledocnew/	tail_FR115.jpg	0	72718
2043	fileadmin/s-maj/images/BilderMaja/2005TheWhale/whaledocnew/	intestines_FR117.jpg	0	71056
2044	fileadmin/s-maj/images/BilderMaja/2005TheWhale/whaledocnew/	buildup_FR113.jpg	0	79486
2045	fileadmin/s-maj/images/BilderMaja/2005TheWhale/whaledocnew/	mouth_FR126.jpg	0	119005
2046	fileadmin/s-maj/images/BilderMaja/2005TheWhale/whaledocnew/	lung_FR120.jpg	0	65878
2047	fileadmin/s-maj/images/BilderMaja/2005TheWhale/whaledocnew/	blow_FR124.jpg	0	80726
2048	fileadmin/s-maj/images/BilderMaja/2005TheWhale/whaledocnew/	lung_FR121.jpg	0	65859
2049	fileadmin/s-maj/images/BilderMaja/2005TheWhale/	mess1.jpg	0	69584
2050	fileadmin/s-maj/images/BilderMaja/2005TheWhale/	mess2.jpg	0	72070
2051	fileadmin/s-maj/images/BilderMaja/2005TheWhale/	big_blackandwhite.jpg	0	24925
2052	fileadmin/s-maj/images/BilderMaja/2005TheWhale/	bigandsmall_grey.jpg	0	33274
2053	fileadmin/s-maj/images/BilderMaja/2005TheWhale/	bigandsmall_threegrey.jpg	0	34513
2054	fileadmin/s-maj/images/BilderMaja/2005TheWhale/	Flyer.jpg	0	395749
2055	fileadmin/s-maj/images/BilderMaja/2005TheWhale/	mess3.jpg	0	50383
2056	fileadmin/s-maj/images/BilderMaja/thumbs/thumbssmall/	whale3.jpg	0	73379
2057	fileadmin/s-maj/images/BilderMaja/2009carwreck/	odonien0001-2.jpg	1	69185
2058	fileadmin/s-maj/images/BilderMaja/2009carwreck/	odonien0002-2.jpg	1	68526
2059	fileadmin/s-maj/images/BilderMaja/2009carwreck/	odonien0003-2.jpg	1	78427
2060	fileadmin/s-maj/images/BilderMaja/2009carwreck/	odonien0004-2.jpg	1	47854
2061	fileadmin/s-maj/images/BilderMaja/2009carwreck/	odonien0001.jpg	0	452934
2062	fileadmin/s-maj/images/BilderMaja/2009carwreck/	odonien0002.jpg	0	472241
2063	fileadmin/s-maj/images/BilderMaja/2009carwreck/	odonien0003.jpg	0	477371
2064	fileadmin/s-maj/images/BilderMaja/2009carwreck/	odonien0004.jpg	0	373787
2065	fileadmin/s-maj/images/BilderMaja/2008tcc/	Morte_Babbo_9073__Federica_Borgato.jpg	0	160465
2066	fileadmin/s-maj/images/BilderMaja/2010duschfass/	CIMG1274.jpg	1	245536
2067	fileadmin/s-maj/images/BilderMaja/2010duschfass/	CIMG1253.jpg	1	196771
2068	fileadmin/s-maj/images/BilderMaja/2010duschfass/	CIMG1267.jpg	1	159101
2069	fileadmin/s-maj/images/BilderMaja/2010duschfass/	CIMG1307.jpg	1	254235
2070	fileadmin/s-maj/images/BilderMaja/2010duschfass/	CIMG1264.jpg	1	246551
2071	fileadmin/s-maj/images/BilderMaja/2010duschfass/	CIMG1259.jpg	1	242006
2072	fileadmin/s-maj/images/BilderMaja/2010duschfass/	CIMG1243.jpg	1	191591
2073	fileadmin/s-maj/images/BilderMaja/2010duschfass/	CIMG1248.jpg	1	273103
2074	fileadmin/s-maj/images/BilderMaja/2010duschfass/	CIMG1316.jpg	1	223933
2075	fileadmin/s-maj/images/BilderMaja/2010duschfass/	CIMG1313.jpg	1	197841
2076	fileadmin/s-maj/images/BilderMaja/2010duschfass/	CIMG1242.jpg	1	355492
2077	fileadmin/s-maj/images/BilderMaja/2010duschfass/	CIMG1269.jpg	1	268254
2078	fileadmin/s-maj/images/BilderMaja/2010duschfass/	CIMG1255.jpg	1	158418
2079	fileadmin/s-maj/images/BilderMaja/2010duschfass/	.DS_Store	1	6148
2080	fileadmin/s-maj/images/BilderMaja/2010duschfass/	CIMG1260.jpg	1	246399
2081	fileadmin/s-maj/images/BilderMaja/thumbs/thumbssmall/	Duschfass.jpg	0	88400
2082	fileadmin/s-maj/images/BilderMaja/2010duschfass/	CIMG1259.jpg	0	242006
2083	fileadmin/s-maj/images/BilderMaja/2010duschfass/	CIMG1269.jpg	0	590691
2084	fileadmin/s-maj/images/BilderMaja/2010duschfass/	CIMG1274.jpg	0	245536
2085	fileadmin/s-maj/images/BilderMaja/2010duschfass/	CIMG1267.jpg	0	159101
2086	fileadmin/s-maj/images/BilderMaja/2010duschfass/	CIMG1255.jpg	0	411211
2087	fileadmin/s-maj/images/BilderMaja/2010duschfass/	CIMG1264.jpg	0	246551
2088	fileadmin/s-maj/images/BilderMaja/2010duschfass/	CIMG1242.jpg	0	770056
2089	fileadmin/s-maj/images/BilderMaja/2010duschfass/	CIMG1248.jpg	0	606352
2090	fileadmin/s-maj/images/BilderMaja/2010duschfass/	CIMG1253.jpg	0	196771
2091	fileadmin/s-maj/images/BilderMaja/2010duschfass/	CIMG1243.jpg	0	459069
2092	fileadmin/s-maj/images/BilderMaja/2010duschfass/	CIMG1316.jpg	0	223933
2093	fileadmin/s-maj/images/BilderMaja/2010duschfass/	CIMG1260.jpg	0	557624
2094	fileadmin/s-maj/images/BilderMaja/2010duschfass/	CIMG1313.jpg	0	465188
2095	fileadmin/s-maj/images/BilderMaja/2010duschfass/	CIMG1307.jpg	0	614819
2096	fileadmin/s-maj/images/BilderMaja/2010VogelEffi/	dsc_4111.jpg	0	113992
2097	fileadmin/s-maj/images/BilderMaja/2010VogelEffi/	dsc_4125.jpg	0	163262
2098	fileadmin/s-maj/images/BilderMaja/2010VogelEffi/	2010-08-06_15-51-01.jpg	0	152208
2099	fileadmin/s-maj/images/BilderMaja/2010VogelEffi/	dsc_4117.jpg	0	110959
2100	fileadmin/s-maj/images/BilderMaja/2010VogelEffi/	dsc_4118.jpg	0	136928
2101	fileadmin/s-maj/images/BilderMaja/2010VogelEffi/	dsc_4071.jpg	0	104763
2102	fileadmin/s-maj/images/BilderMaja/2010VogelEffi/	dsc_4090.jpg	0	73395
2103	fileadmin/s-maj/images/BilderMaja/2010VogelEffi/	dsc_4121.jpg	0	116214
2104	fileadmin/s-maj/images/BilderMaja/2010VogelEffi/	dsc_4114.jpg	0	113651
2105	fileadmin/s-maj/images/BilderMaja/2010VogelEffi/	dsc_4073.jpg	0	198690
2106	fileadmin/s-maj/images/BilderMaja/2010VogelSuter/	dsc_4109.jpg	0	71939
2107	fileadmin/s-maj/images/BilderMaja/2010VogelSuter/	dsc_4097.jpg	0	78020
2108	fileadmin/s-maj/images/BilderMaja/2010VogelSuter/	dsc_4106.jpg	0	84613
2109	fileadmin/s-maj/images/BilderMaja/2010VogelSuter/	dsc_4100.jpg	0	87452
2110	fileadmin/s-maj/images/BilderMaja/2010VogelSuter/	suter1.jpg	0	102085
2111	fileadmin/s-maj/images/BilderMaja/2010VogelSuter/	dsc_4095.jpg	0	126823
2112	fileadmin/s-maj/images/BilderMaja/2010VogelSuter/	dsc_4093.jpg	0	100752
2113	fileadmin/s-maj/images/BilderMaja/2010Mikz/	IMG_0578.jpg	0	175566
2114	fileadmin/s-maj/images/BilderMaja/2010Mikz/	IMG_0568.jpg	0	119226
2115	fileadmin/s-maj/images/BilderMaja/2010Mikz/	IMG_0587.jpg	0	116100
2116	fileadmin/s-maj/images/BilderMaja/2010Mikz/	barback.jpg	0	145277
2117	fileadmin/s-maj/images/BilderMaja/2010Mikz/	IMG_0589.jpg	0	147849
2118	fileadmin/s-maj/images/BilderMaja/2010Mikz/	IMG_0582.jpg	0	177222
2119	fileadmin/s-maj/images/BilderMaja/2010Mikz/	IMG_0572.jpg	0	132088
2120	fileadmin/s-maj/images/BilderMaja/2010Mikz/	IMG_0569.jpg	0	205443
2121	fileadmin/s-maj/images/BilderMaja/2010Mikz/	Scetch.jpg	0	127820
2122	fileadmin/s-maj/images/BilderMaja/2010Mikz/	IMG_0601.jpg	0	131609
2123	fileadmin/s-maj/images/BilderMaja/2010Mikz/	IMG_0581.jpg	0	147156
2124	fileadmin/s-maj/images/BilderMaja/2010Mikz/	IMG_0584.jpg	0	104736
2125	fileadmin/s-maj/images/BilderMaja/2010duschfass/	Fass_36.jpg	0	124901
2126	fileadmin/s-maj/images/BilderMaja/2008pleitegeier/	IMG_0510.jpg	0	198838
2127	fileadmin/s-maj/images/BilderMaja/thumbs/thumbssmall/	effi.jpg	0	47787
2128	fileadmin/s-maj/images/BilderMaja/thumbs/thumbssmall/	Mikz.jpg	0	67672
2129	fileadmin/s-maj/images/BilderMaja/thumbs/thumbssmall/	suter.jpg	0	50388
2130	fileadmin/s-maj/images/BilderMaja/thumbs/thumbssmall/	Duschfass2.jpg	0	68834
2131	fileadmin/s-maj/images/BilderMaja/thumbs/thumbssmall/	Duschfass3.jpg	0	50017
2132	fileadmin/s-maj/images/BilderMaja/thumbs/thumbssmall/	Duschfass4.jpg	0	51654
2133	fileadmin/s-maj/images/BilderMaja/thumbs/thumbssmall/	Duschfass5.jpg	0	66746
2134	fileadmin/s-maj/images/BilderMaja/aafront/	compilation4.jpg	1	206834
2135	fileadmin/s-maj/images/BilderMaja/aafront/	compilation4_01.jpg	0	206834
2136	fileadmin/s-maj/images/BilderMaja/aafront/	compilation5.jpg	0	191180
2137	fileadmin/s-maj/images/BilderMaja/aafront/	compilation6.jpg	0	322453
2138	fileadmin/s-maj/images/BilderMaja/aafront/	compilation7.jpg	0	449767
2139	fileadmin/s-maj/images/BilderMaja/aafront/	compilation12.jpg	0	516543
2140	fileadmin/s-maj/images/BilderMaja/2010OdonischeFeuer/	Feuerrinne6_H_test.jpg	0	427043
2141	fileadmin/s-maj/images/BilderMaja/2010OdonischeFeuer/	Feuerrinne2_L_kl.jpg	0	80157
2142	fileadmin/s-maj/images/BilderMaja/2010OdonischeFeuer/	Feuerrinne6_H_test_sW.jpg	0	190179
2143	fileadmin/s-maj/images/BilderMaja/2010OdonischeFeuer/	Feuerbrunnen2_L_kl.jpg	0	164150
2144	fileadmin/s-maj/images/BilderMaja/2010OdonischeFeuer/	Feuerbrunnen8_H_test.jpg	0	270871
2145	fileadmin/s-maj/images/BilderMaja/2010OdonischeFeuer/	Logo4_H_Test1.jpg	0	583521
2146	fileadmin/s-maj/images/BilderMaja/2010OdonischeFeuer/	Feuerbrunnen4_H_test.jpg	0	252345
2147	fileadmin/s-maj/images/BilderMaja/2010OdonischeFeuer/	Feuerrinne1_L_kl.jpg	0	139674
2148	fileadmin/s-maj/images/BilderMaja/2010OdonischeFeuer/	Feuerrinne3_H_test.jpg	0	367273
2149	fileadmin/s-maj/images/BilderMaja/2010OdonischeFeuer/	LogoBlauBearb_8_C_kl.jpg	0	85785
2150	fileadmin/s-maj/images/BilderMaja/2010OdonischeFeuer/	Feuerrinne7_H.JPG	0	43637
2151	fileadmin/s-maj/images/BilderMaja/2010OdonischeFeuer/	Feuerbrunnen7_H.JPG	0	72007
2152	fileadmin/s-maj/images/BilderMaja/2010OdonischeFeuer/	Feuerbrunnen1_L_kl.jpg	0	716768
2153	fileadmin/s-maj/images/BilderMaja/2010OdonischeFeuer/	.DS_Store	1	6148
2154	fileadmin/s-maj/images/BilderMaja/2010OdonischeFeuer/	Feuerbrunnen6_H_test.jpg	0	246978
2155	fileadmin/s-maj/images/BilderMaja/2010OdonischeFeuer/	Logo_blau1_L_kl.jpg	0	67601
2156	fileadmin/s-maj/images/BilderMaja/2010OdonischeFeuer/	Logo_Flamme1_L_kl.jpg	0	84137
2157	fileadmin/s-maj/images/BilderMaja/2010OdonischeFeuer/	Logo5_H_Test.jpg	0	463538
2158	fileadmin/s-maj/images/BilderMaja/thumbs/thumbssmall/	Duschfass7.jpg	0	86253
2159	fileadmin/s-maj/images/BilderMaja/thumbs/thumbssmall/	logoOdo1.jpg	0	91661
2160	fileadmin/s-maj/images/BilderMaja/thumbs/thumbssmall/	FireFountain1.jpg	0	79379
2161	fileadmin/s-maj/images/BilderMaja/thumbs/thumbssmall/	OdoFeuer3.jpg	0	62812
2162	fileadmin/s-maj/images/BilderMaja/thumbs/thumbssmall/	Mikz2.jpg	0	95903
2163	fileadmin/s-maj/images/BilderMaja/2010VogelEffi/	effi3_kl.jpg	0	155120
2164	fileadmin/s-maj/images/BilderMaja/2010VogelEffi/	Effi2_kl.jpg	0	108685
2165	fileadmin/s-maj/images/BilderMaja/2010VogelEffi/	effi1_kl.jpg	0	181060
2166	fileadmin/s-maj/images/BilderMaja/2010VogelEffi/	effi2_th.jpg	0	77535
2167	fileadmin/s-maj/images/BilderMaja/2010VogelEffi/	jurabird_th.jpg	0	60389
2168	fileadmin/s-maj/images/BilderMaja/2012WackenScull/	final_surface.jpg	1	318384
2169	fileadmin/s-maj/images/BilderMaja/2012WackenScull/	close_up1.jpg	1	321083
2170	fileadmin/s-maj/images/BilderMaja/2012WackenScull/	print.psd	1	3662283
2171	fileadmin/s-maj/images/BilderMaja/2012WackenScull/	close_up2.jpg	1	329106
2172	fileadmin/s-maj/images/BilderMaja/2012WackenScull/	erico2.jpg	1	501216
2173	fileadmin/s-maj/images/BilderMaja/2012WackenScull/	up3.jpg	1	365705
2174	fileadmin/s-maj/images/BilderMaja/2012WackenScull/	ich.jpg	1	476833
2175	fileadmin/s-maj/images/BilderMaja/2012WackenScull/	up2.jpg	1	356775
2176	fileadmin/s-maj/images/BilderMaja/2012WackenScull/	print.jpg	1	383321
2177	fileadmin/s-maj/images/BilderMaja/2012WackenScull/	up1.jpg	1	374769
2178	fileadmin/s-maj/images/BilderMaja/2012WackenScull/	construction.jpg	1	210436
2179	fileadmin/s-maj/images/BilderMaja/2012WackenScull/	up4.jpg	1	391616
2180	fileadmin/s-maj/images/BilderMaja/2012WackenScull/	erico.jpg	1	493681
2181	fileadmin/s-maj/images/BilderMaja/2012WackenScull/	close_up3.jpg	1	310791
2182	fileadmin/s-maj/images/BilderMaja/2012WackenScull/	final_surface.jpg	0	201515
2183	fileadmin/s-maj/images/BilderMaja/2012WackenScull/	close_up1.jpg	0	198224
2184	fileadmin/s-maj/images/BilderMaja/2012WackenScull/	Model3.jpg	0	251832
2185	fileadmin/s-maj/images/BilderMaja/2012WackenScull/	close_up2.jpg	0	203866
2186	fileadmin/s-maj/images/BilderMaja/2012WackenScull/	Model1.jpg	0	261996
2187	fileadmin/s-maj/images/BilderMaja/2012WackenScull/	erico2.jpg	0	220354
2188	fileadmin/s-maj/images/BilderMaja/2012WackenScull/	up3.jpg	0	234648
2189	fileadmin/s-maj/images/BilderMaja/2012WackenScull/	ich.jpg	0	212549
2190	fileadmin/s-maj/images/BilderMaja/2012WackenScull/	up2.jpg	0	229382
2191	fileadmin/s-maj/images/BilderMaja/2012WackenScull/	Model4.jpg	0	213394
2192	fileadmin/s-maj/images/BilderMaja/2012WackenScull/	up1.jpg	0	240274
2193	fileadmin/s-maj/images/BilderMaja/2012WackenScull/	construction.jpg	0	202867
2194	fileadmin/s-maj/images/BilderMaja/2012WackenScull/	up4.jpg	0	251595
2195	fileadmin/s-maj/images/BilderMaja/2012WackenScull/	erico.jpg	0	217667
2196	fileadmin/s-maj/images/BilderMaja/2012WackenScull/	close_up3.jpg	0	195101
2197	fileadmin/s-maj/images/BilderMaja/2012WackenScull/	Modell2.jpg	0	254796
2198	fileadmin/s-maj/images/BilderMaja/thumbs/thumbssmall/	WackenScull2.jpg	0	79336
2199	fileadmin/s-maj/images/BilderMaja/2012WackenScull/	P1100852.jpg	0	321885
2200	fileadmin/s-maj/images/BilderMaja/2012WackenScull/	P1100853.jpg	0	244306
2201	fileadmin/s-maj/images/BilderMaja/2012WackenScull/	P1100854.jpg	0	192664
2202	fileadmin/s-maj/images/BilderMaja/2012WackenScull/	P1110014.jpg	0	309598
2203	fileadmin/s-maj/images/BilderMaja/2012WackenScull/	P1110072.jpg	0	206792
2204	fileadmin/s-maj/images/BilderMaja/2012WOA_Bull/	Festival1.jpg	0	437118
2205	fileadmin/s-maj/images/BilderMaja/2012WOA_Bull/	Festival2.jpg	0	341609
2206	fileadmin/s-maj/images/BilderMaja/2012WOA_Bull/	gf3.jpg	0	226268
2207	fileadmin/s-maj/images/BilderMaja/2012WOA_Bull/	hr.jpg	0	663893
2208	fileadmin/s-maj/images/BilderMaja/2012WOA_Bull/	Isr1.jpg	0	424901
2209	fileadmin/s-maj/images/BilderMaja/2012WOA_Bull/	l1.jpg	0	290764
2210	fileadmin/s-maj/images/BilderMaja/2012WOA_Bull/	l2.jpg	0	518618
2211	fileadmin/s-maj/images/BilderMaja/2012WOA_Bull/	Nose1.jpg	0	220774
2212	fileadmin/s-maj/images/BilderMaja/2012WOA_Bull/	r13.jpg	0	241790
2213	fileadmin/s-maj/images/BilderMaja/2012WOA_Bull/	us1.jpg	0	164383
2214	fileadmin/s-maj/images/BilderMaja/2012WOA_Bull/	vl2.jpg	0	213923
2215	fileadmin/s-maj/images/BilderMaja/2012WOA_Bull/	vl21.jpg	0	210548
2216	fileadmin/s-maj/images/BilderMaja/thumbs/thumbssmall/	WOA_Bull1.jpg	0	98682
2217	fileadmin/s-maj/images/BilderMaja/thumbs/thumbssmall/	WOA_Bull2.jpg	0	82973
2218	fileadmin/s-maj/images/BilderMaja/thumbs/thumbssmall/	WOA_Scull2.jpg	0	93154
2219	fileadmin/s-maj/images/BilderMaja/thumbs/thumbssmall/	WOA_Scull1.jpg	0	80769
2220	fileadmin/s-maj/images/BilderMaja/thumbs/thumbssmall/	WOA_Bull3.jpg	0	88254
2221	fileadmin/s-maj/images/BilderMaja/2012WOA_Bull/	BullFrontMasse.jpg	0	305564
2222	fileadmin/s-maj/images/BilderMaja/2012WOA_Bull/	BullSeiteMasse.jpg	0	435096
2223	fileadmin/s-maj/images/BilderMaja/2012WOA_Bull/	skull_clean.jpg	0	285623
2224	fileadmin/s-maj/images/BilderMaja/2012WackenScull/	skull_clean.jpg	0	285623
2225	fileadmin/s-maj/images/BilderMaja/thumbs/thumbssmall/	Mantelheizung2.jpg	0	105022
2226	fileadmin/s-maj/images/BilderMaja/	Alchemybar2.jpg	0	88159
2227	fileadmin/s-maj/images/BilderMaja/thumbs/thumbssmall/	Alchemybar2.jpg	0	88159
2228	fileadmin/s-maj/images/BilderMaja/thumbs/thumbssmall/	xixbar2.jpg	0	85162
2229	fileadmin/s-maj/images/BilderMaja/thumbs/thumbssmall/	DerevoOl2.jpg	0	81399
2230	fileadmin/s-maj/images/BilderMaja/thumbs/thumbssmall/	Kalandraka.jpg	0	71650
2231	fileadmin/s-maj/images/BilderMaja/thumbs/thumbssmall/	Kalandraka2.jpg	0	67912
2232	fileadmin/s-maj/images/BilderMaja/thumbs/thumbssmall/	crows2.jpg	0	55133
2233	fileadmin/s-maj/images/BilderMaja/thumbs/thumbssmall/	Dorfbach2.jpg	0	44517
2234	fileadmin/s-maj/images/BilderMaja/thumbs/thumbssmall/	lizard2.jpg	0	87587
2235	fileadmin/s-maj/images/BilderMaja/thumbs/thumbssmall/	India2.jpg	0	88408
2236	fileadmin/s-maj/images/BilderMaja/thumbs/thumbssmall/	Nova3.jpg	0	97852
2237	fileadmin/s-maj/images/BilderMaja/2010VogelSuter/	Rabe2.jpg	0	243706
2238	fileadmin/s-maj/images/BilderMaja/2010VogelSuter/	Rabe3.jpg	0	238916
2239	fileadmin/s-maj/images/BilderMaja/2012WOA_Bull/	Werkstatt1.jpg	0	345656
2240	fileadmin/s-maj/images/BilderMaja/	Figure1_1.jpg	0	277087
2241	fileadmin/s-maj/images/BilderMaja/	Figure1_forest.jpg	0	372247
2242	fileadmin/s-maj/images/BilderMaja/	Figure1_rail.jpg	0	316885
2243	fileadmin/s-maj/images/BilderMaja/	Figure1_sky.jpg	0	222652
2244	fileadmin/s-maj/images/BilderMaja/	Figure2_sky.jpg	0	180133
2245	fileadmin/s-maj/images/BilderMaja/2013TubeRail/	Figure1_1.jpg	0	277087
2246	fileadmin/s-maj/images/BilderMaja/2013TubeRail/	Figure1_forest.jpg	0	372247
2247	fileadmin/s-maj/images/BilderMaja/2013TubeRail/	Figure1_rail.jpg	0	316885
2248	fileadmin/s-maj/images/BilderMaja/2013TubeRail/	Figure1_sky.jpg	0	222652
2249	fileadmin/s-maj/images/BilderMaja/2013TubeRail/	Figure2_sky.jpg	0	180133
2250	fileadmin/s-maj/images/BilderMaja/2013TubeRail/	Figure2.jpg	0	260901
2251	fileadmin/s-maj/images/BilderMaja/2013TubeRail/	Figure3_1.jpg	0	173568
2252	fileadmin/s-maj/images/BilderMaja/2013TubeRail/	Figure3_bau.jpg	0	256384
2253	fileadmin/s-maj/images/BilderMaja/2013TubeRail/	Figure3_making1.jpg	0	401754
2254	fileadmin/s-maj/images/BilderMaja/2013TubeRail/	Figure3_sky.jpg	0	163227
2255	fileadmin/s-maj/images/BilderMaja/2013TubeRail/	Figure3_sky2.jpg	0	233306
2256	fileadmin/s-maj/images/BilderMaja/2013TubeRail/	Figure3_weld.jpg	0	282936
2257	fileadmin/s-maj/images/BilderMaja/2013TubeRail/	Rail1.jpg	0	294882
2258	fileadmin/s-maj/images/BilderMaja/2013TubeRail/	Rail2.jpg	0	262484
2259	fileadmin/s-maj/images/BilderMaja/2013TubeRail/	Rail3.jpg	0	321525
2260	fileadmin/s-maj/images/BilderMaja/2013TubeRail/	Rail4.jpg	0	248070
2261	fileadmin/s-maj/images/BilderMaja/2013TubeRail/	Tube_Rail11.jpg	0	112609
2262	fileadmin/s-maj/images/BilderMaja/2013TubeRail/	Tube_Rail44.jpg	0	175345
2263	fileadmin/s-maj/images/BilderMaja/thumbs/thumbssmall/	Tubebox1.jpg	0	58318
2264	fileadmin/s-maj/images/BilderMaja/thumbs/thumbssmall/	Tubebox.jpg	0	59283
2265	fileadmin/s-maj/images/BilderMaja/thumbs/thumbssmall/	Tubebox3.jpg	0	46306
2266	fileadmin/s-maj/images/BilderMaja/2013SisyphosGate/	_0016160-Bearbeitet.jpg	0	380170
2267	fileadmin/s-maj/images/BilderMaja/2013SisyphosGate/	DjangoKnoth_Gate_01.jpg	0	347098
2268	fileadmin/s-maj/images/BilderMaja/2013SisyphosGate/	DjangoKnoth_Gate_03.jpg	0	373499
2269	fileadmin/s-maj/images/BilderMaja/2013SisyphosGate/	DjangoKnoth_Gate_30.jpg	0	350498
2270	fileadmin/s-maj/images/BilderMaja/2013SisyphosGate/	DjangoKnoth_Gate_33.jpg	0	364802
2271	fileadmin/s-maj/images/BilderMaja/2013SisyphosGate/	DjangoKnoth_Gate_37.jpg	0	482381
2272	fileadmin/s-maj/images/BilderMaja/2013SisyphosGate/	Duck_gate_1.jpg	0	290914
2273	fileadmin/s-maj/images/BilderMaja/2013SisyphosGate/	Ducks_gate.jpg	0	237367
2274	fileadmin/s-maj/images/BilderMaja/2013SisyphosGate/	FullView24.jpg	0	315826
2275	fileadmin/s-maj/images/BilderMaja/2013SisyphosGate/	IMG_1286.JPG	0	337509
2276	fileadmin/s-maj/images/BilderMaja/thumbs/thumbssmall/	Sisyphos1.jpg	0	64716
2277	fileadmin/s-maj/images/BilderMaja/thumbs/thumbssmall/	Sisyphos2.jpg	0	65903
2278	fileadmin/s-maj/images/BilderMaja/thumbs/thumbssmall/	Sisyphos3.jpg	0	56306
2279	fileadmin/s-maj/images/BilderMaja/thumbs/thumbssmall/	Sisyphos4.jpg	0	62730
2280	fileadmin/s-maj/images/BilderMaja/2013FifthEstate/	chair1.jpg	0	336372
2281	fileadmin/s-maj/images/BilderMaja/2013FifthEstate/	chair2.jpg	0	284936
2282	fileadmin/s-maj/images/BilderMaja/2013FifthEstate/	chair3.jpg	0	282514
2283	fileadmin/s-maj/images/BilderMaja/2013FifthEstate/	Chair4.jpg	0	270206
2284	fileadmin/s-maj/images/BilderMaja/2013FifthEstate/	ChairGroup.jpg	0	270335
2285	fileadmin/s-maj/images/BilderMaja/2013FifthEstate/	Sofa.jpg	0	375555
2286	fileadmin/s-maj/images/BilderMaja/2013FifthEstate/	Table1.jpg	0	296762
2287	fileadmin/s-maj/images/BilderMaja/2013FifthEstate/	TableAndLamp.jpg	0	227187
2288	fileadmin/s-maj/images/BilderMaja/thumbs/ThumbsNeu/	5thEstate1.jpg	0	57194
2289	fileadmin/s-maj/images/BilderMaja/thumbs/ThumbsNeu/	5thEstate2.jpg	0	56795
2290	fileadmin/s-maj/images/BilderMaja/thumbs/ThumbsNeu/	Schutzengel1.jpg	0	39962
2291	fileadmin/s-maj/images/BilderMaja/thumbs/ThumbsNeu/	Schutzengel2.jpg	0	44046
2292	fileadmin/s-maj/images/BilderMaja/thumbs/ThumbsNeu/	Schutzengel3.jpg	0	42207
2293	fileadmin/s-maj/images/BilderMaja/thumbs/ThumbsNeu/	Schutzengel4.jpg	0	51809
2294	fileadmin/s-maj/images/BilderMaja/2013Schutzengel/	379679_726045454091027_1293523986_n.jpg	0	62210
2295	fileadmin/s-maj/images/BilderMaja/2013Schutzengel/	577562_729665137062392_1645441132_n.jpg	0	45679
2296	fileadmin/s-maj/images/BilderMaja/2013Schutzengel/	1422512_726948264000746_1114160109_n.jpg	0	63636
2297	fileadmin/s-maj/images/BilderMaja/2013Schutzengel/	1441219_725857204109852_768118797_n.jpg	0	40445
2298	fileadmin/s-maj/images/BilderMaja/2013Schutzengel/	1452487_595512170521956_984518901_n.jpg	0	36653
2299	fileadmin/s-maj/images/BilderMaja/2013Schutzengel/	HIV_dark.jpg	0	290649
2300	fileadmin/s-maj/images/BilderMaja/2013Schutzengel/	HIV_destroy1.jpg	0	296549
2301	fileadmin/s-maj/images/BilderMaja/2013Schutzengel/	HIV_destroy2.jpg	0	296669
2302	fileadmin/s-maj/images/BilderMaja/2013Schutzengel/	HIV_destroy33.jpg	0	231459
2303	fileadmin/s-maj/images/BilderMaja/2013Schutzengel/	HIV_jungs.jpg	0	294202
2304	fileadmin/s-maj/images/BilderMaja/2013Schutzengel/	Schutzengel_Fluegel1.jpg	0	193464
2305	fileadmin/s-maj/images/BilderMaja/2013Schutzengel/	HIV_jungs2.jpg	0	294423
2306	fileadmin/s-maj/images/BilderMaja/2013Schutzengel/	Schutzengel_Fluegel2.jpg	0	309968
2307	fileadmin/s-maj/images/BilderMaja/2013Schutzengel/	Schutzengel_Fluegel3.jpg	0	245488
2308	fileadmin/s-maj/images/BilderMaja/2013Schutzengel/	Schutzengel_Fluegel4.jpg	0	270852
2309	fileadmin/s-maj/images/BilderMaja/2013Schutzengel/	Schutzengel_total.jpg	0	191872
2310	fileadmin/s-maj/images/BilderMaja/thumbs/ThumbsNeu/	TubeBox4.jpg	0	70402
2311	fileadmin/s-maj/images/BilderMaja/2013Schutzengel/	Debris2.jpg	0	420876
2312	fileadmin/s-maj/images/BilderMaja/2014Seamonster/	45_045_Baustelle_m_207.JPG	0	204372
2313	fileadmin/s-maj/images/BilderMaja/2014Seamonster/	56_056_Baustelle_m_247.JPG	0	354390
2314	fileadmin/s-maj/images/BilderMaja/2014Seamonster/	59_060_Baustelle_m_283.JPG	0	358797
2315	fileadmin/s-maj/images/BilderMaja/2014Seamonster/	Baustelle_m_028.jpg	0	381330
2316	fileadmin/s-maj/images/BilderMaja/2014Seamonster/	Herbs_OTR_177.jpg	0	186785
2317	fileadmin/s-maj/images/BilderMaja/2014Seamonster/	Monsta1_h.jpg	0	307310
2318	fileadmin/s-maj/images/BilderMaja/2014Seamonster/	MonstaNachtTest1_m.jpg	0	166492
2319	fileadmin/s-maj/images/BilderMaja/2014Seamonster/	MonstaSide22_m.jpg	0	339864
2320	fileadmin/s-maj/images/BilderMaja/2014Seamonster/	MonstaSide31_m.jpg	0	309280
2321	fileadmin/s-maj/images/BilderMaja/2014Seamonster/	MonstaTest22_m.jpg	0	301720
2322	fileadmin/s-maj/images/BilderMaja/2014Seamonster/	Night1_m.jpg	0	254201
2323	fileadmin/s-maj/images/BilderMaja/2014Seamonster/	Night3_m.jpg	0	362962
2324	fileadmin/s-maj/images/BilderMaja/2014Seamonster/	Night7_f.jpg	0	195636
2325	fileadmin/s-maj/images/BilderMaja/2014Seamonster/	Night9_h.jpg	0	269052
2326	fileadmin/s-maj/images/BilderMaja/2014Seamonster/	Sea21_m.jpg	0	245053
2327	fileadmin/s-maj/images/BilderMaja/2014Seamonster/	740768_10152548245652646_1893194373_o.jpg	0	371320
2328	fileadmin/s-maj/images/BilderMaja/2014Seamonster/	1801199_206741202857649_2111544023_o.jpg	0	189342
2329	fileadmin/s-maj/images/BilderMaja/2014Seamonster/	P1020610.jpg	0	179881
2330	fileadmin/s-maj/images/BilderMaja/thumbs/ThumbsNeu/	Seamonster3.jpg	0	44605
2331	fileadmin/s-maj/images/BilderMaja/thumbs/ThumbsNeu/	Seamonster4.jpg	0	65794
2332	fileadmin/s-maj/images/BilderMaja/thumbs/ThumbsNeu/	Seamoster5.jpg	0	41622
2333	fileadmin/s-maj/images/BilderMaja/thumbs/ThumbsNeu/	Seamonster6.jpg	0	41990
2334	fileadmin/s-maj/images/BilderMaja/thumbs/ThumbsNeu/	2014-07-31_18.30.08.jpg	0	232106
2335	fileadmin/s-maj/images/BilderMaja/thumbs/ThumbsNeu/	2014-08-25_16.55.54.jpg	0	325163
2336	fileadmin/s-maj/images/BilderMaja/thumbs/ThumbsNeu/	2014-08-26_17.16.52-1.jpg	0	263036
2337	fileadmin/s-maj/images/BilderMaja/thumbs/ThumbsNeu/	2014-08-27_16.58.07-1.jpg	0	297889
2338	fileadmin/s-maj/images/BilderMaja/thumbs/ThumbsNeu/	aussen.jpg	0	336864
2339	fileadmin/s-maj/images/BilderMaja/2014Lionfish/	2014-07-31_18.30.08.jpg	0	232106
2340	fileadmin/s-maj/images/BilderMaja/2014Lionfish/	2014-08-25_16.55.54.jpg	0	325163
2341	fileadmin/s-maj/images/BilderMaja/2014Lionfish/	2014-08-26_17.16.52-1.jpg	0	263036
2342	fileadmin/s-maj/images/BilderMaja/2014Lionfish/	aussen.jpg	0	336864
2343	fileadmin/s-maj/images/BilderMaja/2014Lionfish/	2014-08-26_17.16.52-1_01.jpg	0	263036
2344	fileadmin/s-maj/images/BilderMaja/2014Lionfish/	aussen2.jpg	0	299546
2345	fileadmin/s-maj/images/BilderMaja/2014Lionfish/	Einzelteile.jpg	0	396174
2346	fileadmin/s-maj/images/BilderMaja/2014Lionfish/	innen.jpg	0	398407
2347	fileadmin/s-maj/images/BilderMaja/2014Lionfish/	Neu.jpg	0	299515
2348	fileadmin/s-maj/images/BilderMaja/2014Lionfish/	offen.jpg	0	477447
2349	fileadmin/s-maj/images/BilderMaja/2014Lionfish/	Vorlage.jpg	0	283664
2350	fileadmin/s-maj/images/BilderMaja/2014Lionfish/	werkstatt.jpg	0	369872
2351	fileadmin/s-maj/images/BilderMaja/2014Lionfish/	Zeichnung.jpg	0	298800
2352	fileadmin/s-maj/images/BilderMaja/thumbs/thumbssmall/	lionfish1.jpg	0	71511
2353	fileadmin/s-maj/images/BilderMaja/thumbs/thumbssmall/	lionfish2.jpg	0	69652
2354	fileadmin/s-maj/images/BilderMaja/thumbs/thumbssmall/	lionfish3.jpg	0	55308
2355	fileadmin/s-maj/images/BilderMaja/thumbs/thumbssmall/	lionfish4.jpg	0	55168
2356	fileadmin/s-maj/images/BilderMaja/thumbs/thumbssmall/	SeeMonsterNeu.jpg	0	63894
2357	fileadmin/s-maj/images/BilderMaja/2015GongTrophy/	gong_engrave01.jpg	0	103260
2358	fileadmin/s-maj/images/BilderMaja/2015GongTrophy/	IMG_0009.JPG	0	327240
2359	fileadmin/s-maj/images/BilderMaja/2015GongTrophy/	IMG_0022.JPG	0	284893
2360	fileadmin/s-maj/images/BilderMaja/2015GongTrophy/	IMG_0032.JPG	0	277304
2361	fileadmin/s-maj/images/BilderMaja/2015GongTrophy/	IMG_0037.JPG	0	271656
2362	fileadmin/s-maj/images/BilderMaja/2015GongTrophy/	IMG_0042.JPG	0	393817
2363	fileadmin/s-maj/images/BilderMaja/2015GongTrophy/	IMG_0050.JPG	0	504932
2364	fileadmin/s-maj/images/BilderMaja/2015GongTrophy/	IMG_0055.JPG	0	375931
2365	fileadmin/s-maj/images/BilderMaja/2015GongTrophy/	IMG_0058.JPG	0	244789
2366	fileadmin/s-maj/images/BilderMaja/2015GongTrophy/	IMG_0059.JPG	0	275136
2367	fileadmin/s-maj/images/BilderMaja/2015GongTrophy/	bonchan-red-bull-kumite-tournoi-vainqueur.jpg	0	403780
2368	fileadmin/s-maj/images/BilderMaja/2015GongTrophy/	Bonchan1.jpg	0	305741
2369	fileadmin/s-maj/images/BilderMaja/2015GongTrophy/	red-bull-kumite-tournoi-champion-bonchan.jpg	0	337776
2370	fileadmin/s-maj/images/BilderMaja/2015GongTrophy/	url.jpg	0	174271
2371	fileadmin/s-maj/images/BilderMaja/thumbs/ThumbsNeu/	Gong.jpg	0	77447
2372	fileadmin/s-maj/images/BilderMaja/2014ApocaypseFence/	IMG_0163.JPG	0	299586
2373	fileadmin/s-maj/images/BilderMaja/2014ApocaypseFence/	IMG_0168.JPG	0	346984
2374	fileadmin/s-maj/images/BilderMaja/2014ApocaypseFence/	IMG_0170.JPG	0	342251
2375	fileadmin/s-maj/images/BilderMaja/2014ApocaypseFence/	IMG_0171.JPG	0	404212
2376	fileadmin/s-maj/images/BilderMaja/2014ApocaypseFence/	IMG_0172.JPG	0	353537
2377	fileadmin/s-maj/images/BilderMaja/2014ApocaypseFence/	IMG_0186.JPG	0	372487
2378	fileadmin/s-maj/images/BilderMaja/2014ApocaypseFence/	IMG_0192.JPG	0	311002
2379	fileadmin/s-maj/images/BilderMaja/2014ApocaypseFence/	IMG_0194.JPG	0	329166
2380	fileadmin/s-maj/images/BilderMaja/2014ApocaypseFence/	RIMG1695.JPG	0	238213
2381	fileadmin/s-maj/images/BilderMaja/2014ApocaypseFence/	RIMG1709.JPG	0	268080
2382	fileadmin/s-maj/images/BilderMaja/2014ApocaypseFence/	RIMG1714.JPG	0	270317
2383	fileadmin/s-maj/images/BilderMaja/2014ApocaypseFence/	RIMG1720.JPG	0	254649
2384	fileadmin/s-maj/images/BilderMaja/2014ApocaypseFence/	10338334_708308902548714_8973126401420880385_n.jpg	1	83549
2385	fileadmin/s-maj/images/BilderMaja/2014ApocaypseFence/	1978666_708308875882050_8168664418240007550_n.jpg	0	77340
2386	fileadmin/s-maj/images/BilderMaja/2014ApocaypseFence/	slider_white-trash-fast-food_treptow_betreiber.jpg	0	57669
2387	fileadmin/s-maj/images/BilderMaja/2014ApocaypseFence/	white_trash_fast_food_apocalyptic_zen_beergarten1_high_res_photo_credits_to_felicia_kubieziel_635x400.jpg	0	196021
2388	fileadmin/s-maj/images/BilderMaja/2014ApocaypseFence/	wtff6.jpg	1	4110848
2389	fileadmin/s-maj/images/BilderMaja/2014ApocaypseFence/	carWreckFire.jpg	0	208723
2390	fileadmin/s-maj/images/BilderMaja/thumbs/ThumbsNeu/	Afence.jpg	0	71551
2391	fileadmin/s-maj/images/BilderMaja/thumbs/ThumbsNeu/	Afence2.jpg	0	80341
2392	fileadmin/s-maj/images/BilderMaja/thumbs/ThumbsNeu/	Lion5.jpg	0	86631
2393	fileadmin/s-maj/images/BilderMaja/thumbs/ThumbsNeu/	Lion6.jpg	0	84570
2394	fileadmin/s-maj/images/BilderMaja/thumbs/ThumbsNeu/	Lion7.jpg	0	83249
2395	fileadmin/s-maj/images/BilderMaja/2014Lionfish/	Lyon22.jpg	0	306182
2396	fileadmin/s-maj/images/BilderMaja/2014Lionfish/	Lyon3.jpg	0	289084
2397	fileadmin/s-maj/images/BilderMaja/thumbs/ThumbsNeu/	Lion8.jpg	0	91638
2398	fileadmin/s-maj/images/BilderMaja/thumbs/ThumbsNeu/	Weglampen.jpg	0	34615
2399	fileadmin/s-maj/images/BilderMaja/2015Weglampen/	IMG_3764.JPG	1	319698
2400	fileadmin/s-maj/images/BilderMaja/2015Weglampen/	IMG_4154.JPG	1	276272
2401	fileadmin/s-maj/images/BilderMaja/2015Weglampen/	Lamp01_01.JPG	1	183743
2402	fileadmin/s-maj/images/BilderMaja/2015Weglampen/	Lamp02_05.JPG	1	169050
2403	fileadmin/s-maj/images/BilderMaja/2015Weglampen/	Lamp03_08.JPG	1	151828
2404	fileadmin/s-maj/images/BilderMaja/2015Weglampen/	Lamp05_03.JPG	1	165239
2405	fileadmin/s-maj/images/BilderMaja/2015Weglampen/	Lamp06_07.jpg	1	185424
2406	fileadmin/s-maj/images/BilderMaja/2015Weglampen/	Lamp07_04.JPG	1	190463
2407	fileadmin/s-maj/images/BilderMaja/2015Weglampen/	Lamp09_07.JPG	1	159237
2408	fileadmin/s-maj/images/BilderMaja/2015Weglampen/	Lamp10_02.JPG	1	179117
2409	fileadmin/s-maj/images/BilderMaja/2015Weglampen/	Lamp12_04.JPG	1	170416
2410	fileadmin/s-maj/images/BilderMaja/2015Weglampen/	Lamp13_01.JPG	1	179683
2411	fileadmin/s-maj/images/BilderMaja/2015Weglampen/	Lamp14_01__1_.JPG	1	158979
2412	fileadmin/s-maj/images/BilderMaja/2015Weglampen/	Lamp15_03.JPG	1	173487
2413	fileadmin/s-maj/images/BilderMaja/2015Weglampen/	Lamp15_01.JPG	1	173487
2414	fileadmin/s-maj/images/BilderMaja/2015Weglampen/	Lamp15_02.JPG	1	173487
2415	fileadmin/s-maj/images/BilderMaja/2015Weglampen/	Lamp15_03gU.jpg	1	261573
2416	fileadmin/s-maj/images/BilderMaja/2015Weglampen/	Lamp01_01.JPG	1	184246
2417	fileadmin/s-maj/images/BilderMaja/2015Weglampen/	Lamp01_02.JPG	1	183743
2418	fileadmin/s-maj/images/BilderMaja/2015Weglampen/	Lamp01_03.JPG	1	185015
2419	fileadmin/s-maj/images/BilderMaja/2015Weglampen/	Lamp01_01.JPG	1	183743
2420	fileadmin/s-maj/images/BilderMaja/2015Weglampen/	Lamp01_01-.jpg	1	277509
2421	fileadmin/s-maj/images/BilderMaja/2015Weglampen/	Lamp02_05-.jpg	0	220263
2422	fileadmin/s-maj/images/BilderMaja/2015Weglampen/	Lamp02_05-.psd	1	6553189
2423	fileadmin/s-maj/images/BilderMaja/2015Weglampen/	Lamp03_08-.jpg	0	216073
2424	fileadmin/s-maj/images/BilderMaja/2015Weglampen/	Lamp05_03-.jpg	0	211474
2425	fileadmin/s-maj/images/BilderMaja/2015Weglampen/	Lamp06_07-.jpg	0	246408
2426	fileadmin/s-maj/images/BilderMaja/2015Weglampen/	Lamp01_01-.jpg	0	229501
2427	fileadmin/s-maj/images/BilderMaja/2015Weglampen/	Lamp06_07-_01.jpg	1	246408
2428	fileadmin/s-maj/images/BilderMaja/2015Weglampen/	Lamp07_04-.jpg	0	265735
2429	fileadmin/s-maj/images/BilderMaja/2015Weglampen/	Lamp09_07-.jpg	0	203512
2430	fileadmin/s-maj/images/BilderMaja/2015Weglampen/	Lamp10_02-.jpg	0	247437
2431	fileadmin/s-maj/images/BilderMaja/2015Weglampen/	Lamp13_01-.jpg	0	244975
2432	fileadmin/s-maj/images/BilderMaja/2015Weglampen/	Lamp14_01-.jpg	0	218169
2433	fileadmin/s-maj/images/BilderMaja/2015Weglampen/	Lamp15_03-.jpg	0	254520
2434	fileadmin/s-maj/images/BilderMaja/2015NovaTwo/	_0017241_HDR-Bearbeitet-1.jpg	0	347887
2435	fileadmin/s-maj/images/BilderMaja/2015NovaTwo/	_0017248_HDR-Bearbeitet-1.jpg	0	345559
2436	fileadmin/s-maj/images/BilderMaja/2015NovaTwo/	img494.1.jpg	0	545859
2437	fileadmin/s-maj/images/BilderMaja/2015NovaTwo/	img496.1.jpg	0	142589
2438	fileadmin/s-maj/images/BilderMaja/2015NovaTwo/	Nova2_01.jpg	0	257804
2439	fileadmin/s-maj/images/BilderMaja/2015NovaTwo/	Nova2_03.jpg	0	261516
2440	fileadmin/s-maj/images/BilderMaja/2015NovaTwo/	Nova2_04.jpg	0	319538
2441	fileadmin/s-maj/images/BilderMaja/2015NovaTwo/	Nova2_05.jpg	0	272020
2442	fileadmin/s-maj/images/BilderMaja/2015NovaTwo/	Nova2_06.jpg	0	293741
2443	fileadmin/s-maj/images/BilderMaja/2015NovaTwo/	Nova2_07.jpg	0	328099
2444	fileadmin/s-maj/images/BilderMaja/thumbs/ThumbsNeu/	Nova2_2.jpg	0	57699
2445	fileadmin/s-maj/images/BilderMaja/thumbs/ThumbsNeu/	Nova2_1.jpg	0	54357
2446	fileadmin/s-maj/images/BilderMaja/thumbs/ThumbsNeu/	Weglampe2.jpg	0	39767
2447	fileadmin/s-maj/images/BilderMaja/2016BillParooka/	Bill_PV_n.jpg	0	347596
2448	fileadmin/s-maj/images/BilderMaja/2016BillParooka/	Bill_neu_vl.jpg	0	123503
2449	fileadmin/s-maj/images/BilderMaja/2016BillParooka/	Bill_new_f.jpg	0	155531
2450	fileadmin/s-maj/images/BilderMaja/2016BillParooka/	Bill_new_situation.jpg	0	123329
2451	fileadmin/s-maj/images/BilderMaja/2016BillParooka/	BP_ME_A1_010.JPG	0	330114
2452	fileadmin/s-maj/images/BilderMaja/2016BillParooka/	BP_ME_A1_011.JPG	0	320940
2453	fileadmin/s-maj/images/BilderMaja/2016BillParooka/	BP_ME_A1_013.JPG	0	165054
2454	fileadmin/s-maj/images/BilderMaja/2016BillParooka/	BP_ME_A1_018.JPG	0	219968
2455	fileadmin/s-maj/images/BilderMaja/2016BillParooka/	BP_ME_A1_019.JPG	0	176888
2456	fileadmin/s-maj/images/BilderMaja/2016BillParooka/	BP_ME_A1_023_n.jpg	0	236878
2457	fileadmin/s-maj/images/BilderMaja/2016BillParooka/	BP_ME_A2_023.jpg	0	177518
2458	fileadmin/s-maj/images/BilderMaja/2016BillParooka/	BP_ME_A2_025.jpg	0	234520
2459	fileadmin/s-maj/images/BilderMaja/2016BillParooka/	BP_ME_A2_026.jpg	0	232461
2460	fileadmin/s-maj/images/BilderMaja/2016BillParooka/	BP_MEMob_A_10_n.jpg	0	270316
2461	fileadmin/s-maj/images/BilderMaja/2016BillParooka/	HenningKoestler_8392.jpg	0	793432
2462	fileadmin/s-maj/images/BilderMaja/2016BillParooka/	HenningKoestler_8644.jpg	0	773620
2463	fileadmin/s-maj/images/BilderMaja/2016BillParooka/	BP_ME_A1_015.JPG	0	247820
2464	fileadmin/s-maj/images/BilderMaja/2016BillParooka/	BP_ME_A1_016.JPG	0	237642
2465	fileadmin/s-maj/images/BilderMaja/2016BillParooka/	BP_ME_A1_017.JPG	0	223540
2466	fileadmin/s-maj/images/BilderMaja/2016BillParooka/	BP_ME_A1_021.JPG	0	303551
2467	fileadmin/s-maj/images/BilderMaja/thumbs/ThumbsNeu/	Bill1.jpg	0	41909
2468	fileadmin/s-maj/images/BilderMaja/thumbs/ThumbsNeu/	Bill2.jpg	0	30110
2469	fileadmin/s-maj/images/BilderMaja/2017Weglampen/	A2_01_d.jpg	0	483060
2470	fileadmin/s-maj/images/BilderMaja/2017Weglampen/	A3_09.JPG	0	388179
2471	fileadmin/s-maj/images/BilderMaja/2017Weglampen/	A4_07_d4.jpg	0	381781
2472	fileadmin/s-maj/images/BilderMaja/2017Weglampen/	A5_B_03_d.jpg	0	472602
2473	fileadmin/s-maj/images/BilderMaja/2017Weglampen/	A5_B_07_d.jpg	0	518468
2474	fileadmin/s-maj/images/BilderMaja/2017Weglampen/	A5_B_07_d1.jpg	0	494426
2475	fileadmin/s-maj/images/BilderMaja/2017Weglampen/	A5_B_Susana_02_d.jpg	0	181833
2476	fileadmin/s-maj/images/BilderMaja/2017Weglampen/	A5_B_Susana_04_d2.jpg	0	472666
2477	fileadmin/s-maj/images/BilderMaja/2017Weglampen/	A6_07_d1.jpg	0	283615
2478	fileadmin/s-maj/images/BilderMaja/2017Weglampen/	A6_11_d.jpg	0	223522
2479	fileadmin/s-maj/images/BilderMaja/2017Weglampen/	A7_08_d.jpg	0	389015
2480	fileadmin/s-maj/images/BilderMaja/2017Weglampen/	A8_09_d1.jpg	0	417006
2481	fileadmin/s-maj/images/BilderMaja/2017Weglampen/	B3_01.JPG	0	422292
2482	fileadmin/s-maj/images/BilderMaja/2017Weglampen/	B4_01.JPG	0	306200
2483	fileadmin/s-maj/images/BilderMaja/2017Weglampen/	B4_09_d3.jpg	0	435936
2484	fileadmin/s-maj/images/BilderMaja/2017Weglampen/	B7_03_d.jpg	0	351834
2485	fileadmin/s-maj/images/BilderMaja/2017Weglampen/	B7_06_d.jpg	0	266467
2486	fileadmin/s-maj/images/BilderMaja/2017Weglampen/	B8_02_d.jpg	0	328556
2487	fileadmin/s-maj/images/BilderMaja/2017Weglampen/	Weg_09_d.jpg	0	510488
2488	fileadmin/s-maj/images/BilderMaja/2017Weglampen/	Weg_11_d.jpg	0	368089
2489	fileadmin/s-maj/images/BilderMaja/2017Weglampen/17Wl_neu/	A2_14_d.jpg	0	229544
2490	fileadmin/s-maj/images/BilderMaja/2017Weglampen/17Wl_neu/	A2_17.JPG	0	221815
2491	fileadmin/s-maj/images/BilderMaja/2017Weglampen/17Wl_neu/	A3_12.JPG	0	311652
2492	fileadmin/s-maj/images/BilderMaja/2017Weglampen/17Wl_neu/	A4_09_d1.jpg	0	254363
2493	fileadmin/s-maj/images/BilderMaja/2017Weglampen/17Wl_neu/	A5_02.JPG	0	271298
2494	fileadmin/s-maj/images/BilderMaja/2017Weglampen/17Wl_neu/	Weg_22_d.jpg	0	336879
2495	fileadmin/s-maj/images/BilderMaja/thumbs/ThumbsNeu/	WL2.jpg	0	54318
2496	fileadmin/s-maj/images/BilderMaja/thumbs/ThumbsNeu/	WL3.jpg	0	64353
2497	fileadmin/s-maj/images/BilderMaja/thumbs/ThumbsNeu/	WL6.jpg	0	67116
2498	fileadmin/s-maj/images/BilderMaja/2017_Nelly_Bird/	Nelly1-1.jpg	0	336946
2499	fileadmin/s-maj/images/BilderMaja/2017_Nelly_Bird/	Nelly2-2.jpg	0	471716
2500	fileadmin/s-maj/images/BilderMaja/2017_Nelly_Bird/	Nelly3-3.jpg	0	503173
2501	fileadmin/s-maj/images/BilderMaja/2017_Nelly_Bird/	Nelly4-4.jpg	0	535981
2502	fileadmin/s-maj/images/BilderMaja/2013SisyphosGate/	sis_Overtrol15-2.JPG	0	417604
2503	fileadmin/s-maj/images/BilderMaja/2013SisyphosGate/	sis_Overtrol15-3.JPG	0	463622
2504	fileadmin/s-maj/images/BilderMaja/2013SisyphosGate/	sis_Overtrol15-4.JPG	0	327744
2505	fileadmin/s-maj/images/BilderMaja/2013SisyphosGate/	sis_Overtrol15-6.JPG	0	387114
2506	fileadmin/s-maj/images/BilderMaja/2013SisyphosGate/	sis_Overtrol15-7.JPG	0	440108
2507	fileadmin/s-maj/images/BilderMaja/thumbs/ThumbsNeu/	Helix1.jpg	0	54801
2508	fileadmin/s-maj/images/BilderMaja/thumbs/ThumbsNeu/	Helix2.jpg	0	53152
2509	fileadmin/s-maj/images/BilderMaja/thumbs/ThumbsNeu/	Nelly1.jpg	0	74418
2510	fileadmin/s-maj/images/BilderMaja/thumbs/ThumbsNeu/	Nelly2.jpg	0	81313
2511	fileadmin/s-maj/images/BilderMaja/2018_Portrait/Alberto_Giacometti/	AG_Werkstatt_CH_s.jpg	0	281061
2512	fileadmin/s-maj/images/BilderMaja/2018_Portrait/Alberto_Giacometti/	AG_Werkstatt2_s.jpg	0	316629
2513	fileadmin/s-maj/images/BilderMaja/2018_Portrait/Alberto_Giacometti/	Alberto_U2_as.jpg	0	241856
2514	fileadmin/s-maj/images/BilderMaja/2018_Portrait/Alberto_Giacometti/	Alberto_U3_as.jpg	0	344157
2515	fileadmin/s-maj/images/BilderMaja/2018_Portrait/Alberto_Giacometti/	Alberto_U1_as.jpg	0	246331
2516	fileadmin/s-maj/images/BilderMaja/2018_Portrait/Alberto_Giacometti/	Alberto_U4_s.jpg	0	290901
2517	fileadmin/s-maj/images/BilderMaja/2018_Portrait/Alberto_Giacometti/	IMG_9684_as.jpg	0	110027
2518	fileadmin/s-maj/images/BilderMaja/2018_Portrait/Alberto_Giacometti/	IMG_9688_as.jpg	0	129257
2519	fileadmin/s-maj/images/BilderMaja/2018_Portrait/Alberto_Giacometti/	IMG_9690_2_as.jpg	0	114608
2520	fileadmin/s-maj/images/BilderMaja/2018_Portrait/Alberto_Giacometti/	IMG_9690_2_as_01.jpg	1	114608
2521	fileadmin/s-maj/images/BilderMaja/2018_Portrait/Alberto_Giacometti/	IMG_9695_as.jpg	0	119098
2522	fileadmin/s-maj/images/BilderMaja/2018_Portrait/Alberto_Giacometti/	IMG_9703_2_as.jpg	0	112121
2523	fileadmin/s-maj/images/BilderMaja/2018_Portrait/Alberto_Giacometti/	IMG_9713_as.jpg	0	139401
2524	fileadmin/s-maj/images/BilderMaja/2018_Portrait/Alberto_Giacometti/	IMG_9738_as.jpg	0	156129
2525	fileadmin/s-maj/images/BilderMaja/2018_Portrait/Alberto_Giacometti/	IMG_9818_as.jpg	0	126091
2526	fileadmin/s-maj/images/BilderMaja/2018_Portrait/Alberto_Giacometti/	IMG_9821_as.jpg	0	167381
2527	fileadmin/s-maj/images/BilderMaja/2018_Portrait/Alberto_Giacometti/	IMG_9825_as.jpg	0	139967
2528	fileadmin/s-maj/images/BilderMaja/2018_Portrait/Alberto_Giacometti/	IMG_20170822_204731_s.jpg	0	400197
2529	fileadmin/s-maj/images/BilderMaja/2018_Portrait/Alberto_Giacometti/	IMG_20170823_002205_s.jpg	0	369608
2530	fileadmin/s-maj/images/BilderMaja/2018_Portrait/Alberto_Giacometti/	IMG_20170927_182436_s.jpg	0	285435
2531	fileadmin/s-maj/images/BilderMaja/2018_Portrait/Alberto_Giacometti/	IMG_20170927_182444_s.jpg	0	258868
2532	fileadmin/s-maj/images/BilderMaja/2018_Portrait/Alberto_Giacometti/	IMG_20170930_155034_s.jpg	0	264322
2533	fileadmin/s-maj/images/BilderMaja/2018_Portrait/Alberto_Giacometti/	IMG_20170930_155101_s.jpg	0	273383
2534	fileadmin/s-maj/images/BilderMaja/2018_Portrait/Alberto_Giacometti/	IMG_20180206_193751_s.jpg	0	328527
2535	fileadmin/s-maj/images/BilderMaja/2018_Portrait/Alberto_Giacometti/	IMG_20180206_193850_s.jpg	0	286823
2536	fileadmin/s-maj/images/BilderMaja/2018_Portrait/Alberto_Giacometti/	IMG_20180206_194631_s.jpg	0	305696
2537	fileadmin/s-maj/images/BilderMaja/2018_Portrait/	20180406_172639_s.jpg	0	326908
2538	fileadmin/s-maj/images/BilderMaja/2018_Portrait/	20180406_172643_s.jpg	0	363400
2539	fileadmin/s-maj/images/BilderMaja/2018_Portrait/	20180520_153632_s.jpg	0	326828
2540	fileadmin/s-maj/images/BilderMaja/2018_Portrait/	IMG_5083_s.JPG	0	308257
2541	fileadmin/s-maj/images/BilderMaja/2018_Portrait/Bernhard_Luginbühl/	20180317_190351_s.jpg	0	299769
2542	fileadmin/s-maj/images/BilderMaja/2018_Portrait/Bernhard_Luginbühl/	Bernhard_U1_s.jpg	0	218136
2543	fileadmin/s-maj/images/BilderMaja/2018_Portrait/Bernhard_Luginbühl/	BernhardLuginbuehl_1_s.jpg	0	114422
2544	fileadmin/s-maj/images/BilderMaja/2018_Portrait/Bernhard_Luginbühl/	BernhardLuginbuehl_3_s.jpg	0	107992
2545	fileadmin/s-maj/images/BilderMaja/2018_Portrait/Bernhard_Luginbühl/	BernhardLuginbuehl_2_s.jpg	0	108908
2546	fileadmin/s-maj/images/BilderMaja/2018_Portrait/Bernhard_Luginbühl/	BernhardLuginbuehl_back_s.jpg	0	173426
2547	fileadmin/s-maj/images/BilderMaja/2018_Portrait/Bernhard_Luginbühl/	BernhardLuginbuehl_CloseUp_s.jpg	0	149748
2548	fileadmin/s-maj/images/BilderMaja/2018_Portrait/Bernhard_Luginbühl/	IMG_5052_s.JPG	0	263024
2549	fileadmin/s-maj/images/BilderMaja/2018_Portrait/Bernhard_Luginbühl/	IMG_5061_s.JPG	0	273842
2550	fileadmin/s-maj/images/BilderMaja/2018_Portrait/Bernhard_Luginbühl/	IMG_5062_s.JPG	0	294423
2551	fileadmin/s-maj/images/BilderMaja/2018_Portrait/Bernhard_Luginbühl/	IMG_9802_lh_s.jpg	0	206597
2552	fileadmin/s-maj/images/BilderMaja/2018_Portrait/Bernhard_Luginbühl/	IMG_9807_l_s.jpg	0	116020
2553	fileadmin/s-maj/images/BilderMaja/2018_Portrait/Käthe_Kollwitz/	IMG_4850_s.JPG	0	292753
2554	fileadmin/s-maj/images/BilderMaja/2018_Portrait/Käthe_Kollwitz/	IMG_4851_s.JPG	0	298330
2555	fileadmin/s-maj/images/BilderMaja/2018_Portrait/Käthe_Kollwitz/	IMG_4856_s.JPG	0	269970
2556	fileadmin/s-maj/images/BilderMaja/2018_Portrait/Käthe_Kollwitz/	IMG_4884_s.JPG	0	350094
2557	fileadmin/s-maj/images/BilderMaja/2018_Portrait/Käthe_Kollwitz/	IMG_4890_s.JPG	0	330064
2558	fileadmin/s-maj/images/BilderMaja/2018_Portrait/Käthe_Kollwitz/	IMG_9785_n_s.jpg	0	152487
2559	fileadmin/s-maj/images/BilderMaja/2018_Portrait/Käthe_Kollwitz/	IMG_9829_n_s.jpg	0	149266
2560	fileadmin/s-maj/images/BilderMaja/2018_Portrait/Käthe_Kollwitz/	IMG_9830_n_s.jpg	0	156458
2561	fileadmin/s-maj/images/BilderMaja/2018_Portrait/Käthe_Kollwitz/	Kaethe_U1_s.jpg	0	216555
2562	fileadmin/s-maj/images/BilderMaja/2018_Portrait/Käthe_Kollwitz/	IMG_9832_n_s.jpg	0	188097
2563	fileadmin/s-maj/images/BilderMaja/2018_Portrait/Käthe_Kollwitz/	Kaethe_U3_s.jpg	0	335606
2564	fileadmin/s-maj/images/BilderMaja/2018_Portrait/Käthe_Kollwitz/	KaetheKollwitz1_s.jpg	0	97738
2565	fileadmin/s-maj/images/BilderMaja/2018_Portrait/Käthe_Kollwitz/	KaetheKollwitz2_s.jpg	0	116219
2566	fileadmin/s-maj/images/BilderMaja/2018_Portrait/Käthe_Kollwitz/	KaetheKollwitz4_n_s.jpg	0	212126
2567	fileadmin/s-maj/images/BilderMaja/2018_Portrait/Käthe_Kollwitz/	KaetheKollwitz3_s.jpg	0	135911
2568	fileadmin/s-maj/images/BilderMaja/2018_Portrait/Käthe_Kollwitz/	KaetheKollwitz5_s.jpg	0	130563
2569	fileadmin/s-maj/images/BilderMaja/2018_Portrait/Käthe_Kollwitz/	Kaethe_U1_n_s.jpg	0	226806
2570	fileadmin/s-maj/images/BilderMaja/2018_Portrait/Käthe_Kollwitz/	KaetheKollwitz1_cut_s.jpg	0	107354
2571	fileadmin/s-maj/images/BilderMaja/thumbs/ThumbsNeu/	Portrait1.jpg	0	42791
2572	fileadmin/s-maj/images/BilderMaja/thumbs/ThumbsNeu/	Portrait3.jpg	0	47615
2573	fileadmin/s-maj/images/BilderMaja/thumbs/ThumbsNeu/	Portrait5.jpg	0	36056
2574	fileadmin/s-maj/images/BilderMaja/thumbs/ThumbsNeu/	Portrait6.jpg	0	34949
2575	fileadmin/s-maj/images/BilderMaja/thumbs/ThumbsNeu/	Portrait8.jpg	0	40014
2576	fileadmin/s-maj/images/BilderMaja/thumbs/ThumbsNeu/	Portrait7.jpg	0	39690
2577	fileadmin/s-maj/images/BilderMaja/thumbs/ThumbsNeu/	Portrait7_01.jpg	0	39690
2578	fileadmin/s-maj/images/BilderMaja/2019_Wolf/	001_IMG_4586_w_s.jpg	0	419520
2579	fileadmin/s-maj/images/BilderMaja/2019_Wolf/	002_IMG_4584_w_s.jpg	0	435329
2580	fileadmin/s-maj/images/BilderMaja/2019_Wolf/	003_IMG_4605_w_s.jpg	0	396400
2581	fileadmin/s-maj/images/BilderMaja/2019_Wolf/	004_IMG_4597_w_s.jpg	0	426420
2582	fileadmin/s-maj/images/BilderMaja/2019_Wolf/	005_IMG_4601_w_s.jpg	0	400849
2583	fileadmin/s-maj/images/BilderMaja/2019_Wolf/	006_IMG_4617_w2_s.jpg	0	421803
2584	fileadmin/s-maj/images/BilderMaja/2019_Wolf/	007_Wolf_Luka_002_1_s.jpg	0	418770
2585	fileadmin/s-maj/images/BilderMaja/2019_Wolf/	008_Wolf_Luka_014_w_s.jpg	0	400776
2586	fileadmin/s-maj/images/BilderMaja/2019_Wolf/	009_Wolf_Luka_013_w_s.jpg	0	361904
2587	fileadmin/s-maj/images/BilderMaja/2019_Wolf/	010_Wolf_Luka_020_w_s.jpg	0	338065
2588	fileadmin/s-maj/images/BilderMaja/2019_Wolf/	011_Wolf_Luka_023_w_s.jpg	0	313431
2589	fileadmin/s-maj/images/BilderMaja/2019_Wolf/	012_Wolf_Luka_017_w_s.jpg	0	411846
2590	fileadmin/s-maj/images/BilderMaja/2019_Wolf/	013_IMG_4519_w_s.jpg	0	356356
2591	fileadmin/s-maj/images/BilderMaja/2019_Wolf/	014_IMG_4521_w_s.jpg	0	364986
2592	fileadmin/s-maj/images/BilderMaja/2019_Flowerpower/	001_IMGP5150_w2_s.jpg	0	210484
2593	fileadmin/s-maj/images/BilderMaja/2019_Flowerpower/	002_IMGP5177_w2_s.jpg	0	215825
2594	fileadmin/s-maj/images/BilderMaja/2019_Flowerpower/	003_IMGP5099_s.JPG	0	175799
2595	fileadmin/s-maj/images/BilderMaja/2019_Flowerpower/	004_IMGP5039_s.JPG	1	145415
2596	fileadmin/s-maj/images/BilderMaja/2019_Flowerpower/	005_IMGP5107_w_s.jpg	0	258905
2597	fileadmin/s-maj/images/BilderMaja/2019_Flowerpower/	006_IMGP5045_s.JPG	0	198757
2598	fileadmin/s-maj/images/BilderMaja/2019_Flowerpower/	007_IMGP5127_s.JPG	0	125297
2599	fileadmin/s-maj/images/BilderMaja/2019_Flowerpower/	008_IMGP5139_s.JPG	0	221602
2600	fileadmin/s-maj/images/BilderMaja/2019_Flowerpower/	009_IMGP5157_w_s.jpg	0	205656
2601	fileadmin/s-maj/images/BilderMaja/2019_Flowerpower/	010_IMGP5195_s.JPG	0	176684
2602	fileadmin/s-maj/images/BilderMaja/2019_Flowerpower/	011_IMGP5182_w_s.jpg	0	225932
2603	fileadmin/s-maj/images/BilderMaja/2019_Flowerpower/	012_IMGP5186_w_s.jpg	0	211520
2604	fileadmin/s-maj/images/BilderMaja/thumbs/ThumbsNeu/	Wolf.jpg	0	45203
2605	fileadmin/s-maj/images/BilderMaja/thumbs/ThumbsNeu/	Wolf2.jpg	0	46901
2606	fileadmin/s-maj/images/BilderMaja/thumbs/ThumbsNeu/	Wolf3.jpg	0	39835
2607	fileadmin/s-maj/images/BilderMaja/2019_Flowerpower/	004_IMGP5039_s.JPG	1	145415
2608	fileadmin/s-maj/images/BilderMaja/2019_Flowerpower/	004_IMGP5039_s.JPG	0	152365
2609	fileadmin/s-maj/images/BilderMaja/thumbs/ThumbsNeu/	Flower1.jpg	0	38450
2610	fileadmin/s-maj/images/BilderMaja/thumbs/ThumbsNeu/	Flower7.jpg	0	45911
2611	fileadmin/s-maj/images/BilderMaja/thumbs/ThumbsNeu/	Flower6.jpg	0	46093
2612	fileadmin/s-maj/images/BilderMaja/2020_Affenhorde/	affe_s_-1.jpg	0	193763
2613	fileadmin/s-maj/images/BilderMaja/2020_Affenhorde/	affe_s_-2.jpg	0	130063
2614	fileadmin/s-maj/images/BilderMaja/2020_Affenhorde/	affe_s_-3.JPG	0	161390
2615	fileadmin/s-maj/images/BilderMaja/2020_Affenhorde/	affe_s_-4.JPG	0	150959
2616	fileadmin/s-maj/images/BilderMaja/2020_Affenhorde/	affe_s_-5.JPG	0	225799
2617	fileadmin/s-maj/images/BilderMaja/2020_Affenhorde/	affe_s_-6.JPG	0	212396
2618	fileadmin/s-maj/images/BilderMaja/2020_Affenhorde/	affe_s_-7.JPG	0	323446
2619	fileadmin/s-maj/images/BilderMaja/2020_Affenhorde/	affe_s_-8.jpg	0	148252
2620	fileadmin/s-maj/images/BilderMaja/2020_Affenhorde/	affe_s_-9.jpg	0	397104
2621	fileadmin/s-maj/images/BilderMaja/2020_Affenhorde/	affe_s_-10.jpg	0	403336
2622	fileadmin/s-maj/images/BilderMaja/2020_Affenhorde/	affe_s_-11.JPG	0	182722
2623	fileadmin/s-maj/images/BilderMaja/2020_Affenhorde/	affe_s_-22.jpg	0	316423
2624	fileadmin/s-maj/images/BilderMaja/2020_Affenhorde/	affe_s_-23.jpg	0	337744
2625	fileadmin/s-maj/images/BilderMaja/2020_Affenhorde/	affe_s_-24.jpg	0	116880
2626	fileadmin/s-maj/images/BilderMaja/2020_Affenhorde/	affe_s_-25.JPG	0	193021
2627	fileadmin/s-maj/images/BilderMaja/2020_Affenhorde/	affe_s_-26.JPG	0	200542
2628	fileadmin/s-maj/images/BilderMaja/2020_Affenhorde/	affe_s_-27.jpg	0	227713
2629	fileadmin/s-maj/images/BilderMaja/2020_Affenhorde/	affe_s_-28.JPG	0	158315
2630	fileadmin/s-maj/images/BilderMaja/2020_Affenhorde/	affe_s_-29.JPG	0	178441
2631	fileadmin/s-maj/images/BilderMaja/2020_Affenhorde/	affe_s_-30.JPG	0	185932
2632	fileadmin/s-maj/images/BilderMaja/2020_Affenhorde/	affe_s_-31.jpg	0	340389
2633	fileadmin/s-maj/images/BilderMaja/2020_Affenhorde/	affe_s_-32.jpg	0	173057
2634	fileadmin/s-maj/images/BilderMaja/2020_Affenhorde/	affe_s_-33.jpg	0	354980
2635	fileadmin/s-maj/images/BilderMaja/2020_Affenhorde/	affe_s_-34.jpg	0	191251
2636	fileadmin/s-maj/images/BilderMaja/2020_Affenhorde/	affe_s_-35.jpg	0	317582
2637	fileadmin/s-maj/images/BilderMaja/2020_Affenhorde/	Rauschen_statt_Lauschen_Flyer.jpeg	0	289926
2638	fileadmin/s-maj/images/BilderMaja/thumbs/ThumbsNeu/	Affe2.jpg	0	45489
2639	fileadmin/s-maj/images/BilderMaja/thumbs/ThumbsNeu/	Affe3.jpg	0	74911
2640	fileadmin/s-maj/images/BilderMaja/presse/	2012_Wacken_Scull_aus_Acrystal_--_Lange_Ritter_GmbH.pdf	0	1381249
2641	fileadmin/s-maj/images/BilderMaja/presse/	2013_Destroy_HIV.jpg	0	21025
2642	fileadmin/s-maj/images/BilderMaja/presse/	20180519ZürcherOberländer.pdf	0	740636
2643	fileadmin/s-maj/images/BilderMaja/presse/	20180525ZürcherOberländer2.pdf	0	190462
2644	fileadmin/s-maj/images/BilderMaja/presse/	20180525ZürcherOberländer_1.pdf	0	610472
2645	fileadmin/s-maj/images/BilderMaja/presse/	2013_Destroy_HIV.pdf	0	444786
2646	fileadmin/s-maj/images/BilderMaja/presse/	20180531_Pfäffiker.pdf	0	415349
2647	fileadmin/s-maj/images/BilderMaja/presse/	2018_ZürcherOberländer2.jpg	0	1990585
2648	fileadmin/s-maj/images/BilderMaja/presse/	2018_ZürcherOberländer.jpg	0	5599953
2649	fileadmin/s-maj/images/BilderMaja/presse/	2007_Alchemy_Bar_Wired.pdf	1	6600391
2650	fileadmin/s-maj/images/BilderMaja/presse/	2007_Alchemy_Bar_-_Wired_A4.pdf	0	5122676
2651	fileadmin/s-maj/images/BilderMaja/2021BlumenWolke/	BlumenWolke_s_-1.jpg	0	237240
2652	fileadmin/s-maj/images/BilderMaja/2021BlumenWolke/	BlumenWolke_s_-2.jpg	0	201602
2653	fileadmin/s-maj/images/BilderMaja/2021BlumenWolke/	BlumenWolke_s_-3.jpg	0	212947
2654	fileadmin/s-maj/images/BilderMaja/2021BlumenWolke/	BlumenWolke_s_-4.jpg	0	251713
2655	fileadmin/s-maj/images/BilderMaja/2021BlumenWolke/	BlumenWolke_s_-5.jpg	0	287697
2656	fileadmin/s-maj/images/BilderMaja/2021BlumenWolke/	BlumenWolke_s_-6.jpg	0	260993
2657	fileadmin/s-maj/images/BilderMaja/2021BlumenWolke/	BlumenWolke_s_-7.jpg	0	232053
2658	fileadmin/s-maj/images/BilderMaja/2021BlumenWolke/	BlumenWolke_s_-8.jpg	0	242216
2659	fileadmin/s-maj/images/BilderMaja/2021BlumenWolke/	BlumenWolke_s_-9.jpg	0	224542
2660	fileadmin/s-maj/images/BilderMaja/2021BlumenWolke/	BlumenWolke_s_-10.jpg	0	292467
2661	fileadmin/s-maj/images/BilderMaja/2021BlumenWolke/	BlumenWolke_s_-11.jpg	0	346239
2662	fileadmin/s-maj/images/BilderMaja/2021BlumenWolke/	BlumenWolke_s_-12.jpg	0	436562
2663	fileadmin/s-maj/images/BilderMaja/2021BlumenWolke/	BlumenWolke_s_-13.jpg	0	317653
2664	fileadmin/s-maj/images/BilderMaja/2021BlumenWolke/	BlumenWolke_s_-14.jpg	0	318804
2665	fileadmin/s-maj/images/BilderMaja/2021BlumenWolke/	BlumenWolke_s_-15.jpg	0	397993
2666	fileadmin/s-maj/images/BilderMaja/2021BlumenWolke/	BlumenWolke_s_-16.JPG	0	219463
2667	fileadmin/s-maj/images/BilderMaja/2021BlumenWolke/	BlumenWolke_s_-17.JPG	0	252491
2668	fileadmin/s-maj/images/BilderMaja/2021BlumenWolke/	BlumenWolke_s_-18.JPG	0	191617
2669	fileadmin/s-maj/images/BilderMaja/2021BlumenWolke/	BlumenWolke_s_-19.JPG	0	196348
2670	fileadmin/s-maj/images/BilderMaja/2021BlumenWolke/	BlumenWolke_s_-20.JPG	0	201274
2671	fileadmin/s-maj/images/BilderMaja/2021BlumenWolke/	BlumenWolke_s_-21.JPG	0	180331
2672	fileadmin/s-maj/images/BilderMaja/2021BlumenWolke/	BlumenWolke_s_-22.JPG	0	239453
2673	fileadmin/s-maj/images/BilderMaja/2021BlumenWolke/	BlumenWolke_s_-23.JPG	0	179090
2674	fileadmin/s-maj/images/BilderMaja/2021BlumenWolke/	BlumenWolke_s_-24.JPG	0	217898
2675	fileadmin/s-maj/images/BilderMaja/2021BlumenWolke/	BlumenWolke_s_-25.JPG	0	160245
2676	fileadmin/s-maj/images/BilderMaja/thumbs/ThumbsNeu/	Blumenwolke1.jpg	0	52275
2677	fileadmin/s-maj/images/BilderMaja/thumbs/ThumbsNeu/	BlumenWolke2.jpg	0	73387
2678	fileadmin/s-maj/images/BilderMaja/thumbs/ThumbsNeu/	Blumenwolke3.jpg	0	49880
2679	fileadmin/s-maj/images/BilderMaja/1994muralsFassaden/2022_Schiffszimmer/	Hafen_Toale.jpg	0	156007
2680	fileadmin/s-maj/images/BilderMaja/1994muralsFassaden/2022_Schiffszimmer/	Hafen1.jpg	0	146522
2681	fileadmin/s-maj/images/BilderMaja/1994muralsFassaden/2022_Schiffszimmer/	Hochbett.jpg	0	167378
2682	fileadmin/s-maj/images/BilderMaja/1994muralsFassaden/2022_Schiffszimmer/	IMG_1704.jpg	0	266900
2683	fileadmin/s-maj/images/BilderMaja/1994muralsFassaden/2022_Schiffszimmer/	IMG_1742.jpg	0	130612
2684	fileadmin/s-maj/images/BilderMaja/1994muralsFassaden/2022_Schiffszimmer/	IMG_1743.jpg	0	146238
2685	fileadmin/s-maj/images/BilderMaja/1994muralsFassaden/2022_Schiffszimmer/	IMG_1746.jpg	0	163758
2686	fileadmin/s-maj/images/BilderMaja/1994muralsFassaden/2022_Schiffszimmer/	IMG_1758_1.jpg	0	201718
2687	fileadmin/s-maj/images/BilderMaja/1994muralsFassaden/2022_Schiffszimmer/	IMG_1762.jpg	0	236524
2688	fileadmin/s-maj/images/BilderMaja/1994muralsFassaden/2022_Schiffszimmer/	Rettungsboot.jpg	0	133100
2689	fileadmin/s-maj/images/BilderMaja/1994muralsFassaden/2022_Schiffszimmer/	Zimmer.jpg	0	172272
2690	fileadmin/s-maj/images/BilderMaja/thumbs/ThumbsNeu/	sisy5.jpg	0	97281
2691	fileadmin/s-maj/images/BilderMaja/thumbs/ThumbsNeu/	sisy6.jpg	0	88292
2692	fileadmin/s-maj/images/BilderMaja/thumbs/ThumbsNeu/	Schiffz1.jpg	0	48078
2693	fileadmin/s-maj/images/BilderMaja/thumbs/ThumbsNeu/	Schiffszimmer2.jpg	0	41504
2694	fileadmin/s-maj/images/BilderMaja/thumbs/ThumbsNeu/	Blumenwolke4.jpg	0	90063
2695	fileadmin/s-maj/images/BilderMaja/	IMG_0417_1.jpg	0	299651
2696	fileadmin/s-maj/images/BilderMaja/	IMG_0995_1.jpg	0	459806
2697	fileadmin/s-maj/images/BilderMaja/	IMG_1351.jpg	0	329864
2698	fileadmin/s-maj/images/BilderMaja/	IMG_2561.jpg	0	366133
2699	fileadmin/s-maj/images/BilderMaja/	IMG_2562_1.jpg	0	346659
2700	fileadmin/s-maj/images/BilderMaja/	IMG_2563_2.jpg	0	340521
2701	fileadmin/s-maj/images/BilderMaja/	IMG_2566.jpg	0	299835
2702	fileadmin/s-maj/images/BilderMaja/	IMG_9129_4.jpg	0	569975
2703	fileadmin/s-maj/images/BilderMaja/	IMG_9131_3.jpg	0	650501
2704	fileadmin/s-maj/images/BilderMaja/	IMG_9133_2.jpg	0	314912
2705	fileadmin/s-maj/images/BilderMaja/	IMG_9146_1.jpg	0	594360
2706	fileadmin/s-maj/images/BilderMaja/	IMG_9998_2.jpg	0	485106
2707	fileadmin/s-maj/images/BilderMaja/	IMGP0463_2Test43.jpg	0	258111
2708	fileadmin/s-maj/images/BilderMaja/	IMGP0487_1.jpg	0	321143
2709	fileadmin/s-maj/images/BilderMaja/	IMGP0504_1.jpg	0	145814
2710	fileadmin/s-maj/images/BilderMaja/	IMGP0508_1.jpg	0	280428
2711	fileadmin/s-maj/images/BilderMaja/	IMGP0582_2Test4-3.jpg	0	240567
2712	fileadmin/s-maj/images/BilderMaja/	IMGP9940_2Test43.jpg	0	142011
2713	fileadmin/s-maj/images/BilderMaja/	P1040416_2.jpg	0	288744
2714	fileadmin/s-maj/images/BilderMaja/	P1040425_2.jpg	0	506350
2715	fileadmin/s-maj/images/BilderMaja/	P1040438_2.jpg	0	477790
2716	fileadmin/s-maj/images/BilderMaja/	P1040425_2_01.jpg	0	506350
2717	fileadmin/s-maj/images/BilderMaja/	P1040435_2.jpg	0	556953
2718	fileadmin/s-maj/images/BilderMaja/	P1040438_2_01.jpg	0	477790
2719	fileadmin/s-maj/images/BilderMaja/	P1040449_2.jpg	0	323302
2720	fileadmin/s-maj/images/BilderMaja/	P1040456_2.jpg	0	178969
2721	fileadmin/s-maj/images/BilderMaja/2022_Affenbande/	IMG_0417_1.jpg	0	299651
2722	fileadmin/s-maj/images/BilderMaja/2022_Affenbande/	IMG_0995_1.jpg	0	459806
2723	fileadmin/s-maj/images/BilderMaja/2022_Affenbande/	IMG_1351.jpg	0	329864
2724	fileadmin/s-maj/images/BilderMaja/2022_Affenbande/	IMG_2561.jpg	0	366133
2725	fileadmin/s-maj/images/BilderMaja/2022_Affenbande/	IMG_2562_1.jpg	0	346659
2726	fileadmin/s-maj/images/BilderMaja/2022_Affenbande/	IMG_2563_2.jpg	0	340521
2727	fileadmin/s-maj/images/BilderMaja/2022_Affenbande/	IMG_2566.jpg	0	299835
2728	fileadmin/s-maj/images/BilderMaja/2022_Affenbande/	IMG_9129_4.jpg	0	569975
2729	fileadmin/s-maj/images/BilderMaja/2022_Affenbande/	IMG_9131_3.jpg	0	650501
2730	fileadmin/s-maj/images/BilderMaja/2022_Affenbande/	IMG_9133_2.jpg	0	314912
2731	fileadmin/s-maj/images/BilderMaja/2022_Affenbande/	IMG_9146_1.jpg	0	594360
2732	fileadmin/s-maj/images/BilderMaja/2022_Affenbande/	IMG_9998_2.jpg	0	485106
2733	fileadmin/s-maj/images/BilderMaja/2022_Affenbande/	IMGP0463_2Test43.jpg	0	258111
2734	fileadmin/s-maj/images/BilderMaja/2022_Affenbande/	IMGP0487_1.jpg	0	321143
2735	fileadmin/s-maj/images/BilderMaja/2022_Affenbande/	IMGP0504_1.jpg	0	145814
2736	fileadmin/s-maj/images/BilderMaja/2022_Affenbande/	IMGP0508_1.jpg	0	280428
2737	fileadmin/s-maj/images/BilderMaja/2022_Affenbande/	IMGP0582_2Test4-3.jpg	0	240567
2738	fileadmin/s-maj/images/BilderMaja/2022_Affenbande/	IMGP9940_2Test43.jpg	0	142011
2739	fileadmin/s-maj/images/BilderMaja/2022_Affenbande/	P1040416_2.jpg	0	288744
2740	fileadmin/s-maj/images/BilderMaja/2022_Affenbande/	P1040425_2.jpg	0	506350
2741	fileadmin/s-maj/images/BilderMaja/2022_Affenbande/	P1040435_2.jpg	0	556953
2742	fileadmin/s-maj/images/BilderMaja/2022_Affenbande/	P1040438_2.jpg	0	477790
2743	fileadmin/s-maj/images/BilderMaja/2022_Affenbande/	P1040449_2.jpg	0	323302
2744	fileadmin/s-maj/images/BilderMaja/2022_Affenbande/	P1040456_2.jpg	0	178969
2745	fileadmin/s-maj/images/BilderMaja/2022_Affenbande/	P1040531_2.jpg	0	342278
2746	fileadmin/s-maj/images/BilderMaja/2022_Affenbande/	P1040545_2.jpg	0	266584
2747	fileadmin/s-maj/images/BilderMaja/2022_Affenbande/	P1040568-Test4.jpg	0	385655
2748	fileadmin/s-maj/images/BilderMaja/2023Hinwil/	Hinwil-01.jpeg	0	365419
2749	fileadmin/s-maj/images/BilderMaja/2023Hinwil/	Hinwil-02.jpg	0	296650
2750	fileadmin/s-maj/images/BilderMaja/2023Hinwil/	Hinwil-03.jpg	0	292920
2751	fileadmin/s-maj/images/BilderMaja/2023Hinwil/	Hinwil-04.jpg	0	410998
2752	fileadmin/s-maj/images/BilderMaja/2023Hinwil/	Hinwil-05.jpg	0	377535
2753	fileadmin/s-maj/images/BilderMaja/2023Hinwil/	Hinwil-06.jpg	0	404141
2754	fileadmin/s-maj/images/BilderMaja/2023Hinwil/	Hinwil-07.jpg	0	578417
2755	fileadmin/s-maj/images/BilderMaja/2023Hinwil/	Hinwil-08.jpeg	0	268523
2756	fileadmin/s-maj/images/BilderMaja/2023Hinwil/	Hinwil-09.jpeg	0	172639
2757	fileadmin/s-maj/images/BilderMaja/2023Hinwil/	Hinwil-10.jpeg	0	313207
2758	fileadmin/s-maj/images/BilderMaja/2023Hinwil/	Hinwil-11.jpg	0	407399
2759	fileadmin/s-maj/images/BilderMaja/2023Hinwil/	Hinwil-12.jpeg	0	266000
2760	fileadmin/s-maj/images/BilderMaja/2023Hinwil/	Hinwil-13.jpeg	0	225316
2761	fileadmin/s-maj/images/BilderMaja/2023Hinwil/	Hinwil-14.jpg	0	367905
2762	fileadmin/s-maj/images/BilderMaja/2023Hinwil/	Hinwil-15.jpg	0	341863
2763	fileadmin/s-maj/images/BilderMaja/2023Hinwil/	Hinwil-16.jpeg	0	261094
2764	fileadmin/s-maj/images/BilderMaja/2023Hinwil/	Hinwil-17.jpeg	0	273582
2765	fileadmin/s-maj/images/BilderMaja/2023Hinwil/	Hinwil-19.jpeg	0	280911
2766	fileadmin/s-maj/images/BilderMaja/2023Hinwil/	Hinwil-18.jpeg	0	282106
2767	fileadmin/s-maj/images/BilderMaja/2023Hinwil/	Hinwil-20.jpeg	0	424891
2768	fileadmin/s-maj/images/BilderMaja/2023Hinwil/	Bachtel.jpg	0	53845
2769	fileadmin/s-maj/images/BilderMaja/2023Hinwil/	Bachtel2.jpg	0	69015
2770	fileadmin/s-maj/images/BilderMaja/thumbs/thumbssmall/	Affenbande1.jpg	0	68859
2771	fileadmin/s-maj/images/BilderMaja/2024_Hafensszene/	Hafensszene_s_-1.JPG	0	269067
2772	fileadmin/s-maj/images/BilderMaja/2024_Hafensszene/	Hafensszene_s_-2.JPG	0	353148
2773	fileadmin/s-maj/images/BilderMaja/2024_Hafensszene/	Hafensszene_s_-3.JPG	0	355103
2774	fileadmin/s-maj/images/BilderMaja/2024_Hafensszene/	Hafensszene_s_-4.JPG	0	374181
2775	fileadmin/s-maj/images/BilderMaja/2024_Hafensszene/	Hafensszene_s_-5.JPG	0	182892
2776	fileadmin/s-maj/images/BilderMaja/2024_Hafensszene/	Hafensszene_s_-6.jpg	0	143497
2777	fileadmin/s-maj/images/BilderMaja/2024_Hafensszene/	Hafensszene_s_-7.JPG	0	145117
2778	fileadmin/s-maj/images/BilderMaja/2024_Hafensszene/	Hafensszene_s_-8.jpg	0	140948
2779	fileadmin/s-maj/images/BilderMaja/2024_Hafensszene/	Hafensszene_s_-3_r.jpg	0	714100
2780	fileadmin/s-maj/images/BilderMaja/2024_Hafensszene/	Hafensszene_s_-3_01.JPG	0	355103
2781	fileadmin/s-maj/images/BilderMaja/thumbs/ThumbsNeu/	Hafensszene.jpg	0	48611
2782	fileadmin/s-maj/images/BilderMaja/thumbs/ThumbsNeu/	Hafensszene2.jpg	0	45465
