bucket	category	project	page_uid	page_title	content_uid	ident	dam_uid	source	target	sha256	bytes	exists	proposed_new_category
deleted	other-sites	universe1	764	universe1	1051	tx_damttcontent_files	151	fileadmin/s-wt/images/universe1-1-5-1.jpg	deleted/other-sites/universe1/universe1-1-5-1.jpg	cf5e3a6c94aede40a0a1df76273cfdd55ead350722a47f147e4669c7fbab52c4	75760	True	
live	other-sites	pyrofessor	801	Feuershow für Kids	1078	tx_damttcontent_files	199	fileadmin/s-pf/images/feuer2-2.jpg	live/other-sites/pyrofessor/feuer2-2.jpg	e0c5d9a1d20d3e15adffe3ded62120b2dad1b342671936e6ce9ea7deb3c22397	18260	True	
deleted	other-sites	pyrofessor	801	Feuershow für Kids	1079	tx_damttcontent_files	161	fileadmin/s-pf/images/Himmel1.jpg	deleted/other-sites/pyrofessor/Himmel1.jpg	b23ed512cc71eba282980a6b1c5215438dc3f115be152aa065713feb182b947a	45312	True	
deleted	other-sites	pyrofessor	801	Feuershow für Kids	1080	tx_damttcontent_files	161	fileadmin/s-pf/images/Himmel1.jpg	deleted/other-sites/pyrofessor/Himmel1.jpg	b23ed512cc71eba282980a6b1c5215438dc3f115be152aa065713feb182b947a	45312	True	
live	other-sites	pyrofessor	802	X-mas	1103	tx_damttcontent_files	193	fileadmin/s-pf/images/greenchristmas.jpg	live/other-sites/pyrofessor/greenchristmas.jpg	7c630265d5882b6b8240ed61aef1b91c5e7aa37fc8e15d5a0685a7f06e6e7d38	12083	True	
live	other-sites	pyrofessor	802	X-mas	1104	tx_damttcontent_files	186	fileadmin/s-pf/images/angel.jpg	live/other-sites/pyrofessor/angel.jpg	9f17fcaec7d9460f01f98cf10b3fd460231624f920b11e4400d23dcf23e2bba2	22864	True	
live	other-sites	pyrofessor	803	Skulpturen	1109	tx_damttcontent_files	185	fileadmin/s-pf/images/pyrosaurDomaene1.jpg	live/other-sites/pyrofessor/pyrosaurDomaene1.jpg	89aa90736c4a799362c7cb2e9c9b008cb86b69f60ba28e1b8c24daa78a778a48	24770	True	
live	other-sites	pyrofessor	803	Skulpturen	1112	tx_damttcontent_files	181	fileadmin/s-pf/images/alienShow1-2.jpg	live/other-sites/pyrofessor/alienShow1-2.jpg	aa2309242967970181046cf9c63ee725b163370c055df0d4009064b533b48162	16252	True	
live	other-sites	pyrofessor	803	Skulpturen	1110	tx_damttcontent_files	158	fileadmin/s-pf/images/feuerraeder-2.jpg	live/other-sites/pyrofessor/feuerraeder-2.jpg	198ec7b62f4790c32dd76744bdf7f7303a8b9716a3a551c348b7ae98d1783f65	20058	True	
live	other-sites	pyrofessor	803	Skulpturen	1113	tx_damttcontent_files	167	fileadmin/s-pf/images/fass-2.jpg	live/other-sites/pyrofessor/fass-2.jpg	680493566212f1c55d0c28f0c3ea670cc436c75467dab759b7320f81874857ac	13279	True	
hidden	other-sites	pyrofessor	803	Skulpturen	1114	tx_damttcontent_files	192	fileadmin/s-pf/images/skulptur.jpg	hidden/other-sites/pyrofessor/skulptur.jpg	1bd07baa964eef31ec8b5ef57f9dc166b35ac1f425be084e3c45f80194aea22f	16657	True	
live	other-sites	pyrofessor	803	Skulpturen	1111	tx_damttcontent_files	187	fileadmin/s-pf/images/alienFlyer-2.jpg	live/other-sites/pyrofessor/alienFlyer-2.jpg	f1a764e49421f7a2854b384ec4e97c5a3a5bb318a1896f17191def8e27475819	19239	True	
hidden	other-sites	pyrofessor	804	Logo & Eddie	1117	tx_damttcontent_files	170	fileadmin/s-pf/images/eddie1.jpg	hidden/other-sites/pyrofessor/eddie1.jpg	57daa70a6cf6a56327fdbe6dfd72f83dded365bd7998c2c295225879c6e50558	29583	True	
live	other-sites	pyrofessor	804	Logo & Eddie	1118	tx_damttcontent_files	160	fileadmin/s-pf/images/schlappSeil1.jpg	live/other-sites/pyrofessor/schlappSeil1.jpg	30b829d7eeb2c97e9af3e6cf749cd2866f34f63cde55f34cb2bf3399e3316231	39603	True	
live	other-sites	pyrofessor	805	Jung & Alt  Workshop	1120	tx_damttcontent_files	159	fileadmin/s-pf/images/42-2.jpg	live/other-sites/pyrofessor/42-2.jpg	f2e717956f2509a1dddab0e0d7d5aef3d3bcb1e03ca0fbb9bc36d2c2f14fbc35	21489	True	
live	other-sites	pyrofessor	804	Logo & Eddie	1115	tx_damttcontent_files	190	fileadmin/s-pf/images/UdoWalz2.JPG	live/other-sites/pyrofessor/UdoWalz2.JPG	9c142a888533366c9b6b20de89cc667dcbbbe162f277f79cf887aa8833a28311	30491	True	
hidden	other-sites	pyrofessor	810	Videos	1130	tx_damttcontent_files	212	fileadmin/s-pf/images/videos/logotacheles16k.jpg	hidden/other-sites/pyrofessor/logotacheles16k.jpg	1af3ca7be86021880160a555012400be662ae08100e2c6930b3d904e9e8105bc	14254	True	
live	other-sites	pyrofessor	805	Jung & Alt  Workshop	1119	tx_damttcontent_files	198	fileadmin/s-pf/images/29-2.jpg	live/other-sites/pyrofessor/29-2.jpg	7e815c6836b83524ab50fe045d3e3b76e87fbf28b9f6dcd475f6b28b7c4bd16a	20283	True	
hidden	other-sites	pyrofessor	810	Videos	1131	tx_damttcontent_files	211	fileadmin/s-pf/images/videos/imgp0647.jpg	hidden/other-sites/pyrofessor/imgp0647.jpg	6d8b206853364333187429aacdf8a17166613e8b040d7aa034dda8c5b417092c	12826	True	
live	other-sites	pyrofessor	808	Pool-Fire	1133	tx_damttcontent_files	195	fileadmin/s-pf/images/Kids-flame-2.jpg	live/other-sites/pyrofessor/Kids-flame-2.jpg	f4524f757e2ae72d9bfc319347f34bfca660b5df5e841de5eacff569bd0c230e	19334	True	
hidden	other-sites	pyrofessor	810	Videos	1129	tx_damttcontent_files	210	fileadmin/s-pf/images/videos/neueFrisur.jpg	hidden/other-sites/pyrofessor/neueFrisur.jpg	01597791e8dd13ec5f62086f5de4a6be89781eb5b8b5d65ed5ab0feac5958974	17263	True	
live	other-sites	pyrofessor	808	Pool-Fire	1134	tx_damttcontent_files	191	fileadmin/s-pf/images/Fire_Ball_Large-2.jpg	live/other-sites/pyrofessor/Fire_Ball_Large-2.jpg	fa96fcd4fcf095d512e11c09a7f5cd2109dae22cb24fef716cfc8d712edce8de	18227	True	
live	other-sites	pyrofessor	806	Burnie	1136	tx_damttcontent_files	152	fileadmin/s-pf/images/burnie03.jpg	live/other-sites/pyrofessor/burnie03.jpg	da37c7aa6f92e8d3b931b3b1e903daebca7fcca3e23136edf7c025fcf1db15a7	24168	True	
live	other-sites	pyrofessor	808	Pool-Fire	1132	tx_damttcontent_files	173	fileadmin/s-pf/images/pool-fire-2.jpg	live/other-sites/pyrofessor/pool-fire-2.jpg	6b45766cf0af6ec1bc124152b8b66597758bca0b6beb89e293480f20bb47e851	19696	True	
live	other-sites	pyrofessor	806	Burnie	1137	tx_damttcontent_files	162	fileadmin/s-pf/images/burnie02-2.jpg	live/other-sites/pyrofessor/burnie02-2.jpg	93f77c984003ca15a043993fbaf091c414c5d53f34e74ece3c6b72bb16bf6b8b	30911	True	
live	other-sites	pyrofessor	816	1.Mai 2008	1143	rgsmoothgallery	228	fileadmin/s-pf/images/1Mai2008/DSC02549.JPG	live/other-sites/pyrofessor/DSC02549.JPG	10166d50a2f20f7f50274c1043b3182123986b182ab899e295ae3d1142994cdb	94280	True	
live	other-sites	pyrofessor	806	Burnie	1135	tx_damttcontent_files	172	fileadmin/s-pf/images/BurnieFeuerReifen2.jpg	live/other-sites/pyrofessor/BurnieFeuerReifen2.jpg	b02fc81b294c3757307500a84c86ffc2a764ca006e7504173cef8ee539514f7b	30956	True	
live	other-sites	pyrofessor	816	1.Mai 2008	1143	rgsmoothgallery	229	fileadmin/s-pf/images/1Mai2008/DSC02542.JPG	live/other-sites/pyrofessor/DSC02542.JPG	54e420e255a505519a90788b97e72b788b4e724a433ce15902a4ef3500b747f7	171304	True	
live	other-sites	pyrofessor	816	1.Mai 2008	1143	rgsmoothgallery	230	fileadmin/s-pf/images/1Mai2008/DSC02513.JPG	live/other-sites/pyrofessor/DSC02513.JPG	eea108777bf3ddacc65cfa402856a167a8e758dfbe461e8e1461cf6c8cfdc58a	144822	True	
live	other-sites	pyrofessor	816	1.Mai 2008	1143	rgsmoothgallery	233	fileadmin/s-pf/images/1Mai2008/DSC02528.JPG	live/other-sites/pyrofessor/DSC02528.JPG	1913211a457c4e7fb2b5de5ed488acdf6d77f518f06348cc3f433f9aee8ffe0c	160881	True	
live	other-sites	pyrofessor	816	1.Mai 2008	1143	rgsmoothgallery	234	fileadmin/s-pf/images/1Mai2008/DSC02485.JPG	live/other-sites/pyrofessor/DSC02485.JPG	a3195620ee70db0d62635eb6b0d9dae015aba3fea8aa69bf388f55528e9ed514	91898	True	
live	other-sites	pyrofessor	816	1.Mai 2008	1143	rgsmoothgallery	235	fileadmin/s-pf/images/1Mai2008/DSC02507.JPG	live/other-sites/pyrofessor/DSC02507.JPG	66c204e546ff64a02d5d0ff7fcbfc0d07bb823c56d6d05f94f9fb94dadb8f7d0	147690	True	
live	other-sites	pyrofessor	804	Logo & Eddie	1116	tx_damttcontent_files	330	fileadmin/s-pf/images/Show/neue_Frisur.jpg	live/other-sites/pyrofessor/neue_Frisur.jpg	666ef29b3f518aa00d18cc598bce9a6182f4ae14b34e97df638fc16b9cee7fc8	18995	True	
deleted	other-sites	mhk	770	Start	1157	tx_damttcontent_files	478	fileadmin/s-mhk/images/side_rot.jpg	deleted/other-sites/mhk/side_rot.jpg	eb28353d01789bde3e6830a01d33d6fa1b71ae736ae428ab2275c7f5cffee4e4	14946	True	
deleted	other-sites	mhk	770	Start	1157	tx_damttcontent_files	422	fileadmin/s-mhk/images/side_blau.jpg	deleted/other-sites/mhk/side_blau.jpg	23a32a7190f2b01b69ed3431ecdd6c996b0598dda338dbea93da7f2136fe8849	16956	True	
deleted	other-sites	mhk	770	Start	1157	tx_damttcontent_files	391	fileadmin/s-mhk/images/side_vio.jpg	deleted/other-sites/mhk/side_vio.jpg	3b8abb9a23fa90f2155c558cd54bd5807a913309b0ac00168e184e55b934f308	15104	True	
deleted	other-sites	mhk	843	Museum	1161	tx_damttcontent_files	480	fileadmin/s-mhk/images/von_seite_rechts.jpg	deleted/other-sites/mhk/von_seite_rechts.jpg	50b31a570c41bf33afaf01f17a11da401cb46e23b04319147418eb85b35591ea	115485	True	
deleted	other-sites	mhk	844	Modellbau	1159	tx_damttcontent_files	456	fileadmin/s-mhk/images/gangway.jpg	deleted/other-sites/mhk/gangway.jpg	3e49d2c5b1f73642d3d9e99ec0944e9a9ec8b4c52d436c734aa65c6c3472658b	148553	True	
deleted	other-sites	mhk	842	Vordach	1162	tx_damttcontent_files	396	fileadmin/s-mhk/images/vordach.jpg	deleted/other-sites/mhk/vordach.jpg	ce41f531027413db39c75d1c56aef779594831403705f43612c781704c8d598a	90856	True	
deleted	other-sites	mhk	841	Treppe	1163	tx_damttcontent_files	454	fileadmin/s-mhk/images/t-von_unten1.jpg	deleted/other-sites/mhk/t-von_unten1.jpg	10daa57d2f54572813946471d8204056d01e0b65b2f5b0ccbe4b45adaa3cdeb4	58678	True	
deleted	other-sites	mhk	840	Cpt.Silver	1164	tx_damttcontent_files	475	fileadmin/s-mhk/images/ProteseDreier-2.jpg	deleted/other-sites/mhk/ProteseDreier-2.jpg	a5b0ab19a9f35d15a44fa5a05458ce794aa26ccc0b73a2ff047258e35aec5ca7	39502	True	
deleted	other-sites	mhk	848	Wetterhahn	1166	tx_damttcontent_files	442	fileadmin/s-mhk/images/wetterhahn1.jpg	deleted/other-sites/mhk/wetterhahn1.jpg	9ecdc4e283d35d536fae416a6aea3122c97b07b5298ef71a2a27cf4fc8aff251	64337	True	
deleted	other-sites	mhk	847	Trommelbeschlag	1167	tx_damttcontent_files	431	fileadmin/s-mhk/images/trommelbeschlag1.jpg	deleted/other-sites/mhk/trommelbeschlag1.jpg	1c51d80e389e32f63bb0510f14a8ee15fa2781bb3b09ddc3b9e91fdb8ae68cbc	23683	True	
deleted	other-sites	mhk	847	Trommelbeschlag	1167	tx_damttcontent_files	447	fileadmin/s-mhk/images/trommelbeschlag2.jpg	deleted/other-sites/mhk/trommelbeschlag2.jpg	58480635429d197fd3d296db904fbcb3d938d7fb2b54946c10164350294931e6	23759	True	
deleted	other-sites	mhk	847	Trommelbeschlag	1167	tx_damttcontent_files	408	fileadmin/s-mhk/images/trommelbeschlag3.jpg	deleted/other-sites/mhk/trommelbeschlag3.jpg	81dc4c00171645b49e73a5d9d8601b06cdd95b358eec9d143741fe8457f953c7	22733	True	
deleted	other-sites	wtweb-design	853	lx-i	1171	rgsmoothgallery	531	fileadmin/s-wt/images/references/lx-i1.jpg	deleted/other-sites/wtweb-design/lx-i1.jpg	764dc0fe6112a05f65d8e0ae5bd0ff9880b6139e5f4a35165e8f7d4bb47c4f3e	7280	True	
deleted	other-sites	wtweb-design	853	lx-i	1171	rgsmoothgallery	532	fileadmin/s-wt/images/references/lx-i1-2.jpg	deleted/other-sites/wtweb-design/lx-i1-2.jpg	81150ec5c38a9423239bfb3b1a1a44da81d0851b2d959db17532901aba4ee26e	4036	True	
deleted	other-sites	wtweb-design	853	lx-i	1171	rgsmoothgallery	536	fileadmin/s-wt/images/references/lx-i3.jpg	deleted/other-sites/wtweb-design/lx-i3.jpg	33b01dde05507d3be78e6d32801d91d8ddba90ae5d3d041bdd4d8cd8833b1974	11125	True	
deleted	other-sites	wtweb-design	853	lx-i	1171	rgsmoothgallery	537	fileadmin/s-wt/images/references/lx-i2.jpg	deleted/other-sites/wtweb-design/lx-i2.jpg	2261f30ab4a3e6d0ef94ccf6b075ac4ff8b7c89c6f62b23c5b906e503b18d4ff	14502	True	
deleted	other-sites	wtweb-design	852	Start	1187	tx_damttcontent_files	543	fileadmin/s-wt/images/references/pyrofessor2.jpg	deleted/other-sites/wtweb-design/pyrofessor2.jpg	a60e2bcafa9441af3a7d117c79400428cba192fcc1770d4c021fef27b2b24d47	8760	True	
deleted	other-sites	wtweb-design	851	Tests	1172	rgsmoothgallery	531	fileadmin/s-wt/images/references/lx-i1.jpg	deleted/other-sites/wtweb-design/lx-i1.jpg	764dc0fe6112a05f65d8e0ae5bd0ff9880b6139e5f4a35165e8f7d4bb47c4f3e	7280	True	
deleted	other-sites	wtweb-design	851	Tests	1172	rgsmoothgallery	532	fileadmin/s-wt/images/references/lx-i1-2.jpg	deleted/other-sites/wtweb-design/lx-i1-2.jpg	81150ec5c38a9423239bfb3b1a1a44da81d0851b2d959db17532901aba4ee26e	4036	True	
deleted	other-sites	wtweb-design	851	Tests	1172	rgsmoothgallery	534	fileadmin/s-wt/images/references/pyrofessor.jpg	deleted/other-sites/wtweb-design/pyrofessor.jpg	bfd4bf1e1b57d3eab5e275071afc1aa641e2258e0be6ca5d815a890bd43a9097	8119	True	
deleted	other-sites	wtweb-design	851	Tests	1172	rgsmoothgallery	535	fileadmin/s-wt/images/references/MhkBerlin.jpg	deleted/other-sites/wtweb-design/MhkBerlin.jpg	2750a3f8d7bd0bb3b0fce898ddec7ace7b70df7980c85e79215185ca14f1b6f1	6748	True	
deleted	other-sites	wtweb-design	851	Tests	1172	rgsmoothgallery	536	fileadmin/s-wt/images/references/lx-i3.jpg	deleted/other-sites/wtweb-design/lx-i3.jpg	33b01dde05507d3be78e6d32801d91d8ddba90ae5d3d041bdd4d8cd8833b1974	11125	True	
deleted	other-sites	wtweb-design	854	Archiv	1179	tx_damttcontent_files	538	fileadmin/s-wt/images/references/murielle-argoud1.jpg	deleted/other-sites/wtweb-design/murielle-argoud1.jpg	49a39cb796655006c1150e23f82a164595eccabfcf1122c4fd83c91c1010d0ce	4007	True	
deleted	other-sites	wtweb-design	854	Archiv	1178	tx_damttcontent_files	533	fileadmin/s-wt/images/references/oculus1.jpg	deleted/other-sites/wtweb-design/oculus1.jpg	bb4fe24e377e9b6a398f534c56852f3b1f98f9342d6121936131206460ef42a1	12497	True	
deleted	other-sites	wtweb-design	854	Archiv	1177	tx_damttcontent_files	535	fileadmin/s-wt/images/references/MhkBerlin.jpg	deleted/other-sites/wtweb-design/MhkBerlin.jpg	2750a3f8d7bd0bb3b0fce898ddec7ace7b70df7980c85e79215185ca14f1b6f1	6748	True	
deleted	other-sites	wtweb-design	852	Start	1180	tx_damttcontent_files	545	fileadmin/s-wt/images/references/bfe1.jpg	deleted/other-sites/wtweb-design/bfe1.jpg	70ae26e3373e19b02047cbcebfc5223aa03de2eb66116d08bb0fbdadc75e8343	8681	True	
deleted	other-sites	wtweb-design	852	Start	1181	tx_damttcontent_files	540	fileadmin/s-wt/images/references/wurschtl-licht1.jpg	deleted/other-sites/wtweb-design/wurschtl-licht1.jpg	b0763f11e220de366dcf4304ad0e852f6c23386f99918d516513364c268d0e3d	6023	True	
deleted	other-sites	wtweb-design	854	Archiv	1185	tx_damttcontent_files	543	fileadmin/s-wt/images/references/pyrofessor2.jpg	deleted/other-sites/wtweb-design/pyrofessor2.jpg	a60e2bcafa9441af3a7d117c79400428cba192fcc1770d4c021fef27b2b24d47	8760	True	
deleted	other-sites	mhk	857	History	1192	rgsmoothgallery	386	fileadmin/s-mhk/images/cdregal.jpg	deleted/other-sites/mhk/cdregal.jpg	8f0be42cbef1ee1420dcc3fe14898217ec066ee715ed60de2a2dc6e61c600de0	20118	True	
deleted	other-sites	mhk	857	History	1192	rgsmoothgallery	392	fileadmin/s-mhk/images/von_seite_rechts00.jpg	deleted/other-sites/mhk/von_seite_rechts00.jpg	c6c6817b6f7d69e39ec6c69610ecf6d3af8c0ca413f98caff73dfc8565e337d2	16081	True	
deleted	other-sites	mhk	857	History	1192	rgsmoothgallery	394	fileadmin/s-mhk/images/eingang.jpg	deleted/other-sites/mhk/eingang.jpg	f9dd3a12b338bbac16dd186f7645a0b0a09a52f2f0d3bdc4a34888fd0e43075c	46821	True	
deleted	other-sites	mhk	857	History	1192	rgsmoothgallery	396	fileadmin/s-mhk/images/vordach.jpg	deleted/other-sites/mhk/vordach.jpg	ce41f531027413db39c75d1c56aef779594831403705f43612c781704c8d598a	90856	True	
deleted	other-sites	mhk	857	History	1192	rgsmoothgallery	397	fileadmin/s-mhk/images/led2_butt02.jpg	deleted/other-sites/mhk/led2_butt02.jpg	48909bc64e70925d02fe2e658e2e6658f392e353b10e3700491fcd6bd3cc6870	12060	True	
deleted	other-sites	mhk	857	History	1192	rgsmoothgallery	398	fileadmin/s-mhk/images/t-von_unten100.jpg	deleted/other-sites/mhk/t-von_unten100.jpg	e8e0b76b8c6e45d24840140a3becee8c474fb1b3c918560c1a312114717b1c0f	14222	True	
deleted	other-sites	mhk	857	History	1192	rgsmoothgallery	400	fileadmin/s-mhk/images/venti400.jpg	deleted/other-sites/mhk/venti400.jpg	ada470dab8d198eb870637354596e8366c46c30d18a103ecc18a53bcd187fa14	13755	True	
deleted	other-sites	mhk	857	History	1192	rgsmoothgallery	401	fileadmin/s-mhk/images/sessel.jpg	deleted/other-sites/mhk/sessel.jpg	4bae30ae1b52d818a415cba60b017484399f2dcf971d92ceaf5093dee376e7c1	54399	True	
deleted	other-sites	mhk	827	test 	1193	tx_damttcontent_files	562	fileadmin/s-mhk/images/halle/Shelter_von_rechts_oben2.jpg	deleted/other-sites/mhk/Shelter_von_rechts_oben2.jpg	06f84bb21ca748fc55a756fde59652806d090d1c3586d3a4aa513faf7b8d7561	354308	True	
deleted	other-sites	mhk	827	test 	1193	tx_damttcontent_files	563	fileadmin/s-mhk/images/halle/Shelter-Innen.jpg	deleted/other-sites/mhk/Shelter-Innen.jpg	a61f11ca06f956815b15ce7966fb459953610358304aada0d851bfb9e9c5f87e	42328	True	
live	uncategorised	entwurf	863	entwurf	1197	rgsmoothgallery	575	fileadmin/s-maj/images/entwurf/1webHome-2.jpg	live/uncategorised/entwurf/1webHome-2.jpg	4fa771695089155a75ddc30945589bc62bba2fdf039a865165c0d5bef5f39708	215999	True	
live	uncategorised	entwurf	863	entwurf	1197	rgsmoothgallery	576	fileadmin/s-maj/images/entwurf/3webFire.jpg	live/uncategorised/entwurf/3webFire.jpg	48ca9464bfdc1f6cd96a73ffdc8488214f54b1d0726a5c1e19ecc3335ab3a1cf	543829	True	
live	uncategorised	entwurf	863	entwurf	1197	rgsmoothgallery	577	fileadmin/s-maj/images/entwurf/2webShow.jpg	live/uncategorised/entwurf/2webShow.jpg	17a835fd6d275ac2e5a966acfd06a66ae7ea7437e81cdae2ec5a445254a73e9f	448631	True	
live	murals	murals-europe	866	Murals Europe	1199	rgsmoothgallery	617	fileadmin/s-maj/images/BilderMaja/1994muralsFassaden/199495MuralsTravel/Kvu2.jpg	live/murals/murals-europe/Kvu2.jpg	cff5cac98dcf642bac0c47b537f7eeef732939a4ff0ff942e712be043d94b2ea	3161538	True	paintings
live	murals	murals-europe	866	Murals Europe	1199	rgsmoothgallery	616	fileadmin/s-maj/images/BilderMaja/1994muralsFassaden/199495MuralsTravel/KoepiBerlin.jpg	live/murals/murals-europe/KoepiBerlin.jpg	ff6629dc035c4551b5f4ecfd5eb3702310dbf7ac018972bb5e1de580a81d8871	408264	True	paintings
live	murals	murals-europe	866	Murals Europe	1199	rgsmoothgallery	618	fileadmin/s-maj/images/BilderMaja/1994muralsFassaden/199495MuralsTravel/ZelenyDvor.jpg	live/murals/murals-europe/ZelenyDvor.jpg	71f47b4ff219c63a460a70f8a989f4c5bc027ff4e15a041e2977207fc7d697ca	3511328	True	paintings
live	murals	murals-europe	866	Murals Europe	1199	rgsmoothgallery	615	fileadmin/s-maj/images/BilderMaja/1994muralsFassaden/199495MuralsTravel/KavkovaPrag.jpg	live/murals/murals-europe/KavkovaPrag.jpg	f667edeb95d0d7a23d16dfdcac48cc9eb6b29f87134ac351b6f3bcec58c92132	634190	True	paintings
live	murals	murals-europe	866	Murals Europe	1199	rgsmoothgallery	614	fileadmin/s-maj/images/BilderMaja/1994muralsFassaden/199495MuralsTravel/arenaWien.jpg	live/murals/murals-europe/arenaWien.jpg	e0c89d67cf5e71e9225a5cd38635a6d01c9c39e8a787e55ee63d50b3a1a83965	537584	True	paintings
live	murals	murals-europe	866	Murals Europe	1199	rgsmoothgallery	610	fileadmin/s-maj/images/BilderMaja/1994muralsFassaden/199495MuralsTravel/Ladronka2.jpg	live/murals/murals-europe/Ladronka2.jpg	9278edc9c00c0cf446dc9500f17ea351c2f55b20f722c36007acfe5282d38b57	785362	True	paintings
live	murals	murals-europe	866	Murals Europe	1199	rgsmoothgallery	609	fileadmin/s-maj/images/BilderMaja/1994muralsFassaden/199495MuralsTravel/Ladronka.jpg	live/murals/murals-europe/Ladronka.jpg	8a9c783dbcd1d623725f0eca0a4da8219b15d74c6cdf0d19aca1dad7d2f64ea0	1177617	True	paintings
live	murals	murals-europe	866	Murals Europe	1199	rgsmoothgallery	613	fileadmin/s-maj/images/BilderMaja/1994muralsFassaden/199495MuralsTravel/KavkovaPrag2.jpg	live/murals/murals-europe/KavkovaPrag2.jpg	c9e3214cf5e7ab8995a18a8896cb7bab77f350f1e4bc8da49a917ae614dcc353	237148	True	paintings
live	murals	murals-europe	866	Murals Europe	1199	rgsmoothgallery	612	fileadmin/s-maj/images/BilderMaja/1994muralsFassaden/199495MuralsTravel/KvuBerlin.jpg	live/murals/murals-europe/KvuBerlin.jpg	d47538a7d49f7175d1b5ef0eac44d8d838112875ca30e009cbb8c423d03c2acd	442397	True	paintings
live	murals	murals-europe	866	Murals Europe	1199	rgsmoothgallery	611	fileadmin/s-maj/images/BilderMaja/1994muralsFassaden/199495MuralsTravel/KleineaHaifischBarBerlin.jpg	live/murals/murals-europe/KleineaHaifischBarBerlin.jpg	03a12c7d0295abf287d2a9e97da2fe06e30ffe1388960dfd89b4d2fe71080903	471961	True	paintings
live	murals	murals-europe	866	Murals Europe	1199	rgsmoothgallery	607	fileadmin/s-maj/images/BilderMaja/1994muralsFassaden/199495MuralsTravel/blaueAanslagDenHaag.jpg	live/murals/murals-europe/blaueAanslagDenHaag.jpg	b06a0e6f3b62251e70501176480b0353bd5598dd6d5c9dedc07b37cf32927375	612328	True	paintings
live	murals	murals-europe	866	Murals Europe	1199	rgsmoothgallery	608	fileadmin/s-maj/images/BilderMaja/1994muralsFassaden/199495MuralsTravel/blaueAanslagDenHaag2.jpg	live/murals/murals-europe/blaueAanslagDenHaag2.jpg	c5157003be0c81cc0858aaecd99cd0436bfa72a64a85ef7b2ddfc4734f2e1299	369566	True	paintings
live	paper-work	graphical-work	920	Graphical Work	1204	rgsmoothgallery	638	fileadmin/s-maj/images/BilderMaja/poster/djneugesicht3.jpg	live/paper-work/graphical-work/djneugesicht3.jpg	63edab09bfbd89421ee33dcaff1dd807fca6d33bcce667ca2f70b65ef55227e1	264009	True	paintings
live	murals	felix-und-regula	918	Felix und Regula	1202	rgsmoothgallery	599	fileadmin/s-maj/images/BilderMaja/1994muralsFassaden/1994FelixRegula/felix1.jpg	live/murals/felix-und-regula/felix1.jpg	e5492e30134b56dbb73728b1d6c10fa110fd245aaab4ca60c1d484b8ef890eba	119639	True	paintings
live	murals	wohlgroth	919	Wohlgroth	1203	rgsmoothgallery	595	fileadmin/s-maj/images/BilderMaja/1994muralsFassaden/1993Wohlgroth/WohlgrothOli1.jpg	live/murals/wohlgroth/WohlgrothOli1.jpg	415b77326d395568457c50f5887c715a064d19fa4bf1990204f76f7419a7dddb	513764	True	paintings
live	murals	wohlgroth	919	Wohlgroth	1203	rgsmoothgallery	593	fileadmin/s-maj/images/BilderMaja/1994muralsFassaden/1993Wohlgroth/WohlgrothOli2.jpg	live/murals/wohlgroth/WohlgrothOli2.jpg	1827c1330df667d63a2443e36580c6ee3f5791e92f08c727c380b68afa065841	451247	True	paintings
live	murals	wohlgroth	919	Wohlgroth	1203	rgsmoothgallery	589	fileadmin/s-maj/images/BilderMaja/1994muralsFassaden/1993Wohlgroth/Wohl.jpg	live/murals/wohlgroth/Wohl.jpg	1f9e433dfcf1642ec7974b8e5f0ae468a0a8d077703de995e86540cdcae23871	455871	True	paintings
live	murals	wohlgroth	919	Wohlgroth	1203	rgsmoothgallery	591	fileadmin/s-maj/images/BilderMaja/1994muralsFassaden/1993Wohlgroth/wohl1.jpg	live/murals/wohlgroth/wohl1.jpg	075781f959ecfca58d8478e25aa2c02d0fba8c0495264b6b7ed4d8b7b5c5438a	447128	True	paintings
live	murals	wohlgroth	919	Wohlgroth	1203	rgsmoothgallery	598	fileadmin/s-maj/images/BilderMaja/1994muralsFassaden/1993Wohlgroth/spritzen3.jpg	live/murals/wohlgroth/spritzen3.jpg	5a9f25b03a13acf480d0b0280981ddb0e7c9a0cd49c4d89595bc8a30b041bb78	346173	True	paintings
live	murals	wohlgroth	919	Wohlgroth	1203	rgsmoothgallery	597	fileadmin/s-maj/images/BilderMaja/1994muralsFassaden/1993Wohlgroth/wohl2.jpg	live/murals/wohlgroth/wohl2.jpg	2b3447aed8a4161ea44a2e24ff9e07cdd9b51baebe369acc3b6cd79f2a0bcea1	680786	True	paintings
live	murals	wohlgroth	919	Wohlgroth	1203	rgsmoothgallery	588	fileadmin/s-maj/images/BilderMaja/1994muralsFassaden/1993Wohlgroth/wohl5.jpg	live/murals/wohlgroth/wohl5.jpg	c83122e7dc2a84e5cb8d3bf3cdf494ebd1623aa5fd5f0563e54699147614b73b	324115	True	paintings
live	murals	wohlgroth	919	Wohlgroth	1203	rgsmoothgallery	594	fileadmin/s-maj/images/BilderMaja/1994muralsFassaden/1993Wohlgroth/wohl6.jpg	live/murals/wohlgroth/wohl6.jpg	e85644f8ab556b3ad66a9d3e6e51c43e2a4726b04c355a699650ebcb9f63c9b6	366536	True	paintings
live	murals	wohlgroth	919	Wohlgroth	1203	rgsmoothgallery	596	fileadmin/s-maj/images/BilderMaja/1994muralsFassaden/1993Wohlgroth/wohl4.jpg	live/murals/wohlgroth/wohl4.jpg	62835054f17515806e4efc951703de241e4fe859264e7fc45ef7784615f40c23	294077	True	paintings
live	murals	wohlgroth	919	Wohlgroth	1203	rgsmoothgallery	592	fileadmin/s-maj/images/BilderMaja/1994muralsFassaden/1993Wohlgroth/wohl3.jpg	live/murals/wohlgroth/wohl3.jpg	a0785b839ac09c145bb21de07dea58d826e3f48e6c109a113f95afb61d04aca8	359891	True	paintings
live	murals	felix-und-regula	918	Felix und Regula	1202	rgsmoothgallery	605	fileadmin/s-maj/images/BilderMaja/1994muralsFassaden/1994FelixRegula/felix2.jpg	live/murals/felix-und-regula/felix2.jpg	6a2ac880c92581f1d9af1f6f42221cdadbe5a3f0666a4884ae57687b287094e1	141749	True	paintings
live	murals	felix-und-regula	918	Felix und Regula	1202	rgsmoothgallery	601	fileadmin/s-maj/images/BilderMaja/1994muralsFassaden/1994FelixRegula/felix3.jpg	live/murals/felix-und-regula/felix3.jpg	bd14f06e2dc42063dcaff76bc28e77dc76490079a4ee8a72f374474603a01798	159558	True	paintings
live	murals	felix-und-regula	918	Felix und Regula	1202	rgsmoothgallery	600	fileadmin/s-maj/images/BilderMaja/1994muralsFassaden/1994FelixRegula/felix12.jpg	live/murals/felix-und-regula/felix12.jpg	c3a6525004f1b85961ef5c2eaa342aad24a0cd0c1b92ea324e861a87b545372f	806369	True	paintings
live	murals	felix-und-regula	918	Felix und Regula	1202	rgsmoothgallery	602	fileadmin/s-maj/images/BilderMaja/1994muralsFassaden/1994FelixRegula/felix13.jpg	live/murals/felix-und-regula/felix13.jpg	d3c49fdfdb7e3633a7a6a55feeb18751ddc7c4129da10d1200b05a4e04993d3d	380190	True	paintings
live	murals	felix-und-regula	918	Felix und Regula	1202	rgsmoothgallery	604	fileadmin/s-maj/images/BilderMaja/1994muralsFassaden/1994FelixRegula/felix5.jpg	live/murals/felix-und-regula/felix5.jpg	c9d7a50faec91d83b0a70104420041b9ef84be85bedd95aa6aa24a8d4400a62e	2654274	True	paintings
live	murals	felix-und-regula	918	Felix und Regula	1202	rgsmoothgallery	603	fileadmin/s-maj/images/BilderMaja/1994muralsFassaden/1994FelixRegula/felix_nix.jpg	live/murals/felix-und-regula/felix_nix.jpg	df7b361b6c76458e0b6799e85d3e60dce462d515b843d41c71ee1d957a64da58	203879	True	paintings
live	paper-work	graphical-work	920	Graphical Work	1204	rgsmoothgallery	634	fileadmin/s-maj/images/BilderMaja/poster/baggergenua.jpg	live/paper-work/graphical-work/baggergenua.jpg	d2dce0908a1a42553b5ce9fd875412066ac0b507d8b10a984701053c8fd7df12	617979	True	paintings
live	paper-work	graphical-work	920	Graphical Work	1204	rgsmoothgallery	632	fileadmin/s-maj/images/BilderMaja/poster/baggerplatte.jpg	live/paper-work/graphical-work/baggerplatte.jpg	7586278d8cd19debeb004565be61463b996d3fd7c7db599b796e458bbf5a6b8e	736186	True	paintings
live	paper-work	graphical-work	920	Graphical Work	1204	rgsmoothgallery	635	fileadmin/s-maj/images/BilderMaja/poster/BaggerRobot.jpg	live/paper-work/graphical-work/BaggerRobot.jpg	6c9031f9f365dceb4e4e9369d690c33a6f8ae508da494e7e5065b67a6e7cc59b	1354720	True	paintings
live	paper-work	graphical-work	920	Graphical Work	1204	rgsmoothgallery	633	fileadmin/s-maj/images/BilderMaja/poster/PUNKROID.jpg	live/paper-work/graphical-work/PUNKROID.jpg	b8b9566ccf8d852c83d5d20a9776b26acc52ada4d4b94b4f6426b5922539a2fe	712372	True	paintings
live	paper-work	graphical-work	920	Graphical Work	1204	rgsmoothgallery	630	fileadmin/s-maj/images/BilderMaja/poster/tekroid.jpg	live/paper-work/graphical-work/tekroid.jpg	d812bb38cbdb8ce21197d54812c2f9ec202b10efb52ca07e2d1d355076d1c81f	664008	True	paintings
live	paper-work	graphical-work	920	Graphical Work	1204	rgsmoothgallery	639	fileadmin/s-maj/images/BilderMaja/poster/dj-org-test.jpg	live/paper-work/graphical-work/dj-org-test.jpg	e217b51a3370a902237891232b84ebc8b16d18a0324b24a756ec086bd6e75085	188489	True	paintings
live	paper-work	graphical-work	920	Graphical Work	1204	rgsmoothgallery	629	fileadmin/s-maj/images/BilderMaja/poster/beaunew.jpg	live/paper-work/graphical-work/beaunew.jpg	32536a124af48f4f0333113158ed5b7c9b22965d79138379b0969e6977138ba9	1044954	True	paintings
live	murals	felix-und-regula	918	Felix und Regula	1202	rgsmoothgallery	1781	fileadmin/s-maj/images/BilderMaja/1994muralsFassaden/1994FelixRegula/f12.jpg	live/murals/felix-und-regula/f12.jpg	5dfd2059931e053ef0bdd0b4e782b6fadb1f9d8e8632adcb4e4966399b121851	308089	True	paintings
live	paper-work	graphical-work	920	Graphical Work	1204	rgsmoothgallery	637	fileadmin/s-maj/images/BilderMaja/poster/bar3.jpg	live/paper-work/graphical-work/bar3.jpg	a295061cbfebf487c2dbc8eeee1b683f91e5a47808739e4baa15b6bb64137a70	977728	True	paintings
live	paper-work	graphical-work	920	Graphical Work	1204	rgsmoothgallery	636	fileadmin/s-maj/images/BilderMaja/poster/bar2.jpg	live/paper-work/graphical-work/bar2.jpg	3b188528327b223c09fd7d6280d2cfdc7ddc61416daa7884ac6b602e091be3db	1020178	True	paintings
live	paper-work	graphical-work	920	Graphical Work	1204	rgsmoothgallery	623	fileadmin/s-maj/images/BilderMaja/poster/ERICO.jpg	live/paper-work/graphical-work/ERICO.jpg	eb2cfce96c2bff89b45482b29f56967621ca8acc77bb124e8e259395295d157b	672428	True	paintings
live	paper-work	graphical-work	920	Graphical Work	1204	rgsmoothgallery	622	fileadmin/s-maj/images/BilderMaja/poster/EricoSKIZZE.jpg	live/paper-work/graphical-work/EricoSKIZZE.jpg	4e329425eac31c1b6cfeb87d89467bf97f0d164f97cb791233b67e3e648d3356	236031	True	paintings
live	paper-work	graphical-work	920	Graphical Work	1204	rgsmoothgallery	620	fileadmin/s-maj/images/BilderMaja/poster/Pyrobotic.jpg	live/paper-work/graphical-work/Pyrobotic.jpg	8cdfcf09e38fc4c6d7da4a9c1759e2b2d0a46728fad27ed89d6b24edd07cbdb8	424167	True	paintings
live	paper-work	graphical-work	920	Graphical Work	1204	rgsmoothgallery	631	fileadmin/s-maj/images/BilderMaja/poster/hannaBday.jpg	live/paper-work/graphical-work/hannaBday.jpg	f83c4c537becf76cff5751051d075716257d75c801c23788fd7a97a8b678ae5d	453406	True	paintings
live	paper-work	graphical-work	920	Graphical Work	1204	rgsmoothgallery	628	fileadmin/s-maj/images/BilderMaja/poster/frankie.jpg	live/paper-work/graphical-work/frankie.jpg	594c8e86bf4fea050c155c20e68c6507dd4f216efbeac5a25bfdade1d606408f	352514	True	paintings
live	paper-work	graphical-work	920	Graphical Work	1204	rgsmoothgallery	672	fileadmin/s-maj/images/BilderMaja/concepts/vignanello.jpg	live/paper-work/graphical-work/vignanello.jpg	cdea51ffb4025f378dd32a16eca62674bcedb91e74eee9de61ed54a2b92d9258	642456	True	paintings
live	paper-work	akwa	921	Akwa	1205	rgsmoothgallery	660	fileadmin/s-maj/images/BilderMaja/2005Akwa/Akwa1.jpg	live/paper-work/akwa/Akwa1.jpg	be202ee9bcd69e81677eb691fda0dad7446e2f052e09a42f53e964407021778a	400958	True	paintings
live	paper-work	malaga-la-vache	922	Malaga la Vache	1206	rgsmoothgallery	650	fileadmin/s-maj/images/BilderMaja/2005Malaga/malaga2.jpg	live/paper-work/malaga-la-vache/malaga2.jpg	ffe1deecb14f1b0f15ef2ba529d0b6e73bd90678a3eb9e8b371d7ae560a536f2	355316	True	paintings
live	paper-work	malaga-la-vache	922	Malaga la Vache	1206	rgsmoothgallery	648	fileadmin/s-maj/images/BilderMaja/2005Malaga/Scetch2.jpg	live/paper-work/malaga-la-vache/Scetch2.jpg	da0a6b8a3cc5af5e20402cf98d5e3eb1105d24c0be7d9bd5f472e5af13b632b2	194903	True	paintings
live	paper-work	malaga-la-vache	922	Malaga la Vache	1206	rgsmoothgallery	652	fileadmin/s-maj/images/BilderMaja/2005Malaga/gabriellewillnicht1.jpg	live/paper-work/malaga-la-vache/gabriellewillnicht1.jpg	80f1c08acbbdaa2996fbc46f3f6fa7a0fa37c020df0137d23981e84a83b94598	297896	True	paintings
live	paper-work	malaga-la-vache	922	Malaga la Vache	1206	rgsmoothgallery	643	fileadmin/s-maj/images/BilderMaja/2005Malaga/ski5.jpg	live/paper-work/malaga-la-vache/ski5.jpg	36c7a0c812849dc1a483bedfc2497dffb9d38efc9b9e9aba6dc8e3b752ca2347	274846	True	paintings
live	paper-work	malaga-la-vache	922	Malaga la Vache	1206	rgsmoothgallery	642	fileadmin/s-maj/images/BilderMaja/2005Malaga/ski2.jpg	live/paper-work/malaga-la-vache/ski2.jpg	887f06637c6a2fffef39c1d0f8fcab350e536a2183bd88978546471315434555	154865	True	paintings
live	paper-work	malaga-la-vache	922	Malaga la Vache	1206	rgsmoothgallery	641	fileadmin/s-maj/images/BilderMaja/2005Malaga/camping1.jpg	live/paper-work/malaga-la-vache/camping1.jpg	5d4393adbff25284a77b4c9a7438662cbf0505c24bacd5d0e7639c3c31e001b3	259861	True	paintings
live	paper-work	malaga-la-vache	922	Malaga la Vache	1206	rgsmoothgallery	654	fileadmin/s-maj/images/BilderMaja/2005Malaga/campingcolori.jpg	live/paper-work/malaga-la-vache/campingcolori.jpg	8e02e5cdf5f4acf6941aeaa1b91b2a6bf1110f00b51069351183c4cd3f7188fe	841967	True	paintings
live	paper-work	malaga-la-vache	922	Malaga la Vache	1206	rgsmoothgallery	651	fileadmin/s-maj/images/BilderMaja/2005Malaga/gDance.jpg	live/paper-work/malaga-la-vache/gDance.jpg	537e91860f8b739a1365b150d8b80d2c83be25684005d86e6b039982488336a4	226205	True	paintings
live	paper-work	malaga-la-vache	922	Malaga la Vache	1206	rgsmoothgallery	647	fileadmin/s-maj/images/BilderMaja/2005Malaga/osb2.jpg	live/paper-work/malaga-la-vache/osb2.jpg	50998f2992fcfe0d4bda8f886ce2df5706ec3fcaa7e17d3bd58df9e25ccc2fc2	253461	True	paintings
live	paper-work	malaga-la-vache	922	Malaga la Vache	1206	rgsmoothgallery	649	fileadmin/s-maj/images/BilderMaja/2005Malaga/osb3.jpg	live/paper-work/malaga-la-vache/osb3.jpg	db18043792fa09a268e6e55761b109c7491918debecf108cd978ba5eed085218	145377	True	paintings
live	paper-work	malaga-la-vache	922	Malaga la Vache	1206	rgsmoothgallery	646	fileadmin/s-maj/images/BilderMaja/2005Malaga/osb1.jpg	live/paper-work/malaga-la-vache/osb1.jpg	b1d2a0164f15e51c9579fefb52c7a58c0805c290d553001f074b4f8406dde69b	190678	True	paintings
live	paper-work	malaga-la-vache	922	Malaga la Vache	1206	rgsmoothgallery	657	fileadmin/s-maj/images/BilderMaja/2005Malaga/karteParis.jpg	live/paper-work/malaga-la-vache/karteParis.jpg	ce9f8ba4fdcf1c51ae567986ae27bd80c76746032abb2e9b74e56c773e52a1c3	233961	True	paintings
live	paper-work	malaga-la-vache	922	Malaga la Vache	1206	rgsmoothgallery	645	fileadmin/s-maj/images/BilderMaja/2005Malaga/Monalisa.jpg	live/paper-work/malaga-la-vache/Monalisa.jpg	bd98e219612434da34b9eeb3094fb40490b35f6cacce054f205042afb6e27db5	254643	True	paintings
live	paper-work	malaga-la-vache	922	Malaga la Vache	1206	rgsmoothgallery	653	fileadmin/s-maj/images/BilderMaja/2005Malaga/surf1.jpg	live/paper-work/malaga-la-vache/surf1.jpg	d0c6ff78c542f3b4fc3a11a61a174fea7a54102c05a1a3eae01a4bbee8b4b55c	312745	True	paintings
live	paper-work	malaga-la-vache	922	Malaga la Vache	1206	rgsmoothgallery	655	fileadmin/s-maj/images/BilderMaja/2005Malaga/surf3colori.jpg	live/paper-work/malaga-la-vache/surf3colori.jpg	91d4c1b15246901df57de0db7845ee42ce6774f9548e1908772f29b9c1b9e746	516530	True	paintings
live	paper-work	akwa	921	Akwa	1205	rgsmoothgallery	658	fileadmin/s-maj/images/BilderMaja/2005Akwa/Akwa2.jpg	live/paper-work/akwa/Akwa2.jpg	d95e6b85aea609be3e77908b28dbd0f7691aba1bd9b532d2f2312b7e794d7363	537303	True	paintings
live	paper-work	akwa	921	Akwa	1205	rgsmoothgallery	659	fileadmin/s-maj/images/BilderMaja/2005Akwa/Akwa3.jpg	live/paper-work/akwa/Akwa3.jpg	a8d894ad7e506253c4d3584faa4950886ac44b79712da95db9436a3afe96deba	459325	True	paintings
live	paper-work	concept-illustration	923	Concept Illustration	1209	rgsmoothgallery	674	fileadmin/s-maj/images/BilderMaja/concepts/Dc1.jpg	live/paper-work/concept-illustration/Dc1.jpg	e8a8ed080e0d691ac4134e264b724ddcf934a80fede99cf87d533281cd2e478a	424902	True	paintings
live	paper-work	concept-illustration	923	Concept Illustration	1209	rgsmoothgallery	667	fileadmin/s-maj/images/BilderMaja/concepts/Dc2.jpg	live/paper-work/concept-illustration/Dc2.jpg	6ca8cc9923b9484c15a980832e64746eecee484fb177ed496b26714ae7464821	259025	True	paintings
live	paper-work	concept-illustration	923	Concept Illustration	1209	rgsmoothgallery	666	fileadmin/s-maj/images/BilderMaja/concepts/ElxtAireals1.jpg	live/paper-work/concept-illustration/ElxtAireals1.jpg	6a5fb430bf6af4d35fe86641f664ee3451e49634382f7ac2431d167882eb02aa	536248	True	paintings
live	paper-work	concept-illustration	923	Concept Illustration	1209	rgsmoothgallery	668	fileadmin/s-maj/images/BilderMaja/concepts/ElxtKokooons.jpg	live/paper-work/concept-illustration/ElxtKokooons.jpg	1821f0ecf257c7510c52f7735eae69d6781cf05acf2c63c6b2cff61308e32b19	635553	True	paintings
live	paper-work	concept-illustration	923	Concept Illustration	1209	rgsmoothgallery	665	fileadmin/s-maj/images/BilderMaja/concepts/Mantelheizung2.jpg	live/paper-work/concept-illustration/Mantelheizung2.jpg	41c54a961d82ce0758ed1bffc0e15719baee2f050d6b2a999d324e8090cc8062	575391	True	paintings
live	paper-work	concept-illustration	923	Concept Illustration	1209	rgsmoothgallery	671	fileadmin/s-maj/images/BilderMaja/concepts/Mantelheizung1.jpg	live/paper-work/concept-illustration/Mantelheizung1.jpg	b651a81b3a87446e50e9fed6dcb50addee9ab8080b703641faf7feecef5ef2fe	476458	True	paintings
live	paper-work	concept-illustration	923	Concept Illustration	1209	rgsmoothgallery	664	fileadmin/s-maj/images/BilderMaja/concepts/Lampen1.jpg	live/paper-work/concept-illustration/Lampen1.jpg	1f62fc0c7938514aef2e0ea41ab5f01ea4deda00a31323e870c2dd2ed192f70c	494207	True	paintings
live	paper-work	concept-illustration	923	Concept Illustration	1209	rgsmoothgallery	669	fileadmin/s-maj/images/BilderMaja/concepts/motasseMoped.jpg	live/paper-work/concept-illustration/motasseMoped.jpg	c7b51200ee7d455e790dce107288903f0fc734049717768b8b3ba0cd5c859489	670308	True	paintings
live	paper-work	concept-illustration	923	Concept Illustration	1209	rgsmoothgallery	670	fileadmin/s-maj/images/BilderMaja/concepts/motasse1.jpg	live/paper-work/concept-illustration/motasse1.jpg	1c4385a6784615a1f4d97d37b3b5e34cf536af872ef3c3443f2f93b59ad022d8	375670	True	paintings
live	paper-work	concept-illustration	923	Concept Illustration	1209	rgsmoothgallery	675	fileadmin/s-maj/images/BilderMaja/concepts/motasse2.jpg	live/paper-work/concept-illustration/motasse2.jpg	5738afd449e7413c3c9047c58958851d25abd837b6d3f320be8a794d8b9a948e	750737	True	paintings
live	collaborations	hand-of-man	945	Hand of Man	1252	rgsmoothgallery	1746	fileadmin/s-maj/images/BilderMaja/2007 handofman/oergn3.jpg	live/collaborations/hand-of-man/oergn3.jpg	953c584983423460c617a1e97a5951039284143b9a7c9ecc53c7090082474bbd	245162	True	UNMAPPED
live	paper-work	graphical-work	920	Graphical Work	1204	rgsmoothgallery	661	fileadmin/s-maj/images/BilderMaja/poster/Firefriends.jpg	live/paper-work/graphical-work/Firefriends.jpg	aa4750cc36ac86459a78b9c8db5ff3f67b5f9f81f17fd9c875c5c2df6a760bdd	157502	True	paintings
live	paper-work	graphical-work	920	Graphical Work	1204	rgsmoothgallery	663	fileadmin/s-maj/images/BilderMaja/poster/djYke.jpg	live/paper-work/graphical-work/djYke.jpg	f9470455466986e9cb333fa5a133e9ea98872fdb6b555f9e9f67886bb2917cf7	328697	True	paintings
live	sculptural-work	dorfbachschiff	942	Dorfbachschiff	1249	rgsmoothgallery	768	fileadmin/s-maj/images/BilderMaja/1998Dorfbachschiff/schiffli3.jpg	live/sculptural-work/dorfbachschiff/schiffli3.jpg	8dd4c9ca188a4ed283716e3e958e310dbd66861fe8e3f81e1f85422d1b561066	240386	True	sculptures-or-installations
live	possibilities	breath-under-water	924	Breath Under Water	1216	rgsmoothgallery	678	fileadmin/s-maj/images/BilderMaja/2005TheWhale/TotaleBLAU.jpg	live/possibilities/breath-under-water/TotaleBLAU.jpg	b262f4db6b38c17a7eb55927eb16e0998b6868b661fcf8e93ac93889b2a45b86	190697	True	UNMAPPED
live	possibilities	breath-under-water	924	Breath Under Water	1216	rgsmoothgallery	688	fileadmin/s-maj/images/BilderMaja/2005TheWhale/Front1.jpg	live/possibilities/breath-under-water/Front1.jpg	a3b0e032a5865a53fdd71b3c5ccb91524cfa3f2c93e9d971bee3bcc311b3ab56	281381	True	UNMAPPED
live	possibilities	breath-under-water	924	Breath Under Water	1216	rgsmoothgallery	691	fileadmin/s-maj/images/BilderMaja/2005TheWhale/Front2.jpg	live/possibilities/breath-under-water/Front2.jpg	c74c17f1ee3056f14f174414dc4687204506cb6191b4f054bd893c7744da7fc9	285975	True	UNMAPPED
live	possibilities	breath-under-water	924	Breath Under Water	1216	rgsmoothgallery	2052	fileadmin/s-maj/images/BilderMaja/2005TheWhale/bigandsmall_grey.jpg	live/possibilities/breath-under-water/bigandsmall_grey.jpg	aaf917a9b96339a50252e70faf409f81d89e8e3d242e5ea7b2f700d23e56354c	33274	True	UNMAPPED
live	paper-work	concept-illustration	923	Concept Illustration	1209	rgsmoothgallery	1439	fileadmin/s-maj/images/BilderMaja/concepts/elxt.jpg	live/paper-work/concept-illustration/elxt.jpg	297024a4678d3bc866897ee0b3653b35491ab11d15c3f0388b5a0937b11ec2b9	158139	True	paintings
live	sculptural-work	duschfass	1034	Duschfass	1497	rgsmoothgallery	2091	fileadmin/s-maj/images/BilderMaja/2010duschfass/CIMG1243.jpg	live/sculptural-work/duschfass/CIMG1243.jpg	f1d049c4027b9847dee37e738d92664c31270d98333aff91236e6fbf112a1515	459069	True	sculptures-or-installations
live	possibilities	breath-under-water	924	Breath Under Water	1216	rgsmoothgallery	685	fileadmin/s-maj/images/BilderMaja/2005TheWhale/model3.jpg	live/possibilities/breath-under-water/model3.jpg	5337bd22eaaa8bfcdc5f726f76851e652bca8ad44d37b20da6fee77a670396bb	123471	True	UNMAPPED
live	collaborations	hand-of-man	945	Hand of Man	1252	rgsmoothgallery	1753	fileadmin/s-maj/images/BilderMaja/2007 handofman/car10.jpg	live/collaborations/hand-of-man/car10.jpg	b0f1d933a8fd74b52b33b4cb6488038635d312f482df94f8c6277c87407c3a3e	234718	True	UNMAPPED
live	collaborations	hand-of-man	945	Hand of Man	1252	rgsmoothgallery	1744	fileadmin/s-maj/images/BilderMaja/2007 handofman/1car1.jpg	live/collaborations/hand-of-man/1car1.jpg	bd489500b526ca5e0beffe538245d4f15621ae3936262fbeb05ed684c42c9ed5	248485	True	UNMAPPED
live	collaborations	hand-of-man	945	Hand of Man	1252	rgsmoothgallery	1751	fileadmin/s-maj/images/BilderMaja/2007 handofman/car3.jpg	live/collaborations/hand-of-man/car3.jpg	056b1024bd3c623486adce4a02364d89c79f391395963061e85065413bbcc7ce	269131	True	UNMAPPED
live	collaborations	hand-of-man	945	Hand of Man	1252	rgsmoothgallery	1747	fileadmin/s-maj/images/BilderMaja/2007 handofman/car4.jpg	live/collaborations/hand-of-man/car4.jpg	a09dd9d8bb2b7788f6ea858d2363a2e3308286ebdcaf93a8bb4d600fcb4aa9b7	231620	True	UNMAPPED
live	collaborations	hand-of-man	945	Hand of Man	1252	rgsmoothgallery	1750	fileadmin/s-maj/images/BilderMaja/2007 handofman/car7.jpg	live/collaborations/hand-of-man/car7.jpg	37fb13cddfb3e5aeefa4d79f5378612549d752127008645d451d73ca16010dbe	225783	True	UNMAPPED
live	possibilities	breath-under-water	924	Breath Under Water	1216	rgsmoothgallery	684	fileadmin/s-maj/images/BilderMaja/2005TheWhale/SpineWithTitel.jpg	live/possibilities/breath-under-water/SpineWithTitel.jpg	563468db87f828466075a32116fade9be7f957c6ec6183df13f8ba4f67486db6	171709	True	UNMAPPED
hidden	sculptural-work	recent-sculptures	953	recent sculptures	1265	rgsmoothgallery	924	fileadmin/s-maj/images/BilderMaja/2008geier/vultureonbg.JPG	hidden/sculptural-work/recent-sculptures/vultureonbg.JPG	4e00ad22bea88e1f77e99fd1671c567a170a42011f0eaf7ef5143d4041b38706	533824	True	sculptures-or-installations
live	performance	bagger	928	Bagger	1222	rgsmoothgallery	699	fileadmin/s-maj/images/BilderMaja/1997Bagger/BaggerShow/gruppenbild_def.tif_copy.jpg	live/performance/bagger/gruppenbild_def.tif_copy.jpg	f58eed2fd9131147b80bf8b9e2df882da2a61ddc39fb86ff6d95c07eafc4fa5f	781250	True	performance
live	performance	bagger	928	Bagger	1222	rgsmoothgallery	702	fileadmin/s-maj/images/BilderMaja/1997Bagger/BaggerShow/aufbautorino3.jpg	live/performance/bagger/aufbautorino3.jpg	dcd0953bc5656a9e1bd4671cfc2e3686684fb0e6d797a2b11d514de962c45e4f	561154	True	performance
live	performance	bagger	928	Bagger	1222	rgsmoothgallery	700	fileadmin/s-maj/images/BilderMaja/1997Bagger/BaggerShow/aftershow2.jpg	live/performance/bagger/aftershow2.jpg	6303577d12fe26e65baf61687346ead77d26aa9c5d02b4b842025752358952bc	642727	True	performance
live	performance	bagger	928	Bagger	1222	rgsmoothgallery	701	fileadmin/s-maj/images/BilderMaja/1997Bagger/BaggerShow/akrotorino.jpg	live/performance/bagger/akrotorino.jpg	a5afe4e69efa331a1109a959c708fdb38469cbe2333ea9d3b4979a9ddca2956f	648906	True	performance
live	performance	bagger	928	Bagger	1222	rgsmoothgallery	714	fileadmin/s-maj/images/BilderMaja/1997Bagger/BaggerShow/aftershow1.jpg	live/performance/bagger/aftershow1.jpg	7155cdeb939b1e44cfbba67fe6593f5a401cdf50a8e36b72e01f512d78dc5692	699463	True	performance
live	performance	bagger	928	Bagger	1222	rgsmoothgallery	696	fileadmin/s-maj/images/BilderMaja/1997Bagger/BaggerShow/baburom.jpg	live/performance/bagger/baburom.jpg	c02168c88f7412b7fb2e94ed764a3c2749be2e4a39c8f8aef71bf7167d82fcb4	583278	True	performance
live	performance	bagger	928	Bagger	1222	rgsmoothgallery	695	fileadmin/s-maj/images/BilderMaja/1997Bagger/BaggerShow/munchozureich.jpg	live/performance/bagger/munchozureich.jpg	8bae0952d59c20eb12fb57c0ead95b34c620c1215acf5e2aced6ac9909c904cd	685157	True	performance
live	performance	bagger	928	Bagger	1222	rgsmoothgallery	745	fileadmin/s-maj/images/BilderMaja/1997Bagger/BaggerReise/spliteswirdeng.jpg	live/performance/bagger/spliteswirdeng.jpg	da1e35d259b5fee3e19d323654d52af8461239b15c02e198dd69287d3765e9e9	728125	True	performance
live	performance	bagger	928	Bagger	1222	rgsmoothgallery	694	fileadmin/s-maj/images/BilderMaja/1997Bagger/BaggerShow/munchofire.jpg	live/performance/bagger/munchofire.jpg	f7f6b367fc25c7f013e2c0f521115eca125c594fc15ecd229de42abda24f9afe	703857	True	performance
live	performance	bagger	928	Bagger	1222	rgsmoothgallery	703	fileadmin/s-maj/images/BilderMaja/1997Bagger/BaggerShow/luismilano.jpg	live/performance/bagger/luismilano.jpg	08e10b57b2c56b57d3880b0d4afa23c3936f15cae0ebb0ae31929a58edf6f7cc	721855	True	performance
live	performance	bagger	928	Bagger	1222	rgsmoothgallery	704	fileadmin/s-maj/images/BilderMaja/1997Bagger/BaggerShow/luisrom.jpg	live/performance/bagger/luisrom.jpg	f5f8e67647e1ca2b56b44d1aa3dc60d44af549cc19c436941978dc9e3c9db2da	535396	True	performance
live	performance	bagger	928	Bagger	1222	rgsmoothgallery	705	fileadmin/s-maj/images/BilderMaja/1997Bagger/BaggerShow/soundcheck1.jpg	live/performance/bagger/soundcheck1.jpg	58fc7c75b35d45914e0843749664a7b245f0ca60176b23e0cfb226b2d0d0c72d	568309	True	performance
live	performance	bagger	928	Bagger	1222	rgsmoothgallery	706	fileadmin/s-maj/images/BilderMaja/1997Bagger/BaggerShow/babunetzrom.jpg	live/performance/bagger/babunetzrom.jpg	6438ebe3c70414fc3d47feabb6c9e457c98733b6a516be6048afcbe05ff326f7	677512	True	performance
live	performance	bagger	928	Bagger	1222	rgsmoothgallery	707	fileadmin/s-maj/images/BilderMaja/1997Bagger/BaggerShow/splittotale2.jpg	live/performance/bagger/splittotale2.jpg	e589c24584c22ecb07619c650799a8530aa26b7d951b03b495460fc64d5cde55	445298	True	performance
live	performance	bagger	928	Bagger	1222	rgsmoothgallery	749	fileadmin/s-maj/images/BilderMaja/1997Bagger/BaggerReise/ankunftsplit.jpg	live/performance/bagger/ankunftsplit.jpg	9d2ddca7309e217ff1a87521e519d903ec73e158e666f8f9756697d888428ff7	1408960	True	performance
live	performance	bagger	928	Bagger	1222	rgsmoothgallery	709	fileadmin/s-maj/images/BilderMaja/1997Bagger/BaggerShow/fafarom.jpg	live/performance/bagger/fafarom.jpg	76ce5412f923ffe92a0ece2f5bbbeb23afa08b34189e52f7a9970e241284add1	579104	True	performance
live	performance	bagger	928	Bagger	1222	rgsmoothgallery	710	fileadmin/s-maj/images/BilderMaja/1997Bagger/BaggerShow/majapforzheim.jpg	live/performance/bagger/majapforzheim.jpg	56cd31e705c851bd354d694d3d95dbdb80566efc597824864093556d159280f0	695040	True	performance
live	performance	bagger	928	Bagger	1222	rgsmoothgallery	711	fileadmin/s-maj/images/BilderMaja/1997Bagger/BaggerShow/fflubjiana.jpg	live/performance/bagger/fflubjiana.jpg	17e70557c5882ae3fb0f769d3fe249571c19c994f9c074b6c92bca55f6655c52	678754	True	performance
live	performance	bagger	928	Bagger	1222	rgsmoothgallery	712	fileadmin/s-maj/images/BilderMaja/1997Bagger/BaggerShow/azuverafire2.jpg	live/performance/bagger/azuverafire2.jpg	3ebb14f36a3c290feb9967258caa534f5cf406b78981aec9b3ad5c1601355b10	637603	True	performance
live	performance	bagger	928	Bagger	1222	rgsmoothgallery	713	fileadmin/s-maj/images/BilderMaja/1997Bagger/BaggerShow/netzmilano.jpg	live/performance/bagger/netzmilano.jpg	5147e7463e1bd62b407283b4e240d91260947971d222d2a773a9ac6e67b29c8c	694661	True	performance
live	performance	bagger	928	Bagger	1222	rgsmoothgallery	750	fileadmin/s-maj/images/BilderMaja/1997Bagger/BaggerShow/bagger1.jpg	live/performance/bagger/bagger1.jpg	e0f396fca3b1cb7d73169fda560a3932fc1dc6d2f1144afbe4ec535440eec586	619132	True	performance
live	performance	bagger	928	Bagger	1222	rgsmoothgallery	716	fileadmin/s-maj/images/BilderMaja/1997Bagger/BaggerShow/vierhunde.jpg	live/performance/bagger/vierhunde.jpg	932ac63e6c2ccd94fbb7a42ed01b88a46d01fca9163647e4395bb7fe286c6435	720292	True	performance
live	performance	bagger	928	Bagger	1222	rgsmoothgallery	717	fileadmin/s-maj/images/BilderMaja/1997Bagger/BaggerShow/idiotmilano.jpg	live/performance/bagger/idiotmilano.jpg	da4ad2bc150cedfa90d8489565c5e436ddb1a42e592612be8ba2dbe35c21636a	491598	True	performance
live	performance	bagger	928	Bagger	1222	rgsmoothgallery	718	fileadmin/s-maj/images/BilderMaja/1997Bagger/BaggerShow/elektroschock.jpg	live/performance/bagger/elektroschock.jpg	b1e9d5c15f5bf9166ed022f6d7fd734ed42703dc8d6a893e3cc90dc66647101b	821435	True	performance
live	performance	bagger	928	Bagger	1222	rgsmoothgallery	719	fileadmin/s-maj/images/BilderMaja/1997Bagger/BaggerShow/folter2.jpg	live/performance/bagger/folter2.jpg	0f0a8e1496aeee7a2404df3f98dc8fdbf6bbbad16af188870537cbed6c2c0d5d	650604	True	performance
live	performance	bagger	928	Bagger	1222	rgsmoothgallery	720	fileadmin/s-maj/images/BilderMaja/1997Bagger/BaggerShow/feuermann.jpg	live/performance/bagger/feuermann.jpg	206247652672b40d240f5388721de576c277c760055771891c2d43648d82f529	618036	True	performance
live	performance	bagger	928	Bagger	1222	rgsmoothgallery	697	fileadmin/s-maj/images/BilderMaja/1997Bagger/BaggerShow/veraschminkt.jpg	live/performance/bagger/veraschminkt.jpg	8a626b1bf44cfa9451d96afa7a4c87f77f6bb28d561eb19f978b1ca0bd1566ae	866332	True	performance
live	performance	bagger	928	Bagger	1222	rgsmoothgallery	722	fileadmin/s-maj/images/BilderMaja/1997Bagger/BaggerShow/azuromhoch.jpg	live/performance/bagger/azuromhoch.jpg	491a10cc6a02f75dee62eae1a8205828d30db1433d6c0ec13c653bed17b3944d	546990	True	performance
live	performance	free-radicals	927	Free Radicals	1221	rgsmoothgallery	762	fileadmin/s-maj/images/BilderMaja/2002FreeRSpannwerk/Free_Radicals.spannwerk.26.10.2002_016.jpg	live/performance/free-radicals/Free_Radicals.spannwerk.26.10.2002_016.jpg	5b6a377487d6af6fbdf456021b320173ba3b27ad2efde61f238a3ccdbac7c8ac	69334	True	performance
live	performance	bagger	928	Bagger	1222	rgsmoothgallery	724	fileadmin/s-maj/images/BilderMaja/1997Bagger/BaggerShow/azufeuerkreis.jpg	live/performance/bagger/azufeuerkreis.jpg	f5fdb993d33adee9febc1843e4260003ba1a97cc870ad74954f67bf80b7c027d	493530	True	performance
live	performance	bagger	928	Bagger	1222	rgsmoothgallery	698	fileadmin/s-maj/images/BilderMaja/1997Bagger/BaggerShow/folter1.jpg	live/performance/bagger/folter1.jpg	41724d13b58dfcccd9a1c00c10ccd36cfc515faa10828c08f41ddede47a22f07	577025	True	performance
live	performance	bagger	928	Bagger	1222	rgsmoothgallery	726	fileadmin/s-maj/images/BilderMaja/1997Bagger/BaggerReise/mangiare.jpg	live/performance/bagger/mangiare.jpg	be6774857904ab3857161cfcf3ef1179efc7f3932856f9869e71ae0e66165482	709407	True	performance
live	performance	bagger	928	Bagger	1222	rgsmoothgallery	727	fileadmin/s-maj/images/BilderMaja/1997Bagger/BaggerReise/fafamike.jpg	live/performance/bagger/fafamike.jpg	ae40b57e8e6b30184770c6094d937149b0e0e0fc19983762cb7b5152cc74b2ea	760267	True	performance
live	performance	bagger	928	Bagger	1222	rgsmoothgallery	728	fileadmin/s-maj/images/BilderMaja/1997Bagger/BaggerReise/pannelubjiana.jpg	live/performance/bagger/pannelubjiana.jpg	9b59679649b0fcfa1dbef141f23c3f1cefb7e0428318bc555b0ae5e288155a75	508214	True	performance
live	performance	bagger	928	Bagger	1222	rgsmoothgallery	729	fileadmin/s-maj/images/BilderMaja/1997Bagger/BaggerReise/panne.jpg	live/performance/bagger/panne.jpg	6490d3643a4c513354e5cb4eba4f278fa6ea73fb8a1ae8f343787b4cdc0ce29b	840138	True	performance
live	performance	bagger	928	Bagger	1222	rgsmoothgallery	730	fileadmin/s-maj/images/BilderMaja/1997Bagger/BaggerReise/swimmingpool.jpg	live/performance/bagger/swimmingpool.jpg	665d11d874e7de196614805ecfba602ffea0ca10ab283a8706cb183bc7342a71	583845	True	performance
live	performance	bagger	928	Bagger	1222	rgsmoothgallery	731	fileadmin/s-maj/images/BilderMaja/1997Bagger/BaggerReise/valeselma.jpg	live/performance/bagger/valeselma.jpg	513305ee8cd1f6b43ce8aced9caec88d9ee6cda57679da7d8381c738beaf0d61	520406	True	performance
live	performance	bagger	928	Bagger	1222	rgsmoothgallery	732	fileadmin/s-maj/images/BilderMaja/1997Bagger/BaggerReise/tagnapoli.jpg	live/performance/bagger/tagnapoli.jpg	7209ec1fa4aa45fb7dd01c52bdac049ebf1f6fb5084579863c12bdedc7eaa903	763618	True	performance
live	performance	free-radicals	927	Free Radicals	1221	rgsmoothgallery	761	fileadmin/s-maj/images/BilderMaja/2002FreeRSpannwerk/Free_Radicals.spannwerk.26.10.2002_012.jpg	live/performance/free-radicals/Free_Radicals.spannwerk.26.10.2002_012.jpg	9275196882cb858a88e57ecf2c37e01d81ce4ab3a72c7adcff043c551e853f6e	85498	True	performance
live	performance	bagger	928	Bagger	1222	rgsmoothgallery	734	fileadmin/s-maj/images/BilderMaja/1997Bagger/BaggerReise/brindisigelati.jpg	live/performance/bagger/brindisigelati.jpg	8f38369ce521aa54bd92570798042f3c28c98e065a8c867d88b47b37cbadc0f1	608269	True	performance
live	performance	bagger	928	Bagger	1222	rgsmoothgallery	735	fileadmin/s-maj/images/BilderMaja/1997Bagger/BaggerReise/unterbl_hendenb_umen.jpg	live/performance/bagger/unterbl_hendenb_umen.jpg	0f736fa37faad34d4f9579263804e17fa2aa50e93285c6ce24c05b2beb085fc0	952949	True	performance
live	performance	bagger	928	Bagger	1222	rgsmoothgallery	736	fileadmin/s-maj/images/BilderMaja/1997Bagger/BaggerReise/tagpatras.jpg	live/performance/bagger/tagpatras.jpg	c5ded8e003d8b4d482ec874c8d0340595b115371f31a6682892c2eda3687af28	605846	True	performance
live	performance	bagger	928	Bagger	1222	rgsmoothgallery	741	fileadmin/s-maj/images/BilderMaja/1997Bagger/BaggerReise/taglubjiana.jpg	live/performance/bagger/taglubjiana.jpg	b77fec6d1ba29c818e442d79296d97a7728fbb95307cc232caa176bc9b387184	610495	True	performance
live	performance	bagger	928	Bagger	1222	rgsmoothgallery	738	fileadmin/s-maj/images/BilderMaja/1997Bagger/BaggerReise/polizia.jpg	live/performance/bagger/polizia.jpg	c3811b96e41749286e644c0932e75af73a6236ad2a639d3cb9b11cf5dfd7ada6	622721	True	performance
live	performance	bagger	928	Bagger	1222	rgsmoothgallery	739	fileadmin/s-maj/images/BilderMaja/1997Bagger/BaggerReise/anconaselma.jpg	live/performance/bagger/anconaselma.jpg	a73d2f137ef0f913b4163f917be8e0c41bf459f382c057e3f073495b1ee3ca21	541540	True	performance
live	performance	bagger	928	Bagger	1222	rgsmoothgallery	740	fileadmin/s-maj/images/BilderMaja/1997Bagger/BaggerReise/splitselma.jpg	live/performance/bagger/splitselma.jpg	6ea83fbe4b02bd970c40b254389b46f5e3d3e7a733f8e71861651568b7681fdf	731363	True	performance
live	performance	bagger	928	Bagger	1222	rgsmoothgallery	748	fileadmin/s-maj/images/BilderMaja/1997Bagger/BaggerReise/supermarket.jpg	live/performance/bagger/supermarket.jpg	2d8fa6bec1601aa328b9c6c070777af80cf64f9b97ef76529cd11a01012cf46c	756898	True	performance
live	performance	bagger	928	Bagger	1222	rgsmoothgallery	747	fileadmin/s-maj/images/BilderMaja/1997Bagger/BaggerReise/brindisilache.jpg	live/performance/bagger/brindisilache.jpg	dcff8a14b451b84f5d628eec4232b4d761ca9d8f6fb0efc256668e912b774870	652982	True	performance
live	performance	bagger	928	Bagger	1222	rgsmoothgallery	746	fileadmin/s-maj/images/BilderMaja/1997Bagger/BaggerReise/sitzungpatras.jpg	live/performance/bagger/sitzungpatras.jpg	817a79d3f8b10f74e3d2eb785e61463a7e6393d073c2a65c8bcfd4f7fcc86f38	794947	True	performance
live	performance	bagger	928	Bagger	1222	rgsmoothgallery	744	fileadmin/s-maj/images/BilderMaja/1997Bagger/BaggerReise/tagtorino.jpg	live/performance/bagger/tagtorino.jpg	e69ef5791d0ccf4e8f18d4c371dacdd1cd65228198c639be682d08439eec5ccd	595129	True	performance
live	performance	bagger	928	Bagger	1222	rgsmoothgallery	743	fileadmin/s-maj/images/BilderMaja/1997Bagger/BaggerReise/tuttiperoni.jpg	live/performance/bagger/tuttiperoni.jpg	70860578023b4060428ff4848f80c7ebe4d0ff924333e9e18ef148cf705ba100	652437	True	performance
live	performance	bagger	928	Bagger	1222	rgsmoothgallery	725	fileadmin/s-maj/images/BilderMaja/1997Bagger/BaggerReise/imtruck2.jpg	live/performance/bagger/imtruck2.jpg	c69f3f326a1858021cf143aa5a74a938cc240844329974e9f1f237e99d08771d	631150	True	performance
live	performance	free-radicals	927	Free Radicals	1221	rgsmoothgallery	763	fileadmin/s-maj/images/BilderMaja/2002FreeRSpannwerk/Free_Radicals.spannwerk.26.10.2002_098.jpg	live/performance/free-radicals/Free_Radicals.spannwerk.26.10.2002_098.jpg	bcf04b663f153b49f81b29741d6c458bec2ab8254717e2e046fb9a940f2cbbf3	83612	True	performance
live	performance	free-radicals	927	Free Radicals	1221	rgsmoothgallery	764	fileadmin/s-maj/images/BilderMaja/2002FreeRSpannwerk/Free_Radicals.spannwerk.26.10.2002_086.jpg	live/performance/free-radicals/Free_Radicals.spannwerk.26.10.2002_086.jpg	72163648dbeee96bc7f3e4322d6924bb57b628fc6c5bb775ea3af96f73bcf988	78871	True	performance
live	performance	free-radicals	927	Free Radicals	1221	rgsmoothgallery	765	fileadmin/s-maj/images/BilderMaja/2002FreeRSpannwerk/Free_Radicals.spannwerk.26.10.2002_004.jpg	live/performance/free-radicals/Free_Radicals.spannwerk.26.10.2002_004.jpg	0f2c2959b0d3010a0c348a6e9d3b4739532af5f6be72eee224493adb4a64d0db	81922	True	performance
live	performance	free-radicals	927	Free Radicals	1221	rgsmoothgallery	766	fileadmin/s-maj/images/BilderMaja/2002FreeRSpannwerk/Free_Radicals.spannwerk.26.10.2002_034.jpg	live/performance/free-radicals/Free_Radicals.spannwerk.26.10.2002_034.jpg	1c5c8821d77a2f097a65bac46c9509fbd14b4ea89f978b6f8fe13c4e668d1497	73634	True	performance
live	performance	free-radicals	927	Free Radicals	1221	rgsmoothgallery	756	fileadmin/s-maj/images/BilderMaja/2002FreeRSpannwerk/Free_Radicals.spannwerk.26.10.2002_089.jpg	live/performance/free-radicals/Free_Radicals.spannwerk.26.10.2002_089.jpg	32a23d2a733c6589d6142df0c9c4eee80e19f8d41e31ba547b0c2e7f2fa9c941	98048	True	performance
live	performance	free-radicals	927	Free Radicals	1221	rgsmoothgallery	751	fileadmin/s-maj/images/BilderMaja/2002FreeRSpannwerk/Free_Radicals.spannwerk.26.10.2002_035.jpg	live/performance/free-radicals/Free_Radicals.spannwerk.26.10.2002_035.jpg	0943d34e6575d24d4823c057ff314317e63206d01912d57012740ca6a7639ee5	87591	True	performance
live	performance	free-radicals	927	Free Radicals	1221	rgsmoothgallery	752	fileadmin/s-maj/images/BilderMaja/2002FreeRSpannwerk/Free_Radicals.spannwerk.26.10.2002_003.jpg	live/performance/free-radicals/Free_Radicals.spannwerk.26.10.2002_003.jpg	b9bbddb5e081d84aa0b80ce40b051616b0130cd4bd07074634dfb75186247ff9	83792	True	performance
live	performance	free-radicals	927	Free Radicals	1221	rgsmoothgallery	753	fileadmin/s-maj/images/BilderMaja/2002FreeRSpannwerk/Free_Radicals.spannwerk.26.10.2002_032.jpg	live/performance/free-radicals/Free_Radicals.spannwerk.26.10.2002_032.jpg	96a710e034379cf1ce4313d13ab74bbdd0b3c1d3e1313919f7fef61964313a91	94388	True	performance
live	performance	free-radicals	927	Free Radicals	1221	rgsmoothgallery	754	fileadmin/s-maj/images/BilderMaja/2002FreeRSpannwerk/Free_Radicals.spannwerk.26.10.2002_029.jpg	live/performance/free-radicals/Free_Radicals.spannwerk.26.10.2002_029.jpg	79893b4380207c6fb822427a358189ad96d45e2b2f17a89b37ee763d9b249290	93544	True	performance
live	performance	free-radicals	927	Free Radicals	1221	rgsmoothgallery	755	fileadmin/s-maj/images/BilderMaja/2002FreeRSpannwerk/Free_Radicals.spannwerk.26.10.2002_048.jpg	live/performance/free-radicals/Free_Radicals.spannwerk.26.10.2002_048.jpg	85ae2d22b31e7dea9dd55b53ab30d94a72a504d7492add5e946607ba4dceb3c8	86811	True	performance
live	performance	free-radicals	927	Free Radicals	1221	rgsmoothgallery	757	fileadmin/s-maj/images/BilderMaja/2002FreeRSpannwerk/Free_Radicals.spannwerk.26.10.2002_005.jpg	live/performance/free-radicals/Free_Radicals.spannwerk.26.10.2002_005.jpg	eacecd955ad067e191755871557bb4179f9965bcab9a28667f4fc5e785772493	91056	True	performance
live	performance	free-radicals	927	Free Radicals	1221	rgsmoothgallery	758	fileadmin/s-maj/images/BilderMaja/2002FreeRSpannwerk/Free_Radicals.spannwerk.26.10.2002_042.jpg	live/performance/free-radicals/Free_Radicals.spannwerk.26.10.2002_042.jpg	96734cc6ee70ae43e5603a8235e98684bff634fcfb1d09889ca8759bc93c81f9	80187	True	performance
live	performance	free-radicals	927	Free Radicals	1221	rgsmoothgallery	759	fileadmin/s-maj/images/BilderMaja/2002FreeRSpannwerk/Free_Radicals.spannwerk.26.10.2002_078.jpg	live/performance/free-radicals/Free_Radicals.spannwerk.26.10.2002_078.jpg	20413c7245a05536506e9fa133e8436db8c6d10f0adbaa55ee78a3b162972be5	88763	True	performance
live	performance	free-radicals	927	Free Radicals	1221	rgsmoothgallery	760	fileadmin/s-maj/images/BilderMaja/2002FreeRSpannwerk/Free_Radicals.spannwerk.26.10.2002_066.jpg	live/performance/free-radicals/Free_Radicals.spannwerk.26.10.2002_066.jpg	a6bdbeb5657c8cc6cbdff9d2a606f75d4473956bdb1e398306852e463aff2dc1	208473	True	performance
live	other-sites	pyrofessor	966	Brennende Badewanne	1291	tx_damttcontent_files	955	fileadmin/s-pf/images/Show/Badewanne_brennt.jpg	live/other-sites/pyrofessor/Badewanne_brennt.jpg	d2772df1544b5aa89646e3bf36e6d8642a6a8a91cd32f8060871858ff6962fb7	793919	True	
live	performance	casino-gitano	933	Casino Gitano	1231	rgsmoothgallery	1370	fileadmin/s-maj/images/BilderMaja/2003CasinoGitano/blaeser.jpg	live/performance/casino-gitano/blaeser.jpg	c1ec2bea64dc12f0a1b82dd6fb69accf337028941fae0f0df959718564767eae	216719	True	performance
live	possibilities	alchemy-bar	937	Alchemy Bar	1244	rgsmoothgallery	1036	fileadmin/s-maj/images/BilderMaja/2006AlchemyBar/1.1airTotale.jpg	live/possibilities/alchemy-bar/1.1airTotale.jpg	f59c51499a8defd6c3334478f4ce4a502220bda113f638282b3b258dca4a53af	666941	True	UNMAPPED
live	event-organisation	eurokot	936	Eurokot	1237	rgsmoothgallery	1246	fileadmin/s-maj/images/BilderMaja/1995EurokotXiX/eurokot5.jpg	live/event-organisation/eurokot/eurokot5.jpg	2e6ae73ac55ff92a21879ee2c7d1d8051da99ad68bc24c429f5059ca3da4a727	131756	True	performance
live	possibilities	alchemy-bar	937	Alchemy Bar	1244	rgsmoothgallery	1021	fileadmin/s-maj/images/BilderMaja/2006AlchemyBar/0.1water_air.jpg	live/possibilities/alchemy-bar/0.1water_air.jpg	2620c3a82fe98697fd40d77ea43e41f584ce777c2ccac1ff0ca44ae41074662f	711357	True	UNMAPPED
live	sculptural-work	nova	1026	Nova	1481	rgsmoothgallery	1838	fileadmin/s-maj/images/BilderMaja/2009nova3/total.jpg	live/sculptural-work/nova/total.jpg	8fbfd9811143194a32c8db8d324da1723498a883dce465ace0f0f09ef0182794	250547	True	sculptures-or-installations
live	possibilities	alchemy-bar	937	Alchemy Bar	1244	rgsmoothgallery	1024	fileadmin/s-maj/images/BilderMaja/2006AlchemyBar/0.2fire_earth.jpg	live/possibilities/alchemy-bar/0.2fire_earth.jpg	80ba182ea8cd005dc30a24dac2da9d5be16db50d09ff5f519287515e8e709660	593433	True	UNMAPPED
hidden	sculptural-work	xix	943	XIX	1250	rgsmoothgallery	1245	fileadmin/s-maj/images/BilderMaja/1995EurokotXiX/eisen3.jpg	hidden/sculptural-work/xix/eisen3.jpg	c070358abeb386057ea88cfd54c9dfe834de001cf8f11f309df0cf6a801f0c3b	583326	True	sculptures-or-installations
live	collaborations	forget-me-not	947	Forget me Not	1254	rgsmoothgallery	807	fileadmin/s-maj/images/BilderMaja/2003ForgetMeNot/tinshow10.jpg	live/collaborations/forget-me-not/tinshow10.jpg	130dde6301715a1574f7aa8e581b374e0f54d8e0166b61c6b98de798072cf9dc	577622	True	UNMAPPED
live	other-sites	pyrofessor	966	Brennende Badewanne	1295	tx_damttcontent_files	955	fileadmin/s-pf/images/Show/Badewanne_brennt.jpg	live/other-sites/pyrofessor/Badewanne_brennt.jpg	d2772df1544b5aa89646e3bf36e6d8642a6a8a91cd32f8060871858ff6962fb7	793919	True	
live	about	press	981	press	1455	rgsmoothgallery	1134	fileadmin/s-maj/images/BilderMaja/presse/1998_Leipzig_bimbotown.jpg	live/about/press/1998_Leipzig_bimbotown.jpg	8cdceff6642f52fcf2fd532a938ea2e455635657cd0dbc765a90a531cb96155f	565254	True	
hidden	sculptural-work	xix	943	XIX	1250	rgsmoothgallery	1229	fileadmin/s-maj/images/BilderMaja/1997Xix/zoom4.jpg	hidden/sculptural-work/xix/zoom4.jpg	2971790ed43de55f3f197b05523fca3625b0d6f24280ea2a6230e730a94dd2ce	238244	True	sculptures-or-installations
hidden	sculptural-work	recent-sculptures	953	recent sculptures	1265	rgsmoothgallery	927	fileadmin/s-maj/images/BilderMaja/2008geier/geier1.jpg	hidden/sculptural-work/recent-sculptures/geier1.jpg	d7b8c9ea513d394d581a75a9cb6c6076788caa13a870b29e009b5d1b920aa9ad	494082	True	sculptures-or-installations
live	sculptural-work	dorfbachschiff	942	Dorfbachschiff	1249	rgsmoothgallery	767	fileadmin/s-maj/images/BilderMaja/1998Dorfbachschiff/schiffli1.jpg	live/sculptural-work/dorfbachschiff/schiffli1.jpg	a2f8fcaf19ccf82036ae3a050599a7a4e606dd227a4d534e14a1fd4d8c3d6ae3	236228	True	sculptures-or-installations
live	sculptural-work	dorfbachschiff	942	Dorfbachschiff	1249	rgsmoothgallery	769	fileadmin/s-maj/images/BilderMaja/1998Dorfbachschiff/schiffli-me.jpg	live/sculptural-work/dorfbachschiff/schiffli-me.jpg	799cb0c40fbd1dfaa5f476f457a335a289acf3e4a7e9a46775a98b6d110c28bf	1077883	True	sculptures-or-installations
live	sculptural-work	dorfbachschiff	942	Dorfbachschiff	1249	rgsmoothgallery	771	fileadmin/s-maj/images/BilderMaja/1998Dorfbachschiff/schiffli-modell.jpg	live/sculptural-work/dorfbachschiff/schiffli-modell.jpg	acead9a452f655d816c70ca41771da80e5c2abd772b1767957e0264b1c23bfe7	115131	True	sculptures-or-installations
live	sculptural-work	dorfbachschiff	942	Dorfbachschiff	1249	rgsmoothgallery	770	fileadmin/s-maj/images/BilderMaja/1998Dorfbachschiff/schiffli-leute.jpg	live/sculptural-work/dorfbachschiff/schiffli-leute.jpg	f480f88df7fd0555223021270018c22fafbd716076910a593e43e166dbefc316	1122463	True	sculptures-or-installations
live	event-organisation	eurokot	936	Eurokot	1237	rgsmoothgallery	1256	fileadmin/s-maj/images/BilderMaja/1995EurokotXiX/eisen2.jpg	live/event-organisation/eurokot/eisen2.jpg	93b935ea86ed0aa85157e7075b62279f173ad53633ebbc225ac853c00da0b2bf	500204	True	performance
live	event-organisation	eurokot	936	Eurokot	1237	rgsmoothgallery	1290	fileadmin/s-maj/images/BilderMaja/1995EurokotAllg/konzi.jpg	live/event-organisation/eurokot/konzi.jpg	a799bca5ae55e3add3e97215cde9af441058b64d2a621f1da54991176f9bd064	182638	True	performance
hidden	sculptural-work	xix	943	XIX	1250	rgsmoothgallery	1258	fileadmin/s-maj/images/BilderMaja/1995EurokotXiX/eurokot29_var.jpg	hidden/sculptural-work/xix/eurokot29_var.jpg	a96d81a89866567082478e979bc94c2b4ce2baa91a13d6808874e3215c9abb84	160679	True	sculptures-or-installations
hidden	sculptural-work	xix	943	XIX	1250	rgsmoothgallery	1254	fileadmin/s-maj/images/BilderMaja/1995EurokotXiX/eurokot38.jpg	hidden/sculptural-work/xix/eurokot38.jpg	6c4d3c690c5e4dc039b8305692c51480f44d45fd47bb49b98cab8ff9d128d58d	187547	True	sculptures-or-installations
hidden	sculptural-work	xix	943	XIX	1250	rgsmoothgallery	1252	fileadmin/s-maj/images/BilderMaja/1995EurokotXiX/eurokot6.jpg	hidden/sculptural-work/xix/eurokot6.jpg	1def522a438942cc39e509131f3e1a6ca0f5b7ba16ea42cd76ac2e49315c1148	176988	True	sculptures-or-installations
hidden	sculptural-work	xix	943	XIX	1250	rgsmoothgallery	1249	fileadmin/s-maj/images/BilderMaja/1995EurokotXiX/eurokot15.jpg	hidden/sculptural-work/xix/eurokot15.jpg	591547be4e06e39969de1e62fd37576a8563f339c86d801f8e66983d7d913c28	236774	True	sculptures-or-installations
live	event-organisation	eurokot	936	Eurokot	1237	rgsmoothgallery	1259	fileadmin/s-maj/images/BilderMaja/1995EurokotAllg/kuh.jpg	live/event-organisation/eurokot/kuh.jpg	5af10a9b6b2d8063d7059ce669205c1b1d994fd39d3231d915e8ea9f2f7dcab1	217528	True	performance
live	event-organisation	eurokot	936	Eurokot	1237	rgsmoothgallery	1286	fileadmin/s-maj/images/BilderMaja/1995EurokotAllg/mutter.jpg	live/event-organisation/eurokot/mutter.jpg	855568614ee85c0ea97e2763e7fa0166eb8a31cc29b9b8d5b9efb0e82fcc036c	134005	True	performance
live	event-organisation	eurokot	936	Eurokot	1237	rgsmoothgallery	1285	fileadmin/s-maj/images/BilderMaja/1995EurokotAllg/Viech.jpg	live/event-organisation/eurokot/Viech.jpg	467bc41f455cca8e0d331e010feec80d57e3290873834819cfda7cc63ced2486	457444	True	performance
hidden	sculptural-work	xix	943	XIX	1250	rgsmoothgallery	1246	fileadmin/s-maj/images/BilderMaja/1995EurokotXiX/eurokot5.jpg	hidden/sculptural-work/xix/eurokot5.jpg	2e6ae73ac55ff92a21879ee2c7d1d8051da99ad68bc24c429f5059ca3da4a727	131756	True	sculptures-or-installations
hidden	sculptural-work	xix	943	XIX	1250	rgsmoothgallery	1231	fileadmin/s-maj/images/BilderMaja/1997Xix/sennhofbar1.jpg	hidden/sculptural-work/xix/sennhofbar1.jpg	965cce1f8bf1015adddc3b0e9a23e692affa720e59a4ff6f0906667f2cf7f924	1017615	True	sculptures-or-installations
hidden	sculptural-work	xix	943	XIX	1250	rgsmoothgallery	1228	fileadmin/s-maj/images/BilderMaja/1997Xix/sennhof5sw.jpg	hidden/sculptural-work/xix/sennhof5sw.jpg	3d31b1a5223eedcbae82c36a229bd29767931354e691c3672ef00e87c2dd8928	107231	True	sculptures-or-installations
live	event-organisation	eurokon	935	Eurokon	1236	rgsmoothgallery	1339	fileadmin/s-maj/images/BilderMaja/1996EurokonXiX/nailedTanks2org.jpg	live/event-organisation/eurokon/nailedTanks2org.jpg	267c56e82fc73f2a297d330e21aba7c7c3c2bf14b4da31f444105fc23d87e528	166862	True	performance
live	event-organisation	eurokot	936	Eurokot	1237	rgsmoothgallery	1251	fileadmin/s-maj/images/BilderMaja/1995EurokotXiX/eisen4.jpg	live/event-organisation/eurokot/eisen4.jpg	8454e129c7fe74c5b3b7ef662d5f4bec6a416078ece1120a45097a9636d1215f	108327	True	performance
live	collaborations	forget-me-not	947	Forget me Not	1254	rgsmoothgallery	804	fileadmin/s-maj/images/BilderMaja/2003ForgetMeNot/3puppetrehearsal07.jpg	live/collaborations/forget-me-not/3puppetrehearsal07.jpg	808015689aa00537080f2163d9669dcbfee22629fc9aa49b94fcd316aa7f6915	770179	True	UNMAPPED
live	collaborations	forget-me-not	947	Forget me Not	1254	rgsmoothgallery	806	fileadmin/s-maj/images/BilderMaja/2003ForgetMeNot/tinshow02.jpg	live/collaborations/forget-me-not/tinshow02.jpg	1ddfc63bd3cbc25d14c56a8029e1a1bb4c4c6ffbe3c4b204d5544df254fc66f0	587383	True	UNMAPPED
live	collaborations	forget-me-not	947	Forget me Not	1254	rgsmoothgallery	805	fileadmin/s-maj/images/BilderMaja/2003ForgetMeNot/horse.jpg	live/collaborations/forget-me-not/horse.jpg	ab8ba92039ddca341e71dcc6d53151ccd39e4154864fcaf0612890d3f7e1d0cc	773044	True	UNMAPPED
live	collaborations	forget-me-not	947	Forget me Not	1254	rgsmoothgallery	808	fileadmin/s-maj/images/BilderMaja/2003ForgetMeNot/3puppetrehearsal06.jpg	live/collaborations/forget-me-not/3puppetrehearsal06.jpg	f1d9f5036376810fd9cdd863899d9d9d3f9d58b396935a086c2f47d64e1a55eb	744067	True	UNMAPPED
live	collaborations	forget-me-not	947	Forget me Not	1254	rgsmoothgallery	809	fileadmin/s-maj/images/BilderMaja/2003ForgetMeNot/Puppets.jpg	live/collaborations/forget-me-not/Puppets.jpg	75e26687b4b5cc0d6db26d95f09334e6d223ee53f9cb19d3f702ddd8fa658055	1879704	True	UNMAPPED
live	collaborations	forget-me-not	947	Forget me Not	1254	rgsmoothgallery	811	fileadmin/s-maj/images/BilderMaja/2003ForgetMeNot/tinshow01.jpg	live/collaborations/forget-me-not/tinshow01.jpg	5bb16026b093aae8c2df2afa044b309586ba14a86ed550fc4428e7fffca689be	360972	True	UNMAPPED
live	collaborations	forget-me-not	947	Forget me Not	1254	rgsmoothgallery	812	fileadmin/s-maj/images/BilderMaja/2003ForgetMeNot/tinshow06.jpg	live/collaborations/forget-me-not/tinshow06.jpg	1c9fa6bc67c027c86af65beb096ee4ac2367c14753c17598b564262da484cbed	502807	True	UNMAPPED
live	collaborations	forget-me-not	947	Forget me Not	1254	rgsmoothgallery	813	fileadmin/s-maj/images/BilderMaja/2003ForgetMeNot/lindy1.jpg	live/collaborations/forget-me-not/lindy1.jpg	f7b11825b1221a62ec7ecee39e3515f6ee2fd857d2f55cfe824d4da23b82dffb	1813287	True	UNMAPPED
live	about	press	981	press	1455	rgsmoothgallery	1132	fileadmin/s-maj/images/BilderMaja/presse/1998_bimbotown2.jpg	live/about/press/1998_bimbotown2.jpg	699bf471d1542deab90e74111f7fd52d4a3beddb42c16b7db060f610d850a246	763641	True	
live	about	press	981	press	1455	rgsmoothgallery	1172	fileadmin/s-maj/images/BilderMaja/presse/1999_pfae3.jpg	live/about/press/1999_pfae3.jpg	64354874f8523e7e5824e8c398a84778925932511c701f8ed52f345f62e6f41e	740119	True	
live	about	press	981	press	1455	rgsmoothgallery	1174	fileadmin/s-maj/images/BilderMaja/presse/1999_pfae2.jpg	live/about/press/1999_pfae2.jpg	b5c9596a62a575ad896be3f7418a4380a9def6cd925ac254967d603d77083e5e	239777	True	
live	performance	elxt-90	926	Elxt 90	1220	rgsmoothgallery	1730	fileadmin/s-maj/images/BilderMaja/2000Elxt90/sisou_egg_zurich.jpg	live/performance/elxt-90/sisou_egg_zurich.jpg	64e53a28f733db2fbd3490a26e519b5a42d8a95998f39b78cd21f06bfbe45911	145207	True	performance
live	sculptural-work	pleitegeier	997	Pleitegeier	1362	rgsmoothgallery	1735	fileadmin/s-maj/images/BilderMaja/2008pleitegeier/IMG_0076.jpg	live/sculptural-work/pleitegeier/IMG_0076.jpg	433a5178e02595dd7b1de5dfa1ad931e127b3ab44daa23c97df436da613b9cc4	172777	True	sculptures-or-installations
live	sculptural-work	pleitegeier	997	Pleitegeier	1362	rgsmoothgallery	1733	fileadmin/s-maj/images/BilderMaja/2008pleitegeier/IMG_0078.jpg	live/sculptural-work/pleitegeier/IMG_0078.jpg	e2b1f8587bec33c289e711e86e48429d58ec00ad241caa08493c79e441110a06	205293	True	sculptures-or-installations
live	sculptural-work	pleitegeier	997	Pleitegeier	1362	rgsmoothgallery	1734	fileadmin/s-maj/images/BilderMaja/2008pleitegeier/IMG_0077.jpg	live/sculptural-work/pleitegeier/IMG_0077.jpg	cd764f393903152d92a4b699276fcef2df94f13b702ee3393d6381e2df8ba0c6	207293	True	sculptures-or-installations
live	sculptural-work	pleitegeier	997	Pleitegeier	1362	rgsmoothgallery	1732	fileadmin/s-maj/images/BilderMaja/2008pleitegeier/IMG_0081.jpg	live/sculptural-work/pleitegeier/IMG_0081.jpg	24c5001296c3dcf41f5ac13ff72d0404cd01dc4ef1e89131d2e784277ea8a80b	194847	True	sculptures-or-installations
live	about	press	981	press	1455	rgsmoothgallery	1215	fileadmin/s-maj/images/BilderMaja/presse/2005_freeRadicalPula.jpg	live/about/press/2005_freeRadicalPula.jpg	8b77bc4d99ebf492e6d4ba07ee242f39a7d85b143f09ad70d280f81da3f69801	508766	True	
live	sculptural-work	crows	1000	Crows	1368	rgsmoothgallery	1570	fileadmin/s-maj/images/BilderMaja/2007WheelOfPower/1_august__51_.jpg	live/sculptural-work/crows/1_august__51_.jpg	981083f64d673e8b99de42b30ea8b0f3c432731bbc3499dd29dbf348181e5002	438425	True	sculptures-or-installations
live	sculptural-work	crows	1000	Crows	1368	rgsmoothgallery	1583	fileadmin/s-maj/images/BilderMaja/2007WheelOfPower/1_aug__18_.jpg	live/sculptural-work/crows/1_aug__18_.jpg	fd79bb2c269101f78de11505af9e219d0f2dcd7fb912201987cbde3f200a5722	666761	True	sculptures-or-installations
live	sculptural-work	crows	1000	Crows	1368	rgsmoothgallery	1586	fileadmin/s-maj/images/BilderMaja/2007WheelOfPower/31_july__49_.jpg	live/sculptural-work/crows/31_july__49_.jpg	c476c19dec0a120ba61f4623bd5bd66966e62ec69fcf1b816f3a5cee622c502d	413496	True	sculptures-or-installations
live	sculptural-work	olympic-machine	1014	Olympic Machine	1401	rgsmoothgallery	1121	fileadmin/s-maj/images/BilderMaja/2007WheelOfPower/zaterdag_performance_278.jpg	live/sculptural-work/olympic-machine/zaterdag_performance_278.jpg	526ac57cfd4d3a9583a690a033fc8f2ea95f625dd4ca14ed427f8175cbfda33d	730445	True	sculptures-or-installations
live	sculptural-work	olympic-machine	1014	Olympic Machine	1401	rgsmoothgallery	1119	fileadmin/s-maj/images/BilderMaja/2007WheelOfPower/zaterdag_performance_291.jpg	live/sculptural-work/olympic-machine/zaterdag_performance_291.jpg	89571c59a9bb85f68ac380a3af8f67122788456d87676848e2a342efa30bc47d	693385	True	sculptures-or-installations
live	sculptural-work	olympic-machine	1014	Olympic Machine	1401	rgsmoothgallery	1391	fileadmin/s-maj/images/BilderMaja/2007WheelOfPower/sundayevening-377-bew.jpg	live/sculptural-work/olympic-machine/sundayevening-377-bew.jpg	6492b3b96668ecc01cbf474f7970462e21ca8362511d0a2f2c2aab6bcb8e9e5c	167521	True	sculptures-or-installations
live	about	press	981	press	1455	rgsmoothgallery	1175	fileadmin/s-maj/images/BilderMaja/presse/2006_Rdock1.jpg	live/about/press/2006_Rdock1.jpg	fe09f7627f17d819d8f8d15a50ed709d0c205a596787c5cc6a32c64a9d84851d	674533	True	
live	about	press	981	press	1455	rgsmoothgallery	1176	fileadmin/s-maj/images/BilderMaja/presse/2006_Rdock2.jpg	live/about/press/2006_Rdock2.jpg	a07e723dc62fd823ffa03dca911a75a0ef4451b6c5431445fc055f830bfae7de	625465	True	
live	about	press	981	press	1455	rgsmoothgallery	1177	fileadmin/s-maj/images/BilderMaja/presse/2006_rdock3.jpg	live/about/press/2006_rdock3.jpg	b2646fb3b8e12dac61ba0da6d3838a8be3244cd181725849cf5260d2216974fa	603406	True	
live	about	press	981	press	1455	rgsmoothgallery	1136	fileadmin/s-maj/images/BilderMaja/presse/2004_casino1.jpg	live/about/press/2004_casino1.jpg	dae889bdc3a7728950d192d0218d2e1debd9553c76c462b65d8603991ccb058c	699298	True	
live	about	press	981	press	1455	rgsmoothgallery	1135	fileadmin/s-maj/images/BilderMaja/presse/2004_casino2.jpg	live/about/press/2004_casino2.jpg	cc65be71e84fb09b2b1dc55512138b7637e1fc215d16e2fd89d2e605cff3c5be	508321	True	
live	about	press	981	press	1455	rgsmoothgallery	1133	fileadmin/s-maj/images/BilderMaja/presse/2004_casino3.jpg	live/about/press/2004_casino3.jpg	8aca319c9183c69f80984316cf7ea90e204f98098f1479d75c18a09610df411c	796778	True	
live	about	press	981	press	1455	rgsmoothgallery	1155	fileadmin/s-maj/images/BilderMaja/presse/2003_sihlpapier.jpg	live/about/press/2003_sihlpapier.jpg	0375b25854178f0b2c4d5742f51ac8ea18ccca4b8067efc3013a2b6341a83eed	495618	True	
live	about	press	981	press	1455	rgsmoothgallery	1156	fileadmin/s-maj/images/BilderMaja/presse/2003_Elxt5.jpg	live/about/press/2003_Elxt5.jpg	30b9a671d19fb7e185a7382aa96f13e4b3342c825b3f299d092a643874472d03	693970	True	
live	about	press	981	press	1455	rgsmoothgallery	1163	fileadmin/s-maj/images/BilderMaja/presse/2002_elxt3.jpg	live/about/press/2002_elxt3.jpg	5315a781f6b62ee79911daa0a0d05e4e92813bd2927429fba5d1343ca1d92c4e	429132	True	
live	about	press	981	press	1455	rgsmoothgallery	1140	fileadmin/s-maj/images/BilderMaja/presse/2002_elxt4.jpg	live/about/press/2002_elxt4.jpg	ae3a9ea5b17eec5d2f19a392bca0af91af25e7e1f4f8406fa7b6c0324b15617b	685070	True	
live	about	press	981	press	1455	rgsmoothgallery	1162	fileadmin/s-maj/images/BilderMaja/presse/2001_ELXT1.jpg	live/about/press/2001_ELXT1.jpg	67e704e3a876b3a85ffc12bd0962270a05be647b3212915b3a16a29109e61407	462980	True	
live	about	press	981	press	1455	rgsmoothgallery	1164	fileadmin/s-maj/images/BilderMaja/presse/2001_Elxt2.jpg	live/about/press/2001_Elxt2.jpg	0028d801e8016da3efde7680ec24114c9456b9dfadb49a971d4ffe2c5f4f57fc	1052910	True	
live	about	press	981	press	1455	rgsmoothgallery	1166	fileadmin/s-maj/images/BilderMaja/presse/1999_pfae1.jpg	live/about/press/1999_pfae1.jpg	6c0fc9230b69f40d3d84220dff75fa8bae744d2f61dd8ff359653bbaf50f0686	736749	True	
hidden	sculptural-work	recent-sculptures	953	recent sculptures	1265	rgsmoothgallery	921	fileadmin/s-maj/images/BilderMaja/2008geier/jamon.JPG	hidden/sculptural-work/recent-sculptures/jamon.JPG	b96456b50ced7a6e18156bad07d28215b6be0b8f9c523147d93149952ea7d9c3	757975	True	sculptures-or-installations
live	event-organisation	eurokon	935	Eurokon	1236	rgsmoothgallery	1333	fileadmin/s-maj/images/BilderMaja/1996EurokonXiX/3torso.jpg	live/event-organisation/eurokon/3torso.jpg	7a06c3e5c88ce2816e3b7e273d2e8803f3d4d922de5d07a372f94da7cbe139d8	508331	True	performance
hidden	sculptural-work	recent-sculptures	953	recent sculptures	1265	rgsmoothgallery	928	fileadmin/s-maj/images/BilderMaja/2008geier/cv1.JPG	hidden/sculptural-work/recent-sculptures/cv1.JPG	ffa5f6d06adde1250fe07bde70b79d230f3fe098e8d91d5c180fc91b149886cd	580153	True	sculptures-or-installations
hidden	sculptural-work	recent-sculptures	953	recent sculptures	1265	rgsmoothgallery	926	fileadmin/s-maj/images/BilderMaja/2008geier/vulturebackshot.JPG	hidden/sculptural-work/recent-sculptures/vulturebackshot.JPG	9e06c84e979fa3522e3ed76cdc3d07e0806955a4113e7a740a64453ae6950df6	577480	True	sculptures-or-installations
hidden	sculptural-work	recent-sculptures	953	recent sculptures	1265	rgsmoothgallery	920	fileadmin/s-maj/images/BilderMaja/2008geier/geierSW.jpg	hidden/sculptural-work/recent-sculptures/geierSW.jpg	d410780ebf37306d7ed868706a3304b3bb2009eb83d078b541a7df0219bd2d9f	317772	True	sculptures-or-installations
hidden	sculptural-work	recent-sculptures	953	recent sculptures	1265	rgsmoothgallery	925	fileadmin/s-maj/images/BilderMaja/2008geier/geierDrin1.jpg	hidden/sculptural-work/recent-sculptures/geierDrin1.jpg	c53715ef2e4276ead2510e82eec3fe42d100c1f51f9b53d07da45fa9d6807754	601690	True	sculptures-or-installations
live	other-sites	unknown	-1		1296	tx_damttcontent_files	955	fileadmin/s-pf/images/Show/Badewanne_brennt.jpg	live/other-sites/unknown/Badewanne_brennt.jpg	d2772df1544b5aa89646e3bf36e6d8642a6a8a91cd32f8060871858ff6962fb7	793919	True	
hidden	sculptural-work	recent-sculptures	953	recent sculptures	1265	rgsmoothgallery	922	fileadmin/s-maj/images/BilderMaja/2008geier/geierDrin.jpg	hidden/sculptural-work/recent-sculptures/geierDrin.jpg	ad550923aebf8f5b8fd21062fee3dc238576181fda4c89cf398769db6f93f6e4	676743	True	sculptures-or-installations
hidden	sculptural-work	recent-sculptures	953	recent sculptures	1265	rgsmoothgallery	931	fileadmin/s-maj/images/BilderMaja/2008juraBird/kraehe.jpg	hidden/sculptural-work/recent-sculptures/kraehe.jpg	5188bc0dee623685e41aa4f3e3ae9bfafd79ee0278cac5a03e93e1ddf45c854c	385119	True	sculptures-or-installations
hidden	sculptural-work	recent-sculptures	953	recent sculptures	1265	rgsmoothgallery	936	fileadmin/s-maj/images/BilderMaja/2008juraBird/bird1.jpg	hidden/sculptural-work/recent-sculptures/bird1.jpg	8008376e5b99d3a269bd4c483ee60288a727db1d65be0f699cefe625962163f5	522178	True	sculptures-or-installations
hidden	sculptural-work	recent-sculptures	953	recent sculptures	1265	rgsmoothgallery	934	fileadmin/s-maj/images/BilderMaja/2008juraBird/bird2.jpg	hidden/sculptural-work/recent-sculptures/bird2.jpg	2cca5265322c2ad87c3e595eb7a91f87805b24a92180f3cb9e5577da287c6edf	604807	True	sculptures-or-installations
hidden	sculptural-work	recent-sculptures	953	recent sculptures	1265	rgsmoothgallery	935	fileadmin/s-maj/images/BilderMaja/2008juraBird/downunder.jpg	hidden/sculptural-work/recent-sculptures/downunder.jpg	53d84447a8185331f8d696d7f79c257f2d2a1120589064bf3ff144b4895666ac	435803	True	sculptures-or-installations
hidden	sculptural-work	recent-sculptures	953	recent sculptures	1265	rgsmoothgallery	937	fileadmin/s-maj/images/BilderMaja/2008juraBird/head2.jpg	hidden/sculptural-work/recent-sculptures/head2.jpg	0337bb4db7d8811579b42d75b596673373014471535a6653d7c0ca1059447746	750366	True	sculptures-or-installations
hidden	sculptural-work	recent-sculptures	953	recent sculptures	1265	rgsmoothgallery	933	fileadmin/s-maj/images/BilderMaja/2008juraBird/head1.jpg	hidden/sculptural-work/recent-sculptures/head1.jpg	7231303336561d93d17c9bb1db5d7afe0bcb2f8d775eb99b2e68d4f56716fac8	731948	True	sculptures-or-installations
hidden	sculptural-work	recent-sculptures	953	recent sculptures	1265	rgsmoothgallery	932	fileadmin/s-maj/images/BilderMaja/2008juraBird/feet.jpg	hidden/sculptural-work/recent-sculptures/feet.jpg	d221b3476cd7d3f6c6a1fd1f1d5a1a6251483509c61f8449a50789c5afdf69cb	646715	True	sculptures-or-installations
hidden	sculptural-work	recent-sculptures	953	recent sculptures	1265	rgsmoothgallery	929	fileadmin/s-maj/images/BilderMaja/2008juraBird/vogelSW.jpg	hidden/sculptural-work/recent-sculptures/vogelSW.jpg	e1b6513a60cac13ba047339ae7c60810fb0173553e31330a4b5eb4f0a66efbe3	437354	True	sculptures-or-installations
hidden	sculptural-work	recent-sculptures	953	recent sculptures	1265	rgsmoothgallery	930	fileadmin/s-maj/images/BilderMaja/2008juraBird/birdsHome.jpg	hidden/sculptural-work/recent-sculptures/birdsHome.jpg	a427972f768f22a139defdc49b24aaab72638e0c7715228bb2df6316d67c9f36	701346	True	sculptures-or-installations
hidden	sculptural-work	recent-sculptures	953	recent sculptures	1265	rgsmoothgallery	906	fileadmin/s-maj/images/BilderMaja/2008soldierErico/headf1.jpg	hidden/sculptural-work/recent-sculptures/headf1.jpg	a5ebd5dd3123b5c85b8d78170b6bda94e2efaad6e206130b5d72d79c1037474f	277833	True	sculptures-or-installations
hidden	sculptural-work	recent-sculptures	953	recent sculptures	1265	rgsmoothgallery	914	fileadmin/s-maj/images/BilderMaja/2008soldierErico/headf6.jpg	hidden/sculptural-work/recent-sculptures/headf6.jpg	d068ca2f6036d416529492c068d49cda3ac1bff402fe5e94cc79aedfa53b8032	235426	True	sculptures-or-installations
hidden	sculptural-work	recent-sculptures	953	recent sculptures	1265	rgsmoothgallery	911	fileadmin/s-maj/images/BilderMaja/2008soldierErico/headf5.jpg	hidden/sculptural-work/recent-sculptures/headf5.jpg	282af9100346f8596d0ebedaf4d908c0375972e6dc0c0bbfcd74ac3b1d6ff3ee	224606	True	sculptures-or-installations
hidden	sculptural-work	recent-sculptures	953	recent sculptures	1265	rgsmoothgallery	910	fileadmin/s-maj/images/BilderMaja/2008soldierErico/head5.jpg	hidden/sculptural-work/recent-sculptures/head5.jpg	576a251adcd21d744acaf438b7c5bebf20fa992c1d8687e12dbac9c3fdcd90b0	303713	True	sculptures-or-installations
hidden	sculptural-work	recent-sculptures	953	recent sculptures	1265	rgsmoothgallery	908	fileadmin/s-maj/images/BilderMaja/2008soldierErico/head3.jpg	hidden/sculptural-work/recent-sculptures/head3.jpg	f128940a3c5856452893e278da867a7b73d90809d44a48e924bc4ba2cfb94883	290487	True	sculptures-or-installations
hidden	sculptural-work	recent-sculptures	953	recent sculptures	1265	rgsmoothgallery	915	fileadmin/s-maj/images/BilderMaja/2008soldierErico/headf3.jpg	hidden/sculptural-work/recent-sculptures/headf3.jpg	c668f7260a13f24224410e89cc5e9cc0b146ce14b520319b15ec32e7841ac4f7	257727	True	sculptures-or-installations
hidden	sculptural-work	recent-sculptures	953	recent sculptures	1265	rgsmoothgallery	913	fileadmin/s-maj/images/BilderMaja/2008soldierErico/head4.jpg	hidden/sculptural-work/recent-sculptures/head4.jpg	5b27673d8ff78395f143ccd6d0b96ffcd1192b7f82d5971904ce25c194e31032	317656	True	sculptures-or-installations
hidden	sculptural-work	recent-sculptures	953	recent sculptures	1265	rgsmoothgallery	909	fileadmin/s-maj/images/BilderMaja/2008soldierErico/soldier.jpg	hidden/sculptural-work/recent-sculptures/soldier.jpg	93e46b15c2adad04843b045d314d49885105240f95ecaa62927f9068f06ed8e0	803878	True	sculptures-or-installations
hidden	sculptural-work	recent-sculptures	953	recent sculptures	1265	rgsmoothgallery	905	fileadmin/s-maj/images/BilderMaja/2008soldierErico/soldier2.jpg	hidden/sculptural-work/recent-sculptures/soldier2.jpg	c93dda818979dc71573c8ad4e8530f4a945165c7d84483656b8c8273d5ed23a6	439497	True	sculptures-or-installations
hidden	sculptural-work	recent-sculptures	953	recent sculptures	1265	rgsmoothgallery	912	fileadmin/s-maj/images/BilderMaja/2008soldierErico/soldier3.jpg	hidden/sculptural-work/recent-sculptures/soldier3.jpg	fa4fe307483a85845544873d8200887d587a48829e376c8a5c787ace7c47dfb2	620674	True	sculptures-or-installations
hidden	sculptural-work	recent-sculptures	953	recent sculptures	1265	rgsmoothgallery	918	fileadmin/s-maj/images/BilderMaja/2008soldierErico/soldier5.jpg	hidden/sculptural-work/recent-sculptures/soldier5.jpg	14fcdda738c310c7a95ff972f7e5c41e8c5a1b18b1a221e6d72a37a9ccaa82e4	363769	True	sculptures-or-installations
hidden	sculptural-work	recent-sculptures	953	recent sculptures	1265	rgsmoothgallery	907	fileadmin/s-maj/images/BilderMaja/2008soldierErico/soldier4.jpg	hidden/sculptural-work/recent-sculptures/soldier4.jpg	8c0ae64da3ad5573668986929f571c250ea733198d57f488036611b6be97a3e3	653159	True	sculptures-or-installations
hidden	sculptural-work	recent-sculptures	953	recent sculptures	1265	rgsmoothgallery	916	fileadmin/s-maj/images/BilderMaja/2008soldierErico/shield1.JPG	hidden/sculptural-work/recent-sculptures/shield1.JPG	35fb5726dfd6d62ac5d4f7d513fd052355c73cd930de353897deefde66364e4b	716775	True	sculptures-or-installations
hidden	sculptural-work	recent-sculptures	953	recent sculptures	1265	rgsmoothgallery	917	fileadmin/s-maj/images/BilderMaja/2008soldierErico/shield.jpg	hidden/sculptural-work/recent-sculptures/shield.jpg	9dc07a504c35f742baf9e0bb9f2f05334372f253afc38ca7cfab0c437024cdab	696874	True	sculptures-or-installations
hidden	sculptural-work	xix	943	XIX	1250	rgsmoothgallery	1338	fileadmin/s-maj/images/BilderMaja/1996EurokonXiX/6Torso.jpg	hidden/sculptural-work/xix/6Torso.jpg	2489d5a796ecf8f2021ba40dd7c082b587d069bc3d083576b9330a354ef17b60	143477	True	sculptures-or-installations
hidden	sculptural-work	xix	943	XIX	1250	rgsmoothgallery	1314	fileadmin/s-maj/images/BilderMaja/1996EurokonXiX/15torsokran.jpg	hidden/sculptural-work/xix/15torsokran.jpg	341c7a114084100dfb8459f9d595112f49dae0509dae6edbcffbcadfb9e96565	138445	True	sculptures-or-installations
live	performance	casino-gitano	933	Casino Gitano	1231	rgsmoothgallery	1363	fileadmin/s-maj/images/BilderMaja/2003CasinoGitano/ulli2.jpg	live/performance/casino-gitano/ulli2.jpg	d8b0911f2e9dc6ab34bcfd6485fc90c0b974fd3bf6d557f80d3c113527279c05	139409	True	performance
hidden	sculptural-work	xix	943	XIX	1250	rgsmoothgallery	1216	fileadmin/s-maj/images/BilderMaja/1997Xix/zoom3.jpg	hidden/sculptural-work/xix/zoom3.jpg	6d3029be12d0001e4a869911226939e2e518cf467089cd5e75689b8a08884580	230009	True	sculptures-or-installations
hidden	sculptural-work	xix	943	XIX	1250	rgsmoothgallery	1337	fileadmin/s-maj/images/BilderMaja/1996EurokonXiX/8Torso.jpg	hidden/sculptural-work/xix/8Torso.jpg	fe2764ee47d3b044d9b0d44f419d9677e27026b45c808a175d9702891eef632f	165654	True	sculptures-or-installations
hidden	sculptural-work	xix	943	XIX	1250	rgsmoothgallery	1217	fileadmin/s-maj/images/BilderMaja/1997Xix/xixbar55.jpg	hidden/sculptural-work/xix/xixbar55.jpg	ca28372136a62d84ab98e15c92f779b9de1cf3ba791d3e0956c467d2fc6e20fe	86346	True	sculptures-or-installations
hidden	sculptural-work	xix	943	XIX	1250	rgsmoothgallery	1221	fileadmin/s-maj/images/BilderMaja/1997Xix/zoom2.jpg	hidden/sculptural-work/xix/zoom2.jpg	9e663fa5507576a92f9bc3f9b9ae0f9acff1785859d508fa79c3befd1deb97ed	258232	True	sculptures-or-installations
hidden	sculptural-work	xix	943	XIX	1250	rgsmoothgallery	1330	fileadmin/s-maj/images/BilderMaja/1996EurokonXiX/rumaschinenperf.jpg	hidden/sculptural-work/xix/rumaschinenperf.jpg	ca4f4a442fda8a98696feb8e81a28b4ebce3d00f2f1feba5ad5f77453eef4a1f	121449	True	sculptures-or-installations
hidden	sculptural-work	xix	943	XIX	1250	rgsmoothgallery	1329	fileadmin/s-maj/images/BilderMaja/1996EurokonXiX/nailedliegend.jpg	hidden/sculptural-work/xix/nailedliegend.jpg	6eb75ecf03233ab3ddb81576f952ac30d3ac56bb3cc3bc16830f378b01634b7d	283819	True	sculptures-or-installations
live	performance	casino-gitano	933	Casino Gitano	1231	rgsmoothgallery	1349	fileadmin/s-maj/images/BilderMaja/2003CasinoGitano/holgivlu.jpg	live/performance/casino-gitano/holgivlu.jpg	090bb9142a0a5ae3fe57bc095d4de8fae1d059ee307ceaeb35dcaaaa4bc5a449	222102	True	performance
hidden	sculptural-work	xix	943	XIX	1250	rgsmoothgallery	1340	fileadmin/s-maj/images/BilderMaja/1996EurokonXiX/nailedtank.jpg	hidden/sculptural-work/xix/nailedtank.jpg	79d3ce2e929d10ead91d9c8aae23246c6a45ba82265fd3d52c5441ebe7eb0028	177168	True	sculptures-or-installations
hidden	sculptural-work	xix	943	XIX	1250	rgsmoothgallery	1335	fileadmin/s-maj/images/BilderMaja/1996EurokonXiX/nailedtanks3org.jpg	hidden/sculptural-work/xix/nailedtanks3org.jpg	b4e9e1619f405b51f154dc32a57cca3a0542c70fadcc97b0ee04305a38fb2985	178136	True	sculptures-or-installations
live	performance	casino-gitano	933	Casino Gitano	1231	rgsmoothgallery	1353	fileadmin/s-maj/images/BilderMaja/2003CasinoGitano/guitareros.jpg	live/performance/casino-gitano/guitareros.jpg	80a373a2ac6b6f036628290bb5646590f3a6a551aba76d3c6543f5b866e9e8af	190632	True	performance
hidden	sculptural-work	xix	943	XIX	1250	rgsmoothgallery	1339	fileadmin/s-maj/images/BilderMaja/1996EurokonXiX/nailedTanks2org.jpg	hidden/sculptural-work/xix/nailedTanks2org.jpg	267c56e82fc73f2a297d330e21aba7c7c3c2bf14b4da31f444105fc23d87e528	166862	True	sculptures-or-installations
hidden	sculptural-work	xix	943	XIX	1250	rgsmoothgallery	1323	fileadmin/s-maj/images/BilderMaja/1996EurokonXiX/nailedtanks1org.jpg	hidden/sculptural-work/xix/nailedtanks1org.jpg	1d2014f9e3af46f26c68652b6d0c04278cc20621b17150de66ed9416f1b40260	175359	True	sculptures-or-installations
hidden	sculptural-work	xix	943	XIX	1250	rgsmoothgallery	1324	fileadmin/s-maj/images/BilderMaja/1996EurokonXiX/nailedview.jpg	hidden/sculptural-work/xix/nailedview.jpg	372d86315ec5f61a529c54a1930f5536ebe5371e0f509b4af4994d74b3985737	177992	True	sculptures-or-installations
live	other-sites	pyrofessor	966	Brennende Badewanne	1292	tx_damttcontent_files	955	fileadmin/s-pf/images/Show/Badewanne_brennt.jpg	live/other-sites/pyrofessor/Badewanne_brennt.jpg	d2772df1544b5aa89646e3bf36e6d8642a6a8a91cd32f8060871858ff6962fb7	793919	True	
live	other-sites	pyrofessor	967	test mooflow 	1302	cfa_mooflow	204	fileadmin/s-pf/images/feuerboote/DSC01279-2.jpg	live/other-sites/pyrofessor/DSC01279-2.jpg	3257085f277b47c4b3bba157d304272a3054f65c14bf5184efbf3299d6e05979	20959	True	
live	other-sites	pyrofessor	966	Brennende Badewanne	1298	tx_damttcontent_files	959	fileadmin/s-pf/images/Show/carsten_bad_iro.JPG	live/other-sites/pyrofessor/carsten_bad_iro.JPG	7aaf147e1c6d850c444476e2ab7a0aecc13a44a9c6b212ea41410ab028e52f32	756322	True	
live	other-sites	pyrofessor	967	test mooflow 	1302	cfa_mooflow	203	fileadmin/s-pf/images/feuerboote/DSC01286-2.jpg	live/other-sites/pyrofessor/DSC01286-2.jpg	4107e3a4c9e3a452ee66e61ac623b04388b456595c1d3a1e0819180fc310f0fb	17942	True	
live	other-sites	pyrofessor	966	Brennende Badewanne	1293	tx_damttcontent_files	957	fileadmin/s-pf/images/Show/badewanne_mark_1.jpg	live/other-sites/pyrofessor/badewanne_mark_1.jpg	7779c1a1175aeafe13e400e408909099b08060e9889ad14afea62a24923e83ce	58078	True	
live	other-sites	pyrofessor	967	test mooflow 	1302	cfa_mooflow	206	fileadmin/s-pf/images/feuerboote/DSC01372-2.jpg	live/other-sites/pyrofessor/DSC01372-2.jpg	b438f01231f791a19399d40fcc7663e9d3373bbab3cc8548404e27ce39e5f46b	23655	True	
live	other-sites	pyrofessor	967	test mooflow 	1302	cfa_mooflow	205	fileadmin/s-pf/images/feuerboote/DSC01236-2.jpg	live/other-sites/pyrofessor/DSC01236-2.jpg	422bec0e57a34d46633b29c73ded346b4426110b3e34ce73ed2b7248afefce28	14411	True	
live	other-sites	pyrofessor	966	Brennende Badewanne	1297	tx_damttcontent_files	961	fileadmin/s-pf/images/Show/badewanne_mark_3.jpg	live/other-sites/pyrofessor/badewanne_mark_3.jpg	edf9edd520a952e4b7390472a122eed301ce7c20cd27ae6f8fd24419374a1d90	28643	True	
live	other-sites	pyrofessor	966	Brennende Badewanne	1294	tx_damttcontent_files	956	fileadmin/s-pf/images/Show/badewanne_mark_2.jpg	live/other-sites/pyrofessor/badewanne_mark_2.jpg	bfe95c7d8d79dcfd7159ec9ec3cdbd292ec4d51f7509f078f09c08aae5ab7a1f	34785	True	
live	other-sites	pyrofessor	967	test mooflow 	1302	cfa_mooflow	202	fileadmin/s-pf/images/feuerboote/DSC01381-2.jpg	live/other-sites/pyrofessor/DSC01381-2.jpg	5c9289a21d2b3f7531ac406222b311f1a6f33e8c037ffa67814b4bdec4cb2c21	44760	True	
live	other-sites	pyrofessor	803	Skulpturen	1300	tx_damttcontent_files	962	fileadmin/s-pf/images/tacheles2/zeitP1010164.jpg	live/other-sites/pyrofessor/zeitP1010164.jpg	78dda5f6c0d98227f828a59850b92da290dcbd97eb3d9841c906d311ca36fed6	2031044	True	
live	other-sites	pyrofessor	966	Brennende Badewanne	1299	tx_damttcontent_files	960	fileadmin/s-pf/images/Show/carsten_bad_wolke.jpg	live/other-sites/pyrofessor/carsten_bad_wolke.jpg	1d0c45420e20404f1cb1d726c6f6c2e810a3b2867810b02c231c66d7d7dc442b	820020	True	
live	other-sites	pyrofessor	967	test mooflow 	1302	cfa_mooflow	207	fileadmin/s-pf/images/feuerboote/DSC01253-2.jpg	live/other-sites/pyrofessor/DSC01253-2.jpg	1170fe4698f2d01168a7c21012498788fc5e29c0b50837e52a860d73f4aa4296	26314	True	
live	other-sites	pyrofessor	967	test mooflow 	1302	cfa_mooflow	208	fileadmin/s-pf/images/feuerboote/DSC01240-2.jpg	live/other-sites/pyrofessor/DSC01240-2.jpg	562c0c08a0edcfa4c5fa00db8719db0dce9f16642991c8ca8e477080b1819224	13221	True	
live	other-sites	pyrofessor	967	test mooflow 	1302	cfa_mooflow	209	fileadmin/s-pf/images/feuerboote/DSC01293-2.jpg	live/other-sites/pyrofessor/DSC01293-2.jpg	c790c183dadc7c374f66bdfcb4f8a097c632085983cda4145dd4890feb85d66a	23212	True	
hidden	sculptural-work	the-alchemy-bar	949	The Alchemy Bar	1267	rgsmoothgallery	1021	fileadmin/s-maj/images/BilderMaja/2006AlchemyBar/0.1water_air.jpg	hidden/sculptural-work/the-alchemy-bar/0.1water_air.jpg	2620c3a82fe98697fd40d77ea43e41f584ce777c2ccac1ff0ca44ae41074662f	711357	True	sculptures-or-installations
hidden	sculptural-work	the-alchemy-bar	949	The Alchemy Bar	1267	rgsmoothgallery	1024	fileadmin/s-maj/images/BilderMaja/2006AlchemyBar/0.2fire_earth.jpg	hidden/sculptural-work/the-alchemy-bar/0.2fire_earth.jpg	80ba182ea8cd005dc30a24dac2da9d5be16db50d09ff5f519287515e8e709660	593433	True	sculptures-or-installations
hidden	sculptural-work	the-alchemy-bar	949	The Alchemy Bar	1267	rgsmoothgallery	1036	fileadmin/s-maj/images/BilderMaja/2006AlchemyBar/1.1airTotale.jpg	hidden/sculptural-work/the-alchemy-bar/1.1airTotale.jpg	f59c51499a8defd6c3334478f4ce4a502220bda113f638282b3b258dca4a53af	666941	True	sculptures-or-installations
hidden	sculptural-work	the-alchemy-bar	949	The Alchemy Bar	1267	rgsmoothgallery	1031	fileadmin/s-maj/images/BilderMaja/2006AlchemyBar/1.2airCentral.jpg	hidden/sculptural-work/the-alchemy-bar/1.2airCentral.jpg	86c37eff50f04c98cc4d7bff43162ba5aa108625fa6890aa641a264e9e375bcd	676269	True	sculptures-or-installations
hidden	sculptural-work	the-alchemy-bar	949	The Alchemy Bar	1267	rgsmoothgallery	1034	fileadmin/s-maj/images/BilderMaja/2006AlchemyBar/1.3airBird1.jpg	hidden/sculptural-work/the-alchemy-bar/1.3airBird1.jpg	e49759c62bb9a1ae044f3d390d880a8d21cbe753c5956b82cee9136917932809	406504	True	sculptures-or-installations
hidden	sculptural-work	the-alchemy-bar	949	The Alchemy Bar	1267	rgsmoothgallery	1044	fileadmin/s-maj/images/BilderMaja/2006AlchemyBar/1.5airBird3.jpg	hidden/sculptural-work/the-alchemy-bar/1.5airBird3.jpg	6fa500d52ad66228dd11b153597534cce112e1c1fc1723cd8ad0efdeb3ca3e93	574572	True	sculptures-or-installations
hidden	sculptural-work	the-alchemy-bar	949	The Alchemy Bar	1267	rgsmoothgallery	1041	fileadmin/s-maj/images/BilderMaja/2006AlchemyBar/1.8airSide3.jpg	hidden/sculptural-work/the-alchemy-bar/1.8airSide3.jpg	32166d2f8b0fd5e0077e341a846bb8b68a32d0fc38fcc44246251b5a5e953ce5	760700	True	sculptures-or-installations
hidden	sculptural-work	the-alchemy-bar	949	The Alchemy Bar	1267	rgsmoothgallery	1037	fileadmin/s-maj/images/BilderMaja/2006AlchemyBar/2.1earthTotale.jpg	hidden/sculptural-work/the-alchemy-bar/2.1earthTotale.jpg	7cba2761a51fbc3b1a60cbda81d80f0e3ce7cb4a15106cebcf84555688380afc	590300	True	sculptures-or-installations
hidden	sculptural-work	the-alchemy-bar	949	The Alchemy Bar	1267	rgsmoothgallery	1025	fileadmin/s-maj/images/BilderMaja/2006AlchemyBar/2.8earthWindow.jpg	hidden/sculptural-work/the-alchemy-bar/2.8earthWindow.jpg	4b1f79c29ed02ddf0de82cfc26b603e6291b090952f0f072fce0278662c37955	838269	True	sculptures-or-installations
hidden	sculptural-work	the-alchemy-bar	949	The Alchemy Bar	1267	rgsmoothgallery	1016	fileadmin/s-maj/images/BilderMaja/2006AlchemyBar/1.91airWindow2.jpg	hidden/sculptural-work/the-alchemy-bar/1.91airWindow2.jpg	1f78126265860d03e20208180de2a9abcd137fb383089ec92883d8b85101e95d	446232	True	sculptures-or-installations
hidden	sculptural-work	the-alchemy-bar	949	The Alchemy Bar	1267	rgsmoothgallery	1045	fileadmin/s-maj/images/BilderMaja/2006AlchemyBar/2.2earthSandwatch1.jpg	hidden/sculptural-work/the-alchemy-bar/2.2earthSandwatch1.jpg	046f7def89cfedbe843505a0ea94ed8ab7ef7d17c50ba43f2cd66e120a5ba611	500189	True	sculptures-or-installations
hidden	sculptural-work	the-alchemy-bar	949	The Alchemy Bar	1267	rgsmoothgallery	1039	fileadmin/s-maj/images/BilderMaja/2006AlchemyBar/2.4earthSide1.jpg	hidden/sculptural-work/the-alchemy-bar/2.4earthSide1.jpg	b3e4cc54f2af8b4fb69277a5b36420fefe32aa16e31a7dedfabbd70a1f6b7181	466361	True	sculptures-or-installations
hidden	sculptural-work	the-alchemy-bar	949	The Alchemy Bar	1267	rgsmoothgallery	1030	fileadmin/s-maj/images/BilderMaja/2006AlchemyBar/2.7earthGlas2.jpg	hidden/sculptural-work/the-alchemy-bar/2.7earthGlas2.jpg	9835502bf130e1763f931eafdc83b52b2803e634ddf092aa4159849e4a24f2aa	791841	True	sculptures-or-installations
hidden	sculptural-work	the-alchemy-bar	949	The Alchemy Bar	1267	rgsmoothgallery	1032	fileadmin/s-maj/images/BilderMaja/2006AlchemyBar/3.0waterTotale.jpg	hidden/sculptural-work/the-alchemy-bar/3.0waterTotale.jpg	95df6aa21248f6ff2e0138dbbaa844a277270a7c6cfaf55320bb8564bdbd68e5	605372	True	sculptures-or-installations
hidden	sculptural-work	the-alchemy-bar	949	The Alchemy Bar	1267	rgsmoothgallery	1029	fileadmin/s-maj/images/BilderMaja/2006AlchemyBar/3.2waterMachine1.jpg	hidden/sculptural-work/the-alchemy-bar/3.2waterMachine1.jpg	2218f8a0067effecfe1a7943560bec757987105ff4338a179f4e818cbe58896b	562205	True	sculptures-or-installations
hidden	sculptural-work	the-alchemy-bar	949	The Alchemy Bar	1267	rgsmoothgallery	1018	fileadmin/s-maj/images/BilderMaja/2006AlchemyBar/3.4waterMachine3.jpg	hidden/sculptural-work/the-alchemy-bar/3.4waterMachine3.jpg	449fba85c7397485f1a5d950134674e42067c010c58621b63be9d67796ce2835	496783	True	sculptures-or-installations
hidden	sculptural-work	the-alchemy-bar	949	The Alchemy Bar	1267	rgsmoothgallery	1038	fileadmin/s-maj/images/BilderMaja/2006AlchemyBar/3.5waterSide1.jpg	hidden/sculptural-work/the-alchemy-bar/3.5waterSide1.jpg	ccd8173d648f58befbf298ac57f7ecb91649418df9cba003f9f6b982ca27c01a	522505	True	sculptures-or-installations
hidden	sculptural-work	the-alchemy-bar	949	The Alchemy Bar	1267	rgsmoothgallery	1020	fileadmin/s-maj/images/BilderMaja/2006AlchemyBar/4.1fireTotale.jpg	hidden/sculptural-work/the-alchemy-bar/4.1fireTotale.jpg	e8c31c24237aa6aeb14f94999683af9009c3eb95f6b02aef68bb2cd85b35e462	484339	True	sculptures-or-installations
hidden	sculptural-work	the-alchemy-bar	949	The Alchemy Bar	1267	rgsmoothgallery	1043	fileadmin/s-maj/images/BilderMaja/2006AlchemyBar/4.2fireEternal1.jpg	hidden/sculptural-work/the-alchemy-bar/4.2fireEternal1.jpg	3fbda17f3b75af886bfb760b7cf28c90ab14f1c602861cc5652c8887e468efad	522624	True	sculptures-or-installations
hidden	sculptural-work	the-alchemy-bar	949	The Alchemy Bar	1267	rgsmoothgallery	1027	fileadmin/s-maj/images/BilderMaja/2006AlchemyBar/4.5fireEternal3.jpg	hidden/sculptural-work/the-alchemy-bar/4.5fireEternal3.jpg	b52e1b8b036ff5907bc8d66bd1cec9fefbe669796830516cd3463a749307f43b	580075	True	sculptures-or-installations
hidden	sculptural-work	the-alchemy-bar	949	The Alchemy Bar	1267	rgsmoothgallery	1049	fileadmin/s-maj/images/BilderMaja/2006AlchemyBar/snakeAction.jpg	hidden/sculptural-work/the-alchemy-bar/snakeAction.jpg	8fe568b57a09ddf0526a50ab0bfd40100915016fa149f73aeeb77698859289e4	122094	True	sculptures-or-installations
hidden	sculptural-work	the-alchemy-bar	949	The Alchemy Bar	1267	rgsmoothgallery	1033	fileadmin/s-maj/images/BilderMaja/2006AlchemyBar/robodock06_0152.jpg	hidden/sculptural-work/the-alchemy-bar/robodock06_0152.jpg	c8a2daac1734b04ccf4d57c3b987aa26845fb2c347132ec6c8ad8f71858a5f73	897680	True	sculptures-or-installations
hidden	sculptural-work	the-alchemy-bar	949	The Alchemy Bar	1267	rgsmoothgallery	1035	fileadmin/s-maj/images/BilderMaja/2006AlchemyBar/robodock06_0095.jpg	hidden/sculptural-work/the-alchemy-bar/robodock06_0095.jpg	c3d3a30c813e8572d1616063f34c58597d71ac145b26f0ea1e9cf5e055c090c1	792379	True	sculptures-or-installations
hidden	sculptural-work	the-alchemy-bar	949	The Alchemy Bar	1267	rgsmoothgallery	1040	fileadmin/s-maj/images/BilderMaja/2006AlchemyBar/robodock06_133.jpg	hidden/sculptural-work/the-alchemy-bar/robodock06_133.jpg	eba575c3ced921cea95d6affdc361f73a69ea9ca0f3818a3e90301d8dfae20db	773580	True	sculptures-or-installations
live	event-organisation	dada-festwochen	934	Dada Festwochen	1235	rgsmoothgallery	963	fileadmin/s-maj/images/BilderMaja/2003Sihlpapier/toplessdancer3.jpg	live/event-organisation/dada-festwochen/toplessdancer3.jpg	2475c4267199b8622f346b3c783586c0f17ca751216f140a2d38e59e37ea366b	640217	True	performance
hidden	sculptural-work	the-alchemy-bar	949	The Alchemy Bar	1267	rgsmoothgallery	1042	fileadmin/s-maj/images/BilderMaja/2006AlchemyBar/robodock06_0105.jpg	hidden/sculptural-work/the-alchemy-bar/robodock06_0105.jpg	77e2cfc89056fa3985a1071f6bd5a60e544e1300160391ac22c9c78476b9d5c0	690168	True	sculptures-or-installations
live	event-organisation	dada-festwochen	934	Dada Festwochen	1235	rgsmoothgallery	974	fileadmin/s-maj/images/BilderMaja/2003Sihlpapier/toplessdancer.jpg	live/event-organisation/dada-festwochen/toplessdancer.jpg	c7685de29ecd2d00a0014545fae46c0eeec40940f49a833f5564f3e307f34178	785979	True	performance
live	event-organisation	dada-festwochen	934	Dada Festwochen	1235	rgsmoothgallery	966	fileadmin/s-maj/images/BilderMaja/2003Sihlpapier/jpboxing1.jpg	live/event-organisation/dada-festwochen/jpboxing1.jpg	8eb837a2128d81cdf3d259ae45746744fbe929f52fd1b151454c3dcd080cf385	934494	True	performance
hidden	sculptural-work	the-alchemy-bar	949	The Alchemy Bar	1267	rgsmoothgallery	1022	fileadmin/s-maj/images/BilderMaja/2006AlchemyBar/alex_bar24.jpg	hidden/sculptural-work/the-alchemy-bar/alex_bar24.jpg	a96531c9496e9cc8d9c3524077e8f23dcad4d6132ec50b3e95cc9bae9846d5b6	712235	True	sculptures-or-installations
live	event-organisation	dada-festwochen	934	Dada Festwochen	1235	rgsmoothgallery	972	fileadmin/s-maj/images/BilderMaja/2003Sihlpapier/toplessdancer1.jpg	live/event-organisation/dada-festwochen/toplessdancer1.jpg	0396c4658c1d79872c8b1622d29c9bb5c88df203271ae009bcb2fc8b6af5c998	872820	True	performance
hidden	sculptural-work	the-alchemy-bar	949	The Alchemy Bar	1267	rgsmoothgallery	1047	fileadmin/s-maj/images/BilderMaja/2006AlchemyBar/alex_bar25.jpg	hidden/sculptural-work/the-alchemy-bar/alex_bar25.jpg	c342682139f1a14ca5995668a6f2be2a97a1293ad9a5dae6ed6271138e7500cc	684982	True	sculptures-or-installations
hidden	sculptural-work	the-alchemy-bar	949	The Alchemy Bar	1267	rgsmoothgallery	1026	fileadmin/s-maj/images/BilderMaja/2006AlchemyBar/robodock06_0020.jpg	hidden/sculptural-work/the-alchemy-bar/robodock06_0020.jpg	52be18f2357e8f6ae2943de46c4380f5c701e323d9be315f2af036400cd93513	746927	True	sculptures-or-installations
hidden	sculptural-work	the-alchemy-bar	949	The Alchemy Bar	1267	rgsmoothgallery	1028	fileadmin/s-maj/images/BilderMaja/2006AlchemyBar/alex_bar02.jpg	hidden/sculptural-work/the-alchemy-bar/alex_bar02.jpg	64da97de9a4c3f2597fa43a130ea5a1d3bd521c7f8b12e20638c03194d38aa05	602306	True	sculptures-or-installations
hidden	sculptural-work	the-alchemy-bar	949	The Alchemy Bar	1267	rgsmoothgallery	1052	fileadmin/s-maj/images/BilderMaja/2006AlchemyBar/alex_bar19.jpg	hidden/sculptural-work/the-alchemy-bar/alex_bar19.jpg	bba3a88e7b3f4f586eb83e20ce4212419ed61369d05a2ff69836fcc3b8c6787f	741813	True	sculptures-or-installations
live	event-organisation	dada-festwochen	934	Dada Festwochen	1235	rgsmoothgallery	965	fileadmin/s-maj/images/BilderMaja/2003Sihlpapier/toplessdancer2.jpg	live/event-organisation/dada-festwochen/toplessdancer2.jpg	352abd412bf6723610183b64af68e76fafea84f2f1fc99750300ccec7ab1b32f	748995	True	performance
hidden	sculptural-work	the-alchemy-bar	949	The Alchemy Bar	1267	rgsmoothgallery	1054	fileadmin/s-maj/images/BilderMaja/2006AlchemyBar/alex_bar26.jpg	hidden/sculptural-work/the-alchemy-bar/alex_bar26.jpg	8db2e345c8c7445f56eb1a2ab0d65c0682e985afccb443cba0939f412581867e	620508	True	sculptures-or-installations
hidden	sculptural-work	the-alchemy-bar	949	The Alchemy Bar	1267	rgsmoothgallery	1057	fileadmin/s-maj/images/BilderMaja/2006AlchemyBar/robodock06_0145.jpg	hidden/sculptural-work/the-alchemy-bar/robodock06_0145.jpg	fb83a87bc15d744d92317961c08c6d96a861ea0fc20ed66629bc332884d12ac9	851983	True	sculptures-or-installations
hidden	sculptural-work	the-alchemy-bar	949	The Alchemy Bar	1267	rgsmoothgallery	1056	fileadmin/s-maj/images/BilderMaja/2006AlchemyBar/robodock06_0029.jpg	hidden/sculptural-work/the-alchemy-bar/robodock06_0029.jpg	11dd962b335e5fe1f718214ef2f617f4479b02c896009b0f3514c99c46f43287	630972	True	sculptures-or-installations
hidden	sculptural-work	the-alchemy-bar	949	The Alchemy Bar	1267	rgsmoothgallery	1055	fileadmin/s-maj/images/BilderMaja/2006AlchemyBar/robodock06_0025.jpg	hidden/sculptural-work/the-alchemy-bar/robodock06_0025.jpg	295cd3f4e5ec521c99ed8140b7ef0e638ad92368157a5aa06afa08d65a2caee0	596124	True	sculptures-or-installations
hidden	sculptural-work	the-alchemy-bar	949	The Alchemy Bar	1267	rgsmoothgallery	1050	fileadmin/s-maj/images/BilderMaja/2006AlchemyBar/alex_bar04.jpg	hidden/sculptural-work/the-alchemy-bar/alex_bar04.jpg	19817d0f1c242ce9e8c145dc9c865acb72a471d54682041699979a3b239e6fab	715580	True	sculptures-or-installations
live	event-organisation	dada-festwochen	934	Dada Festwochen	1235	rgsmoothgallery	964	fileadmin/s-maj/images/BilderMaja/2003Sihlpapier/migituttifrutti2.jpg	live/event-organisation/dada-festwochen/migituttifrutti2.jpg	8c57794fbcaa1b36a7998947811f5dedf06c1681dc63b56c07ea9076a95d8f6d	490829	True	performance
live	event-organisation	dada-festwochen	934	Dada Festwochen	1235	rgsmoothgallery	969	fileadmin/s-maj/images/BilderMaja/2003Sihlpapier/tuttifruttimigi.jpg	live/event-organisation/dada-festwochen/tuttifruttimigi.jpg	2a5761221c5edd1d5fb1965a932843ebec169dc6385da5d59e332fdf4bf8cc0f	789706	True	performance
live	event-organisation	dada-festwochen	934	Dada Festwochen	1235	rgsmoothgallery	973	fileadmin/s-maj/images/BilderMaja/2003Sihlpapier/relaisbastian.jpg	live/event-organisation/dada-festwochen/relaisbastian.jpg	f5406920c79a4ef189283681993e9b3c5a5f24dc6d7c97227653c9bf994e1d56	771035	True	performance
live	event-organisation	dada-festwochen	934	Dada Festwochen	1235	rgsmoothgallery	970	fileadmin/s-maj/images/BilderMaja/2003Sihlpapier/johnnyjpjoel.jpg	live/event-organisation/dada-festwochen/johnnyjpjoel.jpg	e42d6d0bc2ad52aff23c50d1bc119d4e6f2baf7b51ad567e7ca054eba3187730	757654	True	performance
live	event-organisation	dada-festwochen	934	Dada Festwochen	1235	rgsmoothgallery	971	fileadmin/s-maj/images/BilderMaja/2003Sihlpapier/andyjp.jpg	live/event-organisation/dada-festwochen/andyjp.jpg	fae9c36fe8277f1812bb32ad8489318f1dd3197d889c3b9acf6a45daedc1d8be	1061604	True	performance
live	event-organisation	dada-festwochen	934	Dada Festwochen	1235	rgsmoothgallery	968	fileadmin/s-maj/images/BilderMaja/2003Sihlpapier/spamas2.jpg	live/event-organisation/dada-festwochen/spamas2.jpg	9e421df50268d4bfbd90167c46e09beee276ff6bff28d91544d02cbea499f337	849834	True	performance
live	event-organisation	dada-festwochen	934	Dada Festwochen	1235	rgsmoothgallery	967	fileadmin/s-maj/images/BilderMaja/2003Sihlpapier/johnnyluca.jpg	live/event-organisation/dada-festwochen/johnnyluca.jpg	7048958088ce85a62750c745e168d0ad40378ca16a703f8693be6ee9b47ff5b4	906837	True	performance
live	performance	trojan-fire	932	Trojan Fire	1229	rgsmoothgallery	982	fileadmin/s-maj/images/BilderMaja/2004Troy/Flamme2.jpg	live/performance/trojan-fire/Flamme2.jpg	10a23c4c01f8946b9ae58c1c9619246fd64c0b1a2d95be54ce3f741eda0cb7af	550869	True	performance
live	performance	trojan-fire	932	Trojan Fire	1229	rgsmoothgallery	980	fileadmin/s-maj/images/BilderMaja/2004Troy/Flamme1.jpg	live/performance/trojan-fire/Flamme1.jpg	bedb459bc1f4f6b9e3f5c37314a9d0bdfa6dd29761bb22ea9eb641b9d3246976	2060550	True	performance
live	performance	trojan-fire	932	Trojan Fire	1229	rgsmoothgallery	976	fileadmin/s-maj/images/BilderMaja/2004Troy/Flamme3.jpg	live/performance/trojan-fire/Flamme3.jpg	df18577b12aec041f656037cdbe40971bd2f0eacc28072b6c80ab11f4b889aa8	556230	True	performance
live	performance	trojan-fire	932	Trojan Fire	1229	rgsmoothgallery	975	fileadmin/s-maj/images/BilderMaja/2004Troy/Pferd_sw.jpg	live/performance/trojan-fire/Pferd_sw.jpg	511d061ebf21587f6d87bd5a41821b710b3f69f77ce495739443c5abcf350656	285349	True	performance
live	performance	trojan-fire	932	Trojan Fire	1229	rgsmoothgallery	978	fileadmin/s-maj/images/BilderMaja/2004Troy/Pferd2.jpg	live/performance/trojan-fire/Pferd2.jpg	a17f2b043193f3a1e26e8c2ae2df7c280bf642dd5227d881a93350116238170a	688705	True	performance
live	performance	trojan-fire	932	Trojan Fire	1229	rgsmoothgallery	977	fileadmin/s-maj/images/BilderMaja/2004Troy/Pferd1.jpg	live/performance/trojan-fire/Pferd1.jpg	6cd5e232e8a8e561ee7463d7d1106993b63ef980ea57016541b44eca1a7d8a45	619063	True	performance
live	performance	trojan-fire	932	Trojan Fire	1229	rgsmoothgallery	979	fileadmin/s-maj/images/BilderMaja/2004Troy/Roter_Teppich2.jpg	live/performance/trojan-fire/Roter_Teppich2.jpg	51d05f21a842dbf08049147e2c9d6f3f9d41faf2a77a5df90f4249dbae6276d3	649427	True	performance
live	performance	trojan-fire	932	Trojan Fire	1229	rgsmoothgallery	981	fileadmin/s-maj/images/BilderMaja/2004Troy/Braddy_mit_Feuer_.jpg	live/performance/trojan-fire/Braddy_mit_Feuer_.jpg	90f5b3cf481db4a62f654ff5965262937f47ebbf63e7696e551a5213ec8a023d	96869	True	performance
live	performance	casino-gitano	933	Casino Gitano	1231	rgsmoothgallery	1070	fileadmin/s-maj/images/BilderMaja/2003CasinoGitano/band_tableau.jpg	live/performance/casino-gitano/band_tableau.jpg	4bb482cb87eaf61546e7cd77284b3ef8d0a4c0e90acdee9db07cfcb1c953b5dc	78834	True	performance
live	performance	casino-gitano	933	Casino Gitano	1231	rgsmoothgallery	1068	fileadmin/s-maj/images/BilderMaja/2003CasinoGitano/band.jpg	live/performance/casino-gitano/band.jpg	490ce9b4d88e7d5a9f4bd76cd74e4699c4631a29c0c4adbb43719ed9ad42eb9a	667229	True	performance
live	performance	casino-gitano	933	Casino Gitano	1231	rgsmoothgallery	1061	fileadmin/s-maj/images/BilderMaja/2003CasinoGitano/carmenetcristina.jpg	live/performance/casino-gitano/carmenetcristina.jpg	9e08bc27d66707be45c12887c0e873ed8851e671939111e3e5f943e09d46dbc3	635375	True	performance
live	performance	casino-gitano	933	Casino Gitano	1231	rgsmoothgallery	1078	fileadmin/s-maj/images/BilderMaja/2003CasinoGitano/anna.jpg	live/performance/casino-gitano/anna.jpg	29279cb7e497c1dc713abe9d405140e66d06cc85d8c7ae44bb4b53f24d855982	471385	True	performance
live	performance	casino-gitano	933	Casino Gitano	1231	rgsmoothgallery	1081	fileadmin/s-maj/images/BilderMaja/2003CasinoGitano/carmendance.jpg	live/performance/casino-gitano/carmendance.jpg	2410b89ef7d665b4052984832ccd6a328220f88efbab19933aff3e9fa231b619	662520	True	performance
live	performance	casino-gitano	933	Casino Gitano	1231	rgsmoothgallery	1080	fileadmin/s-maj/images/BilderMaja/2003CasinoGitano/carmen_anna.jpg	live/performance/casino-gitano/carmen_anna.jpg	f193827f8763b17a614ee771871f8f8564e082c2271dce1b34e0c69019b95f73	836876	True	performance
live	performance	casino-gitano	933	Casino Gitano	1231	rgsmoothgallery	1062	fileadmin/s-maj/images/BilderMaja/2003CasinoGitano/thierry.jpg	live/performance/casino-gitano/thierry.jpg	fa7f76195a8f1c34e1c9510078d3aafb7774e377015ab1dcdde2cec2b29372fb	688331	True	performance
live	performance	casino-gitano	933	Casino Gitano	1231	rgsmoothgallery	1084	fileadmin/s-maj/images/BilderMaja/2003CasinoGitano/olii.jpg	live/performance/casino-gitano/olii.jpg	09ee7f793f363b2bb7e90846dc2370e310f6e2e7379afe6c83f12d935faff79c	593491	True	performance
live	performance	casino-gitano	933	Casino Gitano	1231	rgsmoothgallery	1066	fileadmin/s-maj/images/BilderMaja/2003CasinoGitano/franky.jpg	live/performance/casino-gitano/franky.jpg	5d13629f3e1c571b4a3f17cf5e912aede2dc6bc8677f111dc3d3bae2d2127dab	600565	True	performance
live	performance	casino-gitano	933	Casino Gitano	1231	rgsmoothgallery	1073	fileadmin/s-maj/images/BilderMaja/2003CasinoGitano/ibana.jpg	live/performance/casino-gitano/ibana.jpg	e4631ea55d75ef0db07588807b86404b5431f4fe61465908443cd14d9a2a6d7f	658768	True	performance
live	performance	casino-gitano	933	Casino Gitano	1231	rgsmoothgallery	1374	fileadmin/s-maj/images/BilderMaja/2003CasinoGitano/lubirdock.jpg	live/performance/casino-gitano/lubirdock.jpg	5c1ba7c4150c2906b3a5b9c2f4c38d307bf3f3fdff03e0d8ed205755f10e7f19	186442	True	performance
live	performance	casino-gitano	933	Casino Gitano	1231	rgsmoothgallery	1072	fileadmin/s-maj/images/BilderMaja/2003CasinoGitano/clemi.jpg	live/performance/casino-gitano/clemi.jpg	cdc3b60b251e869962004ef0e937bc79a240e59f33f3455123ffb37a1b0cd43e	654082	True	performance
live	performance	casino-gitano	933	Casino Gitano	1231	rgsmoothgallery	1352	fileadmin/s-maj/images/BilderMaja/2003CasinoGitano/maisquenada.jpg	live/performance/casino-gitano/maisquenada.jpg	420806301fc059c443deb59fc13f8d475d162737cb103bc8215fc52373e38a49	178694	True	performance
live	performance	casino-gitano	933	Casino Gitano	1231	rgsmoothgallery	1059	fileadmin/s-maj/images/BilderMaja/2003CasinoGitano/loubiportrait.jpg	live/performance/casino-gitano/loubiportrait.jpg	b7d2290ce1f1d366eabbf0bcabae6b9865ebc54b6b5e8c9aa648a9ab80a56ea0	416645	True	performance
live	performance	casino-gitano	933	Casino Gitano	1231	rgsmoothgallery	1067	fileadmin/s-maj/images/BilderMaja/2003CasinoGitano/frankypolice.jpg	live/performance/casino-gitano/frankypolice.jpg	ac0440027efa462c5e46b3b151cf66f15339838cce0ebfed92acb573a4ea365a	275915	True	performance
live	performance	casino-gitano	933	Casino Gitano	1231	rgsmoothgallery	1358	fileadmin/s-maj/images/BilderMaja/2003CasinoGitano/backstage.jpg	live/performance/casino-gitano/backstage.jpg	e650abc46aacbdd7beb413beecffe7ea8c62e7f41d0fd08b7f8405545c31a8b5	163360	True	performance
live	performance	casino-gitano	933	Casino Gitano	1231	rgsmoothgallery	1354	fileadmin/s-maj/images/BilderMaja/2003CasinoGitano/frankiHanna.jpg	live/performance/casino-gitano/frankiHanna.jpg	fade4881f35ea0151ff4d8e83ae97dc6daa823eb8bc88ca2055cc0438a811fe8	224659	True	performance
deleted	other-sites	mhk	839	Dienstleistungen	1305	tx_damttcontent_files	562	fileadmin/s-mhk/images/halle/Shelter_von_rechts_oben2.jpg	deleted/other-sites/mhk/Shelter_von_rechts_oben2.jpg	06f84bb21ca748fc55a756fde59652806d090d1c3586d3a4aa513faf7b8d7561	354308	True	
live	performance	casino-gitano	933	Casino Gitano	1231	rgsmoothgallery	1359	fileadmin/s-maj/images/BilderMaja/2003CasinoGitano/thierry2.jpg	live/performance/casino-gitano/thierry2.jpg	5421ad75382d46a9f9a19f5fad97d63db4da254efb0cc6a79ca835573a815684	158845	True	performance
live	performance	casino-gitano	933	Casino Gitano	1231	rgsmoothgallery	1357	fileadmin/s-maj/images/BilderMaja/2003CasinoGitano/ivSchminken.jpg	live/performance/casino-gitano/ivSchminken.jpg	679d0d7e4ff08c11b3d2a7c9e46f5e75d3497233c01931700d8b333ecf9639bf	230050	True	performance
live	performance	casino-gitano	933	Casino Gitano	1231	rgsmoothgallery	1350	fileadmin/s-maj/images/BilderMaja/2003CasinoGitano/maedels_.jpg	live/performance/casino-gitano/maedels_.jpg	5bbd6590726f1408f2ef9ed15e09636ca940918cb96f5c57ae7b01de21633ae3	181023	True	performance
live	performance	casino-gitano	933	Casino Gitano	1231	rgsmoothgallery	1348	fileadmin/s-maj/images/BilderMaja/2003CasinoGitano/chorusFR.jpg	live/performance/casino-gitano/chorusFR.jpg	b3021dbfa6a7f9188add89cd7255d827028f44b513a585109ce7d851f6dc6657	165362	True	performance
live	performance	casino-gitano	933	Casino Gitano	1231	rgsmoothgallery	1346	fileadmin/s-maj/images/BilderMaja/2003CasinoGitano/vedholger.jpg	live/performance/casino-gitano/vedholger.jpg	eb42a194507715eab31ca7ba2bc8f2c3f705f4d371c2b3594242ea3fe9ca34ff	167760	True	performance
live	performance	casino-gitano	933	Casino Gitano	1231	rgsmoothgallery	1360	fileadmin/s-maj/images/BilderMaja/2003CasinoGitano/johnnyIv.jpg	live/performance/casino-gitano/johnnyIv.jpg	8344074b83fabdb4f35dc2a06296d70aca969ed1ae30744c8723b27fee5153d8	119520	True	performance
live	uncategorised	design-2	968	design 2	1307	rgsmoothgallery	568	fileadmin/s-maj/images/page/1webHome-2.jpg	live/uncategorised/design-2/1webHome-2.jpg	4fa771695089155a75ddc30945589bc62bba2fdf039a865165c0d5bef5f39708	215999	True	
live	uncategorised	design-2	968	design 2	1307	rgsmoothgallery	950	fileadmin/s-maj/images/page/webSecond2-1.jpg	live/uncategorised/design-2/webSecond2-1.jpg	c0b2b3f9b4cfebd884e04bab36195d5654112a71c1a6c6d1e99b6da2cfa4efd1	195854	True	
live	uncategorised	design-2	968	design 2	1307	rgsmoothgallery	1085	fileadmin/s-maj/images/page/flame2.gif	live/uncategorised/design-2/flame2.gif	bd3c093cc449d98338bfb20a388a4a29b1d364e591b65cdc076d80d6cd854133	11347	True	
hidden	sculptural-work	recent-sculptures	953	recent sculptures	1280	rgsmoothgallery	1085	fileadmin/s-maj/images/page/flame2.gif	hidden/sculptural-work/recent-sculptures/flame2.gif	bd3c093cc449d98338bfb20a388a4a29b1d364e591b65cdc076d80d6cd854133	11347	True	sculptures-or-installations
live	possibilities	alchemy-bar	937	Alchemy Bar	1244	rgsmoothgallery	1031	fileadmin/s-maj/images/BilderMaja/2006AlchemyBar/1.2airCentral.jpg	live/possibilities/alchemy-bar/1.2airCentral.jpg	86c37eff50f04c98cc4d7bff43162ba5aa108625fa6890aa641a264e9e375bcd	676269	True	UNMAPPED
live	possibilities	alchemy-bar	937	Alchemy Bar	1244	rgsmoothgallery	1034	fileadmin/s-maj/images/BilderMaja/2006AlchemyBar/1.3airBird1.jpg	live/possibilities/alchemy-bar/1.3airBird1.jpg	e49759c62bb9a1ae044f3d390d880a8d21cbe753c5956b82cee9136917932809	406504	True	UNMAPPED
live	possibilities	alchemy-bar	937	Alchemy Bar	1244	rgsmoothgallery	1044	fileadmin/s-maj/images/BilderMaja/2006AlchemyBar/1.5airBird3.jpg	live/possibilities/alchemy-bar/1.5airBird3.jpg	6fa500d52ad66228dd11b153597534cce112e1c1fc1723cd8ad0efdeb3ca3e93	574572	True	UNMAPPED
live	possibilities	alchemy-bar	937	Alchemy Bar	1244	rgsmoothgallery	1016	fileadmin/s-maj/images/BilderMaja/2006AlchemyBar/1.91airWindow2.jpg	live/possibilities/alchemy-bar/1.91airWindow2.jpg	1f78126265860d03e20208180de2a9abcd137fb383089ec92883d8b85101e95d	446232	True	UNMAPPED
live	possibilities	alchemy-bar	937	Alchemy Bar	1244	rgsmoothgallery	1037	fileadmin/s-maj/images/BilderMaja/2006AlchemyBar/2.1earthTotale.jpg	live/possibilities/alchemy-bar/2.1earthTotale.jpg	7cba2761a51fbc3b1a60cbda81d80f0e3ce7cb4a15106cebcf84555688380afc	590300	True	UNMAPPED
live	possibilities	alchemy-bar	937	Alchemy Bar	1244	rgsmoothgallery	1030	fileadmin/s-maj/images/BilderMaja/2006AlchemyBar/2.7earthGlas2.jpg	live/possibilities/alchemy-bar/2.7earthGlas2.jpg	9835502bf130e1763f931eafdc83b52b2803e634ddf092aa4159849e4a24f2aa	791841	True	UNMAPPED
live	possibilities	alchemy-bar	937	Alchemy Bar	1244	rgsmoothgallery	1025	fileadmin/s-maj/images/BilderMaja/2006AlchemyBar/2.8earthWindow.jpg	live/possibilities/alchemy-bar/2.8earthWindow.jpg	4b1f79c29ed02ddf0de82cfc26b603e6291b090952f0f072fce0278662c37955	838269	True	UNMAPPED
live	possibilities	alchemy-bar	937	Alchemy Bar	1244	rgsmoothgallery	1032	fileadmin/s-maj/images/BilderMaja/2006AlchemyBar/3.0waterTotale.jpg	live/possibilities/alchemy-bar/3.0waterTotale.jpg	95df6aa21248f6ff2e0138dbbaa844a277270a7c6cfaf55320bb8564bdbd68e5	605372	True	UNMAPPED
live	possibilities	alchemy-bar	937	Alchemy Bar	1244	rgsmoothgallery	1029	fileadmin/s-maj/images/BilderMaja/2006AlchemyBar/3.2waterMachine1.jpg	live/possibilities/alchemy-bar/3.2waterMachine1.jpg	2218f8a0067effecfe1a7943560bec757987105ff4338a179f4e818cbe58896b	562205	True	UNMAPPED
live	possibilities	alchemy-bar	937	Alchemy Bar	1244	rgsmoothgallery	1018	fileadmin/s-maj/images/BilderMaja/2006AlchemyBar/3.4waterMachine3.jpg	live/possibilities/alchemy-bar/3.4waterMachine3.jpg	449fba85c7397485f1a5d950134674e42067c010c58621b63be9d67796ce2835	496783	True	UNMAPPED
live	possibilities	alchemy-bar	937	Alchemy Bar	1244	rgsmoothgallery	1020	fileadmin/s-maj/images/BilderMaja/2006AlchemyBar/4.1fireTotale.jpg	live/possibilities/alchemy-bar/4.1fireTotale.jpg	e8c31c24237aa6aeb14f94999683af9009c3eb95f6b02aef68bb2cd85b35e462	484339	True	UNMAPPED
live	possibilities	alchemy-bar	937	Alchemy Bar	1244	rgsmoothgallery	1027	fileadmin/s-maj/images/BilderMaja/2006AlchemyBar/4.5fireEternal3.jpg	live/possibilities/alchemy-bar/4.5fireEternal3.jpg	b52e1b8b036ff5907bc8d66bd1cec9fefbe669796830516cd3463a749307f43b	580075	True	UNMAPPED
live	possibilities	alchemy-bar	937	Alchemy Bar	1244	rgsmoothgallery	1026	fileadmin/s-maj/images/BilderMaja/2006AlchemyBar/robodock06_0020.jpg	live/possibilities/alchemy-bar/robodock06_0020.jpg	52be18f2357e8f6ae2943de46c4380f5c701e323d9be315f2af036400cd93513	746927	True	UNMAPPED
live	possibilities	alchemy-bar	937	Alchemy Bar	1244	rgsmoothgallery	1028	fileadmin/s-maj/images/BilderMaja/2006AlchemyBar/alex_bar02.jpg	live/possibilities/alchemy-bar/alex_bar02.jpg	64da97de9a4c3f2597fa43a130ea5a1d3bd521c7f8b12e20638c03194d38aa05	602306	True	UNMAPPED
live	possibilities	alchemy-bar	937	Alchemy Bar	1244	rgsmoothgallery	1033	fileadmin/s-maj/images/BilderMaja/2006AlchemyBar/robodock06_0152.jpg	live/possibilities/alchemy-bar/robodock06_0152.jpg	c8a2daac1734b04ccf4d57c3b987aa26845fb2c347132ec6c8ad8f71858a5f73	897680	True	UNMAPPED
live	possibilities	alchemy-bar	937	Alchemy Bar	1244	rgsmoothgallery	1057	fileadmin/s-maj/images/BilderMaja/2006AlchemyBar/robodock06_0145.jpg	live/possibilities/alchemy-bar/robodock06_0145.jpg	fb83a87bc15d744d92317961c08c6d96a861ea0fc20ed66629bc332884d12ac9	851983	True	UNMAPPED
live	possibilities	alchemy-bar	937	Alchemy Bar	1244	rgsmoothgallery	1038	fileadmin/s-maj/images/BilderMaja/2006AlchemyBar/3.5waterSide1.jpg	live/possibilities/alchemy-bar/3.5waterSide1.jpg	ccd8173d648f58befbf298ac57f7ecb91649418df9cba003f9f6b982ca27c01a	522505	True	UNMAPPED
live	possibilities	alchemy-bar	937	Alchemy Bar	1244	rgsmoothgallery	1039	fileadmin/s-maj/images/BilderMaja/2006AlchemyBar/2.4earthSide1.jpg	live/possibilities/alchemy-bar/2.4earthSide1.jpg	b3e4cc54f2af8b4fb69277a5b36420fefe32aa16e31a7dedfabbd70a1f6b7181	466361	True	UNMAPPED
live	possibilities	alchemy-bar	937	Alchemy Bar	1244	rgsmoothgallery	1056	fileadmin/s-maj/images/BilderMaja/2006AlchemyBar/robodock06_0029.jpg	live/possibilities/alchemy-bar/robodock06_0029.jpg	11dd962b335e5fe1f718214ef2f617f4479b02c896009b0f3514c99c46f43287	630972	True	UNMAPPED
live	possibilities	alchemy-bar	937	Alchemy Bar	1244	rgsmoothgallery	1040	fileadmin/s-maj/images/BilderMaja/2006AlchemyBar/robodock06_133.jpg	live/possibilities/alchemy-bar/robodock06_133.jpg	eba575c3ced921cea95d6affdc361f73a69ea9ca0f3818a3e90301d8dfae20db	773580	True	UNMAPPED
live	possibilities	alchemy-bar	937	Alchemy Bar	1244	rgsmoothgallery	1049	fileadmin/s-maj/images/BilderMaja/2006AlchemyBar/snakeAction.jpg	live/possibilities/alchemy-bar/snakeAction.jpg	8fe568b57a09ddf0526a50ab0bfd40100915016fa149f73aeeb77698859289e4	122094	True	UNMAPPED
live	possibilities	alchemy-bar	937	Alchemy Bar	1244	rgsmoothgallery	1041	fileadmin/s-maj/images/BilderMaja/2006AlchemyBar/1.8airSide3.jpg	live/possibilities/alchemy-bar/1.8airSide3.jpg	32166d2f8b0fd5e0077e341a846bb8b68a32d0fc38fcc44246251b5a5e953ce5	760700	True	UNMAPPED
live	possibilities	alchemy-bar	937	Alchemy Bar	1244	rgsmoothgallery	1055	fileadmin/s-maj/images/BilderMaja/2006AlchemyBar/robodock06_0025.jpg	live/possibilities/alchemy-bar/robodock06_0025.jpg	295cd3f4e5ec521c99ed8140b7ef0e638ad92368157a5aa06afa08d65a2caee0	596124	True	UNMAPPED
live	possibilities	alchemy-bar	937	Alchemy Bar	1244	rgsmoothgallery	1042	fileadmin/s-maj/images/BilderMaja/2006AlchemyBar/robodock06_0105.jpg	live/possibilities/alchemy-bar/robodock06_0105.jpg	77e2cfc89056fa3985a1071f6bd5a60e544e1300160391ac22c9c78476b9d5c0	690168	True	UNMAPPED
live	possibilities	alchemy-bar	937	Alchemy Bar	1244	rgsmoothgallery	1054	fileadmin/s-maj/images/BilderMaja/2006AlchemyBar/alex_bar26.jpg	live/possibilities/alchemy-bar/alex_bar26.jpg	8db2e345c8c7445f56eb1a2ab0d65c0682e985afccb443cba0939f412581867e	620508	True	UNMAPPED
live	possibilities	alchemy-bar	937	Alchemy Bar	1244	rgsmoothgallery	1043	fileadmin/s-maj/images/BilderMaja/2006AlchemyBar/4.2fireEternal1.jpg	live/possibilities/alchemy-bar/4.2fireEternal1.jpg	3fbda17f3b75af886bfb760b7cf28c90ab14f1c602861cc5652c8887e468efad	522624	True	UNMAPPED
live	possibilities	alchemy-bar	937	Alchemy Bar	1244	rgsmoothgallery	1053	fileadmin/s-maj/images/BilderMaja/2006AlchemyBar/alex_bar21.jpg	live/possibilities/alchemy-bar/alex_bar21.jpg	062f6fa10645c4f1e5a7e5553e4db55649662913390d7b1336ddab361becc73f	721344	True	UNMAPPED
live	possibilities	alchemy-bar	937	Alchemy Bar	1244	rgsmoothgallery	1045	fileadmin/s-maj/images/BilderMaja/2006AlchemyBar/2.2earthSandwatch1.jpg	live/possibilities/alchemy-bar/2.2earthSandwatch1.jpg	046f7def89cfedbe843505a0ea94ed8ab7ef7d17c50ba43f2cd66e120a5ba611	500189	True	UNMAPPED
live	possibilities	alchemy-bar	937	Alchemy Bar	1244	rgsmoothgallery	1052	fileadmin/s-maj/images/BilderMaja/2006AlchemyBar/alex_bar19.jpg	live/possibilities/alchemy-bar/alex_bar19.jpg	bba3a88e7b3f4f586eb83e20ce4212419ed61369d05a2ff69836fcc3b8c6787f	741813	True	UNMAPPED
live	collaborations	wheel-of-power	946	Wheel of Power	1253	rgsmoothgallery	1385	fileadmin/s-maj/images/BilderMaja/2007WheelOfPower/premiere-060.jpg	live/collaborations/wheel-of-power/premiere-060.jpg	90ab528d5071f5f34d8ab68c264b96a76d155fb46fdb090e36e813112b6b9824	188723	True	UNMAPPED
live	possibilities	alchemy-bar	937	Alchemy Bar	1244	rgsmoothgallery	1047	fileadmin/s-maj/images/BilderMaja/2006AlchemyBar/alex_bar25.jpg	live/possibilities/alchemy-bar/alex_bar25.jpg	c342682139f1a14ca5995668a6f2be2a97a1293ad9a5dae6ed6271138e7500cc	684982	True	UNMAPPED
live	possibilities	alchemy-bar	937	Alchemy Bar	1244	rgsmoothgallery	1050	fileadmin/s-maj/images/BilderMaja/2006AlchemyBar/alex_bar04.jpg	live/possibilities/alchemy-bar/alex_bar04.jpg	19817d0f1c242ce9e8c145dc9c865acb72a471d54682041699979a3b239e6fab	715580	True	UNMAPPED
live	collaborations	wheel-of-power	946	Wheel of Power	1253	rgsmoothgallery	1383	fileadmin/s-maj/images/BilderMaja/2007WheelOfPower/saturday-28-juli-068-crop-2.jpg	live/collaborations/wheel-of-power/saturday-28-juli-068-crop-2.jpg	b9b773ef8259bee51837e9489926633b2e664576b9f4130acd23e3e2843cc09d	119677	True	UNMAPPED
live	collaborations	wheel-of-power	946	Wheel of Power	1253	rgsmoothgallery	1382	fileadmin/s-maj/images/BilderMaja/2007WheelOfPower/IMG_0736.jpg	live/collaborations/wheel-of-power/IMG_0736.jpg	10812d06f96ae4138b85af520c1651e9eb682699690a74844eb2800900bf184c	193145	True	UNMAPPED
live	possibilities	alchemy-bar	937	Alchemy Bar	1244	rgsmoothgallery	1022	fileadmin/s-maj/images/BilderMaja/2006AlchemyBar/alex_bar24.jpg	live/possibilities/alchemy-bar/alex_bar24.jpg	a96531c9496e9cc8d9c3524077e8f23dcad4d6132ec50b3e95cc9bae9846d5b6	712235	True	UNMAPPED
live	possibilities	alchemy-bar	937	Alchemy Bar	1244	rgsmoothgallery	1051	fileadmin/s-maj/images/BilderMaja/2006AlchemyBar/alex_bar07.jpg	live/possibilities/alchemy-bar/alex_bar07.jpg	cfee5333a008f00181522029a3a084ddb2f8d61e4a02fcfa35f3656effdb31db	586086	True	UNMAPPED
live	collaborations	forget-me-not	947	Forget me Not	1254	rgsmoothgallery	1378	fileadmin/s-maj/images/BilderMaja/2003ForgetMeNot/forgetmenot.jpg	live/collaborations/forget-me-not/forgetmenot.jpg	f748210d6fb33448cfdf605a00bf0200c53c7ff786977a1fc2d6fd50dcb3c1a2	82811	True	UNMAPPED
live	sculptural-work	mantelheizung	941	Mantelheizung	1248	rgsmoothgallery	938	fileadmin/s-maj/images/BilderMaja/2004Mantelheizung/Mh2.JPG	live/sculptural-work/mantelheizung/Mh2.JPG	ded69cfbb8ead9f4c834151ae2f2556ca45df3308647449150b6f8b7804d8672	638257	True	sculptures-or-installations
live	sculptural-work	mantelheizung	941	Mantelheizung	1248	rgsmoothgallery	939	fileadmin/s-maj/images/BilderMaja/2004Mantelheizung/Mantelheizung2.jpg	live/sculptural-work/mantelheizung/Mantelheizung2.jpg	7a94207f8819af29467841b529c4666efe69442bcb3f8ba1e28c1ab7e792105e	410920	True	sculptures-or-installations
live	sculptural-work	mantelheizung	941	Mantelheizung	1248	rgsmoothgallery	940	fileadmin/s-maj/images/BilderMaja/2004Mantelheizung/Mh1.JPG	live/sculptural-work/mantelheizung/Mh1.JPG	d9316c0d201960ff410920d5970c5f7d12359de096aef725541a862e65a05a28	703288	True	sculptures-or-installations
live	sculptural-work	mantelheizung	941	Mantelheizung	1248	rgsmoothgallery	941	fileadmin/s-maj/images/BilderMaja/2004Mantelheizung/kind.jpg	live/sculptural-work/mantelheizung/kind.jpg	b3db484b893eb00bfb0e74777d6d123fb5874b09615f9f1879bf1e489424357b	629122	True	sculptures-or-installations
live	sculptural-work	mantelheizung	941	Mantelheizung	1248	rgsmoothgallery	942	fileadmin/s-maj/images/BilderMaja/2004Mantelheizung/mantelheizung.jpg	live/sculptural-work/mantelheizung/mantelheizung.jpg	36f8d83ed641054fcc6224d2509402a2c2b1d30c4b29135110b7f28493e46eeb	455719	True	sculptures-or-installations
live	sculptural-work	mantelheizung	941	Mantelheizung	1248	rgsmoothgallery	943	fileadmin/s-maj/images/BilderMaja/2004Mantelheizung/Schaukasten.JPG	live/sculptural-work/mantelheizung/Schaukasten.JPG	5bd60b645212b2fe91a3ea1eacd39ae7af42d935b3f2bb39f0cc7e7473af712e	431897	True	sculptures-or-installations
live	sculptural-work	mantelheizung	941	Mantelheizung	1248	rgsmoothgallery	944	fileadmin/s-maj/images/BilderMaja/2004Mantelheizung/Mh3.JPG	live/sculptural-work/mantelheizung/Mh3.JPG	1a28b23943b5db35a640ebc8817ce2f2a00291adcfc89c3d99e7c09450ee8755	618348	True	sculptures-or-installations
live	sculptural-work	mantelheizung	941	Mantelheizung	1248	rgsmoothgallery	945	fileadmin/s-maj/images/BilderMaja/2004Mantelheizung/jacken2.jpg	live/sculptural-work/mantelheizung/jacken2.jpg	0abef57de297eede8a666dcef9d99799c8dbf6a9a77a8d3aa7cd12b9fb55c150	640201	True	sculptures-or-installations
live	sculptural-work	mantelheizung	941	Mantelheizung	1248	rgsmoothgallery	946	fileadmin/s-maj/images/BilderMaja/2004Mantelheizung/Weihnachtsbaum.jpg	live/sculptural-work/mantelheizung/Weihnachtsbaum.jpg	169877c51ef10ca9a09d55cf3e90644b0a4f0fc024501405c43ff7f2913c952f	121867	True	sculptures-or-installations
live	collaborations	wheel-of-power	946	Wheel of Power	1253	rgsmoothgallery	1380	fileadmin/s-maj/images/BilderMaja/2007WheelOfPower/23-juni-_2_-338.jpg	live/collaborations/wheel-of-power/23-juni-_2_-338.jpg	e15c68d041df502609f19ab92120574eb47e5345b433d9b962a9f7c2fd03160d	37811	True	UNMAPPED
live	sculptural-work	mantelheizung	941	Mantelheizung	1248	rgsmoothgallery	1127	fileadmin/s-maj/images/BilderMaja/2004Mantelheizung/mantelzeichnung.jpg	live/sculptural-work/mantelheizung/mantelzeichnung.jpg	4a4504f307e1a536c27cdea1ada0591a6f0c2a8107598ca75fc362aee3642cd7	348090	True	sculptures-or-installations
live	sculptural-work	mantelheizung	941	Mantelheizung	1248	rgsmoothgallery	1128	fileadmin/s-maj/images/BilderMaja/2004Mantelheizung/Mantelzeichnung2.jpg	live/sculptural-work/mantelheizung/Mantelzeichnung2.jpg	47e1f7c3c736909dc449822df0b4ac687b96fd5bb0f6293c8c3501f3fee0eaad	421317	True	sculptures-or-installations
hidden	sculptural-work	bird-couple	1001	Bird Couple	1373	rgsmoothgallery	1760	fileadmin/s-maj/images/BilderMaja/2009vogelpaar/Vogelpaar5.jpg	hidden/sculptural-work/bird-couple/Vogelpaar5.jpg	5fd9d1a9ba8a9f9f8c966ee03526b3983bf9c6b1b642f8f478c01caef9d127f4	189247	True	sculptures-or-installations
live	collaborations	wheel-of-power	946	Wheel of Power	1253	rgsmoothgallery	1100	fileadmin/s-maj/images/BilderMaja/2007WheelOfPower/img_0900.jpg	live/collaborations/wheel-of-power/img_0900.jpg	aff6be655fc37746dadca8b6307bd92a52ac364804e0f74ded6f1d38fe124371	521542	True	UNMAPPED
live	collaborations	wheel-of-power	946	Wheel of Power	1253	rgsmoothgallery	1101	fileadmin/s-maj/images/BilderMaja/2007WheelOfPower/img_1118.jpg	live/collaborations/wheel-of-power/img_1118.jpg	03fe6cb6e92b40afe6642faa3b026e7f88c4cd7f814a425240905ad80e29f990	708439	True	UNMAPPED
live	collaborations	wheel-of-power	946	Wheel of Power	1253	rgsmoothgallery	1102	fileadmin/s-maj/images/BilderMaja/2007WheelOfPower/premiere_037.jpg	live/collaborations/wheel-of-power/premiere_037.jpg	f65759d353106bbebf0ad6e46f4388b6914852113310b11664a4e0abf0a7eac6	490960	True	UNMAPPED
live	collaborations	wheel-of-power	946	Wheel of Power	1253	rgsmoothgallery	1103	fileadmin/s-maj/images/BilderMaja/2007WheelOfPower/zaterdag_performance_231.jpg	live/collaborations/wheel-of-power/zaterdag_performance_231.jpg	6693466dac3f42866fdfc6de003293cbb50ef3ced06c6f64d4f51ebceb36e3f0	709169	True	UNMAPPED
live	about	press	981	press	1455	rgsmoothgallery	1401	fileadmin/s-maj/images/BilderMaja/presse/2007_Die-Reinpfalz.jpg	live/about/press/2007_Die-Reinpfalz.jpg	e50db6d1c7e00718a07f00e17c78f797571836ab8a9a7a8927c125844605865d	458626	True	
live	collaborations	wheel-of-power	946	Wheel of Power	1253	rgsmoothgallery	1105	fileadmin/s-maj/images/BilderMaja/2007WheelOfPower/img_1072.jpg	live/collaborations/wheel-of-power/img_1072.jpg	08dc55b3a4ff76852ddc5f3620c7d52fcddccfb08d9df1aa3df0c1282991d3df	727361	True	UNMAPPED
live	sculptural-work	lizard	999	Lizard	1366	rgsmoothgallery	1585	fileadmin/s-maj/images/BilderMaja/2007WheelOfPower/22_june_07_080.jpg	live/sculptural-work/lizard/22_june_07_080.jpg	eec8f8b16627618f33166881535f94c647e3d6f444ad99f5aa34590b2c960b0d	824284	True	sculptures-or-installations
live	collaborations	wheel-of-power	946	Wheel of Power	1253	rgsmoothgallery	1107	fileadmin/s-maj/images/BilderMaja/2007WheelOfPower/zaterdag_performance_187.jpg	live/collaborations/wheel-of-power/zaterdag_performance_187.jpg	719bc6e4099fd6aa2cc21f4fccd2d3fe17d20fb3f3b03867f32c127400e95b10	582348	True	UNMAPPED
live	collaborations	wheel-of-power	946	Wheel of Power	1253	rgsmoothgallery	1108	fileadmin/s-maj/images/BilderMaja/2007WheelOfPower/luca.jpg	live/collaborations/wheel-of-power/luca.jpg	3daa3a91280cf86c5bcd43ff80dda82d898d2d2a1a61c1c7e6383b4301193dd5	553664	True	UNMAPPED
live	about	press	981	press	1455	rgsmoothgallery	1403	fileadmin/s-maj/images/BilderMaja/presse/2007_Rein-Neckar-Zeitung.jpg	live/about/press/2007_Rein-Neckar-Zeitung.jpg	f8edfa7c6ca3b4511a047d36fd181d5d589704ded28107be65fad20046b0bcac	469340	True	
live	collaborations	wheel-of-power	946	Wheel of Power	1253	rgsmoothgallery	1110	fileadmin/s-maj/images/BilderMaja/2007WheelOfPower/20_june_07__134_.jpg	live/collaborations/wheel-of-power/20_june_07__134_.jpg	8e455f413c300ccc3ea332c2304967e25a7bc77ce25cb4447ef6ad70c20fa0cd	306949	True	UNMAPPED
live	collaborations	wheel-of-power	946	Wheel of Power	1253	rgsmoothgallery	1111	fileadmin/s-maj/images/BilderMaja/2007WheelOfPower/zaterdag_performance_188.jpg	live/collaborations/wheel-of-power/zaterdag_performance_188.jpg	cbd8877fff7b110e87de239afe683592ca302120c4f73ac0edb9c6ab44786529	657538	True	UNMAPPED
live	collaborations	wheel-of-power	946	Wheel of Power	1253	rgsmoothgallery	1112	fileadmin/s-maj/images/BilderMaja/2007WheelOfPower/thursday_512.jpg	live/collaborations/wheel-of-power/thursday_512.jpg	52138d42e7eb7f7a4a38f4dd46a67b0e4bde66eb338f31a0d942f811dd83b20d	653180	True	UNMAPPED
live	collaborations	wheel-of-power	946	Wheel of Power	1253	rgsmoothgallery	1113	fileadmin/s-maj/images/BilderMaja/2007WheelOfPower/img_1071.jpg	live/collaborations/wheel-of-power/img_1071.jpg	6ad886c9b2adda6d3b09ef871339788da81b55fc5ddd4581d00c86cfc1594045	734539	True	UNMAPPED
live	collaborations	wheel-of-power	946	Wheel of Power	1253	rgsmoothgallery	1114	fileadmin/s-maj/images/BilderMaja/2007WheelOfPower/premiere_023.jpg	live/collaborations/wheel-of-power/premiere_023.jpg	45ad84aa6e1104d8abbcc557889b897fa75a3c7fa7ed39aa1f3bcaff9876650d	765068	True	UNMAPPED
live	other-sites	pyrofessor	801	Feuershow für Kids	1463	tx_damttcontent_files	1787	fileadmin/s-pf/images/Show/domäne_trompete_big.jpg	live/other-sites/pyrofessor/domäne_trompete_big.jpg			False	
live	collaborations	wheel-of-power	946	Wheel of Power	1253	rgsmoothgallery	1116	fileadmin/s-maj/images/BilderMaja/2007WheelOfPower/22_june_07_069.jpg	live/collaborations/wheel-of-power/22_june_07_069.jpg	5baaee2a307750dd566240756246da19089ce97a4dfab4e2eef268667eff05ed	829081	True	UNMAPPED
live	collaborations	wheel-of-power	946	Wheel of Power	1253	rgsmoothgallery	1117	fileadmin/s-maj/images/BilderMaja/2007WheelOfPower/31_july__42_.jpg	live/collaborations/wheel-of-power/31_july__42_.jpg	279bb23f79c0e86b008137d94ffb50cb19886c6209cdbe4b69926ca5e9163b8e	615702	True	UNMAPPED
hidden	sculptural-work	bird-couple	1001	Bird Couple	1373	rgsmoothgallery	1757	fileadmin/s-maj/images/BilderMaja/2009vogelpaar/Vogel2.jpg	hidden/sculptural-work/bird-couple/Vogel2.jpg	8689cade39a2f2e7d8eae6a92f898daf7af1cfd0f17e9ff25297af314abd2838	151894	True	sculptures-or-installations
live	collaborations	wheel-of-power	946	Wheel of Power	1253	rgsmoothgallery	1119	fileadmin/s-maj/images/BilderMaja/2007WheelOfPower/zaterdag_performance_291.jpg	live/collaborations/wheel-of-power/zaterdag_performance_291.jpg	89571c59a9bb85f68ac380a3af8f67122788456d87676848e2a342efa30bc47d	693385	True	UNMAPPED
live	collaborations	wheel-of-power	946	Wheel of Power	1253	rgsmoothgallery	1126	fileadmin/s-maj/images/BilderMaja/2007WheelOfPower/fridayevening_682.jpg	live/collaborations/wheel-of-power/fridayevening_682.jpg	6a78399134c257c7f76273c58e0f2895a79dcd794b09aaab8c039560482037d1	756733	True	UNMAPPED
live	collaborations	wheel-of-power	946	Wheel of Power	1253	rgsmoothgallery	1125	fileadmin/s-maj/images/BilderMaja/2007WheelOfPower/thursday_563.jpg	live/collaborations/wheel-of-power/thursday_563.jpg	003440e873b589783eb8f8083e277b96f7a7b390ac8ab37579e7fead1cf4e4af	716066	True	UNMAPPED
live	collaborations	wheel-of-power	946	Wheel of Power	1253	rgsmoothgallery	1124	fileadmin/s-maj/images/BilderMaja/2007WheelOfPower/21_juni_2007__26_.jpg	live/collaborations/wheel-of-power/21_juni_2007__26_.jpg	353a714285b50afcedb046d098cdf8c2c2457c34d465078f18aea6644f055145	441255	True	UNMAPPED
live	collaborations	wheel-of-power	946	Wheel of Power	1253	rgsmoothgallery	1123	fileadmin/s-maj/images/BilderMaja/2007WheelOfPower/img_1108.jpg	live/collaborations/wheel-of-power/img_1108.jpg	793fc6d727b6f879518a0004010283fae0073b8e8892429b0ec7160a2c7d25e0	708519	True	UNMAPPED
live	collaborations	wheel-of-power	946	Wheel of Power	1253	rgsmoothgallery	1118	fileadmin/s-maj/images/BilderMaja/2007WheelOfPower/23_juni__12_.jpg	live/collaborations/wheel-of-power/23_juni__12_.jpg	a95bd1d808af65a966687f0332919cf5c19e17458c4df78a89abe6abd060ab3d	751761	True	UNMAPPED
live	collaborations	wheel-of-power	946	Wheel of Power	1253	rgsmoothgallery	1121	fileadmin/s-maj/images/BilderMaja/2007WheelOfPower/zaterdag_performance_278.jpg	live/collaborations/wheel-of-power/zaterdag_performance_278.jpg	526ac57cfd4d3a9583a690a033fc8f2ea95f625dd4ca14ed427f8175cbfda33d	730445	True	UNMAPPED
live	collaborations	wheel-of-power	946	Wheel of Power	1253	rgsmoothgallery	1120	fileadmin/s-maj/images/BilderMaja/2007WheelOfPower/zaterdag_performance_222.jpg	live/collaborations/wheel-of-power/zaterdag_performance_222.jpg	673930da67077b38a7dc349e7d7eaf3af9da9830bfccfe7efa7ed94fd6c68c91	511457	True	UNMAPPED
live	event-organisation	eurokon	935	Eurokon	1236	rgsmoothgallery	1336	fileadmin/s-maj/images/BilderMaja/1996EurokonXiX/1Eagle.jpg	live/event-organisation/eurokon/1Eagle.jpg	f97ec352edbc605f6545ae8576f52a38fdb81a80bc00cf3ac25bc9b2a0b7ce47	125381	True	performance
live	event-organisation	eurokon	935	Eurokon	1236	rgsmoothgallery	1345	fileadmin/s-maj/images/BilderMaja/1996EurokonAllg/eurokot.jpg	live/event-organisation/eurokon/eurokot.jpg	608fe1033a74dceab0200bad4ce5d09dd83bc5390345a991e0f5c73f1dd63b9c	85020	True	performance
live	event-organisation	eurokon	935	Eurokon	1236	rgsmoothgallery	1344	fileadmin/s-maj/images/BilderMaja/1996EurokonAllg/adler1.jpg	live/event-organisation/eurokon/adler1.jpg	a9c033374055d1817f1ebbe2dabfaec9c4bd6199fedfccd233e6cbe7ba8981ce	58038	True	performance
hidden	sculptural-work	xix	943	XIX	1250	rgsmoothgallery	1247	fileadmin/s-maj/images/BilderMaja/1995EurokotXiX/eisen7.jpg	hidden/sculptural-work/xix/eisen7.jpg	3cd0214003fc6520ae358123d1d42eb67e02b606a2bacf7cce750a81540bce82	135657	True	sculptures-or-installations
live	event-organisation	eurokon	935	Eurokon	1236	rgsmoothgallery	1321	fileadmin/s-maj/images/BilderMaja/1996EurokonXiX/2Torso.jpg	live/event-organisation/eurokon/2Torso.jpg	954af5fb2d3a0eeb562c778aac8500fe77e915a8b92433f66d33eefbc8f5d7c1	238189	True	performance
hidden	sculptural-work	xix	943	XIX	1250	rgsmoothgallery	1235	fileadmin/s-maj/images/BilderMaja/1997Xix/sennhof6s_w.jpg	hidden/sculptural-work/xix/sennhof6s_w.jpg	7d651b6de02d1e66d841ddc8a1e3d9f3f52a4cc6c00e7256dd924cc4650a352d	106649	True	sculptures-or-installations
live	event-organisation	eurokon	935	Eurokon	1236	rgsmoothgallery	1343	fileadmin/s-maj/images/BilderMaja/1996EurokonAllg/NovoAtelier.jpg	live/event-organisation/eurokon/NovoAtelier.jpg	df64916947892d6a1c3828121f9dbe56752309b07d0f5ae1b0459989df6986ed	205418	True	performance
hidden	sculptural-work	xix	943	XIX	1250	rgsmoothgallery	1233	fileadmin/s-maj/images/BilderMaja/1997Xix/Sennhof2.jpg	hidden/sculptural-work/xix/Sennhof2.jpg	47dd4a24337f7a206a875bd9955e0f5a320287664b8efdfe3528fe3b003725f2	102747	True	sculptures-or-installations
live	performance	casino-gitano	933	Casino Gitano	1231	rgsmoothgallery	1351	fileadmin/s-maj/images/BilderMaja/2003CasinoGitano/akkordeon.jpg	live/performance/casino-gitano/akkordeon.jpg	24fee3bc27b323a808995fc943d1461c977fa01bf017e9013705c96527a87336	226550	True	performance
hidden	sculptural-work	xix	943	XIX	1250	rgsmoothgallery	1257	fileadmin/s-maj/images/BilderMaja/1995EurokotXiX/eurokot8.jpg	hidden/sculptural-work/xix/eurokot8.jpg	b272ad91c8cc93755c35ab8a9ec10e23d48661e16493b1e7c1215b07517a8a4f	196638	True	sculptures-or-installations
hidden	sculptural-work	xix	943	XIX	1250	rgsmoothgallery	1222	fileadmin/s-maj/images/BilderMaja/1997Xix/zoom8.jpg	hidden/sculptural-work/xix/zoom8.jpg	939a793a376ee11be2ec8cec038c52686e9cfc7705296a1811a3741c9d39305b	134991	True	sculptures-or-installations
hidden	sculptural-work	xix	943	XIX	1250	rgsmoothgallery	1224	fileadmin/s-maj/images/BilderMaja/1997Xix/zoom7.jpg	hidden/sculptural-work/xix/zoom7.jpg	f788b5a7a7906924fdbe4e281795a21f998555112a1cba552b3397424c5c9bdd	224746	True	sculptures-or-installations
hidden	sculptural-work	xix	943	XIX	1250	rgsmoothgallery	1220	fileadmin/s-maj/images/BilderMaja/1997Xix/zoom5.jpg	hidden/sculptural-work/xix/zoom5.jpg	9e36663a471868b6eb57c650aa0de6166eebf21a2f89e3d3e7c65fb4e15a31b6	198184	True	sculptures-or-installations
live	performance	casino-gitano	933	Casino Gitano	1231	rgsmoothgallery	1369	fileadmin/s-maj/images/BilderMaja/2003CasinoGitano/pieds.jpg	live/performance/casino-gitano/pieds.jpg	57a502928bdbbe24db4dc874938d0415b2aeba252dfdea23d0a40da858262f28	108805	True	performance
hidden	sculptural-work	xix	943	XIX	1250	rgsmoothgallery	1230	fileadmin/s-maj/images/BilderMaja/1997Xix/zoom6.jpg	hidden/sculptural-work/xix/zoom6.jpg	f2451a332a2e59fa2a92aa8fd944d18fe0ab1ba82362d35af58855de2e4f0563	219787	True	sculptures-or-installations
hidden	sculptural-work	xix	943	XIX	1250	rgsmoothgallery	1223	fileadmin/s-maj/images/BilderMaja/1997Xix/zoom10.jpg	hidden/sculptural-work/xix/zoom10.jpg	e8e3b011bcdb8a969d788108fb182dc8d27340736ca14a832f554efe0b9f8949	248063	True	sculptures-or-installations
hidden	sculptural-work	xix	943	XIX	1250	rgsmoothgallery	1251	fileadmin/s-maj/images/BilderMaja/1995EurokotXiX/eisen4.jpg	hidden/sculptural-work/xix/eisen4.jpg	8454e129c7fe74c5b3b7ef662d5f4bec6a416078ece1120a45097a9636d1215f	108327	True	sculptures-or-installations
live	performance	casino-gitano	933	Casino Gitano	1231	rgsmoothgallery	1365	fileadmin/s-maj/images/BilderMaja/2003CasinoGitano/robodock.jpg	live/performance/casino-gitano/robodock.jpg	7d5235a536b12fcce21467f4608b4a66b81b5921a824087349addcde9b6341cc	163046	True	performance
live	performance	casino-gitano	933	Casino Gitano	1231	rgsmoothgallery	1367	fileadmin/s-maj/images/BilderMaja/2003CasinoGitano/methierry.jpg	live/performance/casino-gitano/methierry.jpg	8a894c6caa8a80d8d614e436e5a950a592af30c1b1905e2375759f1870e5726a	192278	True	performance
live	sculptural-work	dorfbachschiff	942	Dorfbachschiff	1249	rgsmoothgallery	1375	fileadmin/s-maj/images/BilderMaja/1998Dorfbachschiff/s4.jpg	live/sculptural-work/dorfbachschiff/s4.jpg	531c388517fa01c9d41018a4ce459af033e2c6bc11c3c7efba5116a004506091	111087	True	sculptures-or-installations
hidden	sculptural-work	xix	943	XIX	1250	rgsmoothgallery	1255	fileadmin/s-maj/images/BilderMaja/1995EurokotXiX/eurokot4.jpg	hidden/sculptural-work/xix/eurokot4.jpg	221cc3e85507ca61c8284c15a250df2c01d4030789b2edfe91fdca87cc02245e	143531	True	sculptures-or-installations
live	performance	casino-gitano	933	Casino Gitano	1231	rgsmoothgallery	1373	fileadmin/s-maj/images/BilderMaja/2003CasinoGitano/theclan2.jpg	live/performance/casino-gitano/theclan2.jpg	d56240ea5c1f47985c616c05ef73d2dc8f3d8224d51caf74ca5674c0be893ec3	211877	True	performance
live	performance	casino-gitano	933	Casino Gitano	1231	rgsmoothgallery	1347	fileadmin/s-maj/images/BilderMaja/2003CasinoGitano/thierryHolger.jpg	live/performance/casino-gitano/thierryHolger.jpg	e8a15b553c20ff5106db699189283775c88c16b4627c6d7222e9e0d1c49a61e4	109548	True	performance
live	event-organisation	eurokon	935	Eurokon	1236	rgsmoothgallery	1329	fileadmin/s-maj/images/BilderMaja/1996EurokonXiX/nailedliegend.jpg	live/event-organisation/eurokon/nailedliegend.jpg	6eb75ecf03233ab3ddb81576f952ac30d3ac56bb3cc3bc16830f378b01634b7d	283819	True	performance
live	event-organisation	eurokon	935	Eurokon	1236	rgsmoothgallery	1340	fileadmin/s-maj/images/BilderMaja/1996EurokonXiX/nailedtank.jpg	live/event-organisation/eurokon/nailedtank.jpg	79d3ce2e929d10ead91d9c8aae23246c6a45ba82265fd3d52c5441ebe7eb0028	177168	True	performance
live	event-organisation	eurokot	936	Eurokot	1237	rgsmoothgallery	1295	fileadmin/s-maj/images/BilderMaja/1995EurokotAllg/vendetta.jpg	live/event-organisation/eurokot/vendetta.jpg	a3eec8297bd5c1b7facca8d374e9eca5ccda15747c18ac72efde4950b7fc6959	130424	True	performance
live	event-organisation	eurokot	936	Eurokot	1237	rgsmoothgallery	1255	fileadmin/s-maj/images/BilderMaja/1995EurokotXiX/eurokot4.jpg	live/event-organisation/eurokot/eurokot4.jpg	221cc3e85507ca61c8284c15a250df2c01d4030789b2edfe91fdca87cc02245e	143531	True	performance
live	event-organisation	eurokot	936	Eurokot	1237	rgsmoothgallery	1249	fileadmin/s-maj/images/BilderMaja/1995EurokotXiX/eurokot15.jpg	live/event-organisation/eurokot/eurokot15.jpg	591547be4e06e39969de1e62fd37576a8563f339c86d801f8e66983d7d913c28	236774	True	performance
live	event-organisation	eurokot	936	Eurokot	1237	rgsmoothgallery	1294	fileadmin/s-maj/images/BilderMaja/1995EurokotAllg/konzi2.jpg	live/event-organisation/eurokot/konzi2.jpg	0447d16b9862b9711c72ab6fb736911eaff07b56f50785931790c7b522580b6f	143733	True	performance
hidden	sculptural-work	xix	943	XIX	1250	rgsmoothgallery	1218	fileadmin/s-maj/images/BilderMaja/1997Xix/sennhofbar2.jpg	hidden/sculptural-work/xix/sennhofbar2.jpg	ba844e8eff6794398434463be82d264843d353903a91e25d0b0cfa4339fcaaf7	435867	True	sculptures-or-installations
hidden	sculptural-work	xix	943	XIX	1250	rgsmoothgallery	1234	fileadmin/s-maj/images/BilderMaja/1997Xix/sennhofbartotale.jpg	hidden/sculptural-work/xix/sennhofbartotale.jpg	dd082f1c4913e7e30658d07c65750ea0cbdce336ba90f3585bd050135e68a10d	508388	True	sculptures-or-installations
hidden	sculptural-work	xix	943	XIX	1250	rgsmoothgallery	1256	fileadmin/s-maj/images/BilderMaja/1995EurokotXiX/eisen2.jpg	hidden/sculptural-work/xix/eisen2.jpg	93b935ea86ed0aa85157e7075b62279f173ad53633ebbc225ac853c00da0b2bf	500204	True	sculptures-or-installations
live	event-organisation	eurokot	936	Eurokot	1237	rgsmoothgallery	1287	fileadmin/s-maj/images/BilderMaja/1995EurokotAllg/mutterEigang.jpg	live/event-organisation/eurokot/mutterEigang.jpg	976e4aa5e8eb6cfe4ee8cebb4bef9ab461be4543bc7abc0c71e2c8c4bd123cc1	216544	True	performance
live	event-organisation	eurokot	936	Eurokot	1237	rgsmoothgallery	1289	fileadmin/s-maj/images/BilderMaja/1995EurokotAllg/saeule.jpg	live/event-organisation/eurokot/saeule.jpg	3b2766f780283f75b48acf2db111e7a5e678a58c7b1cb3f57422f2e218eb4b8b	490449	True	performance
hidden	sculptural-work	xix	943	XIX	1250	rgsmoothgallery	1253	fileadmin/s-maj/images/BilderMaja/1995EurokotXiX/eisen6.jpg	hidden/sculptural-work/xix/eisen6.jpg	3e41da31c3f79c94663e54c4a21ebb50b10b67a5738fd814ca74735ce4ace416	127294	True	sculptures-or-installations
live	event-organisation	eurokot	936	Eurokot	1237	rgsmoothgallery	1264	fileadmin/s-maj/images/BilderMaja/1995EurokotAllg/puppe.jpg	live/event-organisation/eurokot/puppe.jpg	0e7f2c92ea81cf7c880a515fb448889f553e14067fa42d8ffa20bbf393b5f02c	139993	True	performance
live	event-organisation	eurokot	936	Eurokot	1237	rgsmoothgallery	1262	fileadmin/s-maj/images/BilderMaja/1995EurokotAllg/hund.jpg	live/event-organisation/eurokot/hund.jpg	2e9cec219627fce19be7834233801f5b7b19b9165cbab78d946a51c914d4fbbf	112441	True	performance
live	event-organisation	eurokot	936	Eurokot	1237	rgsmoothgallery	1265	fileadmin/s-maj/images/BilderMaja/1995EurokotAllg/box.jpg	live/event-organisation/eurokot/box.jpg	ed025d39599092bd0b199084b0e7f4c0deec5576c529dfb5a57bd9f0843d6675	136537	True	performance
live	event-organisation	eurokot	936	Eurokot	1237	rgsmoothgallery	1283	fileadmin/s-maj/images/BilderMaja/1995EurokotAllg/robot.jpg	live/event-organisation/eurokot/robot.jpg	3bfcc016c3b1cc4aca0bf316f0efea36b1f6259692f555abe749b5c431ff46cb	150012	True	performance
live	event-organisation	eurokot	936	Eurokot	1237	rgsmoothgallery	1266	fileadmin/s-maj/images/BilderMaja/1995EurokotAllg/kiosk.jpg	live/event-organisation/eurokot/kiosk.jpg	3ee7eebe4f163927466b73f8a60cfc8acbf2a18746a1fc8862fbcb230f34015d	188458	True	performance
live	event-organisation	eurokot	936	Eurokot	1237	rgsmoothgallery	1261	fileadmin/s-maj/images/BilderMaja/1995EurokotAllg/ru1.jpg	live/event-organisation/eurokot/ru1.jpg	fc1be73ff229cd14113a62769da93249cd5406a53e57ac66ff362ed010e9f1b1	476086	True	performance
live	event-organisation	eurokot	936	Eurokot	1237	rgsmoothgallery	1279	fileadmin/s-maj/images/BilderMaja/1995EurokotAllg/ru2.jpg	live/event-organisation/eurokot/ru2.jpg	aced57de94289747d17a05d431fd0f710ff2d0249b698fd32bcc8a75e902f1c6	147249	True	performance
live	event-organisation	eurokot	936	Eurokot	1237	rgsmoothgallery	1260	fileadmin/s-maj/images/BilderMaja/1995EurokotAllg/mutterana.jpg	live/event-organisation/eurokot/mutterana.jpg	9b05b105fa59a15716c90bd6080911798eb346d557bee2664c36ba4e96896850	167902	True	performance
live	event-organisation	eurokot	936	Eurokot	1237	rgsmoothgallery	1278	fileadmin/s-maj/images/BilderMaja/1995EurokotAllg/mutterbau.jpg	live/event-organisation/eurokot/mutterbau.jpg	7cd47dd419d120c0cb3a1f52241c9b4dbcc586c13aa8b9f18a8fe5604fa8dc65	165615	True	performance
live	event-organisation	eurokot	936	Eurokot	1237	rgsmoothgallery	1280	fileadmin/s-maj/images/BilderMaja/1995EurokotAllg/Dima.jpg	live/event-organisation/eurokot/Dima.jpg	ca58d2d15906df70f3116a2f630d2bc5436d98370142e403b8528c49037eae34	128657	True	performance
live	event-organisation	eurokot	936	Eurokot	1237	rgsmoothgallery	1263	fileadmin/s-maj/images/BilderMaja/1995EurokotAllg/pastor.jpg	live/event-organisation/eurokot/pastor.jpg	d321f8bedbb69482f8beee80edc41e37041a1b38ece5300e9bcc6363c6f3bf68	192761	True	performance
live	event-organisation	eurokot	936	Eurokot	1237	rgsmoothgallery	1284	fileadmin/s-maj/images/BilderMaja/1995EurokotAllg/lesung.jpg	live/event-organisation/eurokot/lesung.jpg	f620457ce4f25eff1d63e2c5a4b352b6c04a0ff20a1ef34bede7040ed29d287c	149526	True	performance
live	event-organisation	eurokot	936	Eurokot	1237	rgsmoothgallery	1275	fileadmin/s-maj/images/BilderMaja/1995EurokotAllg/mischpult.jpg	live/event-organisation/eurokot/mischpult.jpg	9870a66e5f8bfb6cefce2d33f800aac104184aca7ef9232b3cd4ded888f5cf2f	168475	True	performance
live	event-organisation	eurokot	936	Eurokot	1237	rgsmoothgallery	1269	fileadmin/s-maj/images/BilderMaja/1995EurokotAllg/novo1.jpg	live/event-organisation/eurokot/novo1.jpg	ccc79ee424e527164539d41bfacc97dcf32828aa7da8e193ce72085bf26d1f28	192891	True	performance
live	event-organisation	eurokot	936	Eurokot	1237	rgsmoothgallery	1272	fileadmin/s-maj/images/BilderMaja/1995EurokotAllg/novo2.jpg	live/event-organisation/eurokot/novo2.jpg	93acf02ba57281a606ac20ef874d97c7bc65e127e047bebcd1a70d82a280bc16	65604	True	performance
live	event-organisation	eurokot	936	Eurokot	1237	rgsmoothgallery	1281	fileadmin/s-maj/images/BilderMaja/1995EurokotAllg/novo3.jpg	live/event-organisation/eurokot/novo3.jpg	d09d55f070ac1e64ad3e2d81b4a875aa803b891f254fcf5752304223c6948242	93720	True	performance
live	event-organisation	eurokot	936	Eurokot	1237	rgsmoothgallery	1270	fileadmin/s-maj/images/BilderMaja/1995EurokotAllg/novo4.jpg	live/event-organisation/eurokot/novo4.jpg	92eb4ea759a1aa0dbc9cddfc72b4408e63d950e1727c4878427964cfe68e36a2	87906	True	performance
live	event-organisation	eurokot	936	Eurokot	1237	rgsmoothgallery	1277	fileadmin/s-maj/images/BilderMaja/1995EurokotAllg/dottir.jpg	live/event-organisation/eurokot/dottir.jpg	dd0f3600cc421511da2bf0f4f25809b0c95c17c380262f4ab7446c1622f48c24	132322	True	performance
live	event-organisation	eurokot	936	Eurokot	1237	rgsmoothgallery	1276	fileadmin/s-maj/images/BilderMaja/1995EurokotAllg/disco.jpg	live/event-organisation/eurokot/disco.jpg	f645dfe6601a99c11837dbf8bb815dadc67e338fc69203323a92073f82b0fbca	89775	True	performance
live	event-organisation	eurokot	936	Eurokot	1237	rgsmoothgallery	1273	fileadmin/s-maj/images/BilderMaja/1995EurokotAllg/theEnd.jpg	live/event-organisation/eurokot/theEnd.jpg	51cdc853cc3314eedea28b6000a983d3f87522a96377ae5969d16d7645d4bd63	159064	True	performance
live	event-organisation	eurokot	936	Eurokot	1237	rgsmoothgallery	1274	fileadmin/s-maj/images/BilderMaja/1995EurokotAllg/cleaning.jpg	live/event-organisation/eurokot/cleaning.jpg	054f851a1499c42dfb4d622d2d81696625d9291c1b811a2e8c7c4adf61cfed37	160418	True	performance
live	event-organisation	eurokot	936	Eurokot	1237	rgsmoothgallery	1282	fileadmin/s-maj/images/BilderMaja/1995EurokotAllg/empty.jpg	live/event-organisation/eurokot/empty.jpg	18287c15b7a4a71cdbb005219c460fe537e3002dd5bd54fa3dc2cf31ed63b5c0	76255	True	performance
live	event-organisation	eurokot	936	Eurokot	1237	rgsmoothgallery	1267	fileadmin/s-maj/images/BilderMaja/1995EurokotAllg/escher.jpg	live/event-organisation/eurokot/escher.jpg	f7cbc2545563cefe3e6f10bf99da7fc0e83d733ee946cc38857e6c4ad021d02b	1394371	True	performance
live	event-organisation	eurokot	936	Eurokot	1237	rgsmoothgallery	1291	fileadmin/s-maj/images/BilderMaja/1995EurokotAllg/wemean.jpg	live/event-organisation/eurokot/wemean.jpg	819ca01aad16cf5a6f990e33cb8b10512c135b9329165a93657f2d53912c7e29	163800	True	performance
live	event-organisation	eurokot	936	Eurokot	1237	rgsmoothgallery	1292	fileadmin/s-maj/images/BilderMaja/1995EurokotAllg/boniUbubi.jpg	live/event-organisation/eurokot/boniUbubi.jpg	70c7e7021094619999fc1055de4b5e37be89b65e57b13efcdbd26fc9b243c045	137629	True	performance
live	event-organisation	eurokot	936	Eurokot	1237	rgsmoothgallery	1254	fileadmin/s-maj/images/BilderMaja/1995EurokotXiX/eurokot38.jpg	live/event-organisation/eurokot/eurokot38.jpg	6c4d3c690c5e4dc039b8305692c51480f44d45fd47bb49b98cab8ff9d128d58d	187547	True	performance
live	event-organisation	eurokot	936	Eurokot	1237	rgsmoothgallery	1293	fileadmin/s-maj/images/BilderMaja/1995EurokotAllg/geputzt.jpg	live/event-organisation/eurokot/geputzt.jpg	af4df628f490edf3ace3c830365bedb89fdd53b75a298f9b6c92e3eec095f0e6	143249	True	performance
live	event-organisation	eurokon	935	Eurokon	1236	rgsmoothgallery	1307	fileadmin/s-maj/images/BilderMaja/1996EurokonAllg/ptomet1.jpg	live/event-organisation/eurokon/ptomet1.jpg	96240a48f090a4f00836f76f1c90a679d1e9c5c5c5fd9662da69a09ab7a44493	159189	True	performance
live	event-organisation	eurokon	935	Eurokon	1236	rgsmoothgallery	1313	fileadmin/s-maj/images/BilderMaja/1996EurokonAllg/ceramic1.jpg	live/event-organisation/eurokon/ceramic1.jpg	bf9d3bc9c201bae692f958d51359efe1c39d1eb4815056e9f8d9cde64419ec58	1410057	True	performance
live	event-organisation	eurokon	935	Eurokon	1236	rgsmoothgallery	1302	fileadmin/s-maj/images/BilderMaja/1996EurokonAllg/rubberfactory.jpg	live/event-organisation/eurokon/rubberfactory.jpg	a29b24854f7e7bfd1e543e6a2441df3d16de95af47952c292296aac925ce2c4e	158968	True	performance
live	event-organisation	eurokon	935	Eurokon	1236	rgsmoothgallery	1312	fileadmin/s-maj/images/BilderMaja/1996EurokonAllg/GummiPaede.jpg	live/event-organisation/eurokon/GummiPaede.jpg	bafd249cf39b64d020718f8c4347c6df72ba58778738d42222f55b76aa662683	193070	True	performance
live	event-organisation	eurokon	935	Eurokon	1236	rgsmoothgallery	1310	fileadmin/s-maj/images/BilderMaja/1996EurokonAllg/btoMetSowjet.jpg	live/event-organisation/eurokon/btoMetSowjet.jpg	63b3140cdbd0648ed8d2d588a193b8bf04adb320d1ad74ef819c38e78aef8cba	127744	True	performance
live	event-organisation	eurokon	935	Eurokon	1236	rgsmoothgallery	1297	fileadmin/s-maj/images/BilderMaja/1996EurokonAllg/btoMetSpiegel.jpg	live/event-organisation/eurokon/btoMetSpiegel.jpg	af2347bdd025abcd356a59b52e4e27842598188275c7349788badab57670d357	181710	True	performance
live	event-organisation	eurokon	935	Eurokon	1236	rgsmoothgallery	1304	fileadmin/s-maj/images/BilderMaja/1996EurokonAllg/btoMetExpo.jpg	live/event-organisation/eurokon/btoMetExpo.jpg	426286ece478cb5003d69662e083f155663f9e0cee092797863cc7103a0eb2a5	220093	True	performance
live	event-organisation	eurokon	935	Eurokon	1236	rgsmoothgallery	1305	fileadmin/s-maj/images/BilderMaja/1996EurokonAllg/btoMetBody.jpg	live/event-organisation/eurokon/btoMetBody.jpg	766850eb036722abfe5296e9d87a96452b71139567e9f62240202155b218996a	168432	True	performance
live	event-organisation	eurokon	935	Eurokon	1236	rgsmoothgallery	1300	fileadmin/s-maj/images/BilderMaja/1996EurokonAllg/btoMetSchmelze.jpg	live/event-organisation/eurokon/btoMetSchmelze.jpg	4347e2c40851f5a0dc6862c99050633de7345570527edc5ee5af44b6ca471f15	117115	True	performance
live	event-organisation	eurokon	935	Eurokon	1236	rgsmoothgallery	1299	fileadmin/s-maj/images/BilderMaja/1996EurokonAllg/btoMetArbeiterin.jpg	live/event-organisation/eurokon/btoMetArbeiterin.jpg	cc0c5ef8fb5a9e2509fc8e01049cb30a791714133ad7570561bc3af4e5def1d1	165402	True	performance
live	event-organisation	eurokon	935	Eurokon	1236	rgsmoothgallery	1311	fileadmin/s-maj/images/BilderMaja/1996EurokonAllg/ptomet2.jpg	live/event-organisation/eurokon/ptomet2.jpg	1cf3ab8581d68c7ee4629b7383082fc0c60355045ee80eef35c111f0fb014626	1211363	True	performance
live	event-organisation	eurokon	935	Eurokon	1236	rgsmoothgallery	1306	fileadmin/s-maj/images/BilderMaja/1996EurokonAllg/crew1.jpg	live/event-organisation/eurokon/crew1.jpg	d4c9a715cafdc97ff53ea366cab9ea8c3271e8881eb6bb40c4b627aff55f58fa	116028	True	performance
live	event-organisation	eurokon	935	Eurokon	1236	rgsmoothgallery	1308	fileadmin/s-maj/images/BilderMaja/1996EurokonAllg/novo4.jpg	live/event-organisation/eurokon/novo4.jpg	87468c3dc5b4875271282d7918c29c2de212ab1a25c07341966eca4089e94881	168138	True	performance
live	event-organisation	eurokon	935	Eurokon	1236	rgsmoothgallery	1309	fileadmin/s-maj/images/BilderMaja/1996EurokonAllg/novosibirsk1.jpg	live/event-organisation/eurokon/novosibirsk1.jpg	94e8ba67640f4cb0870a27f1dd82f89baa12e02a5ed3de2af80d88d3988e1e28	821509	True	performance
live	event-organisation	eurokon	935	Eurokon	1236	rgsmoothgallery	1296	fileadmin/s-maj/images/BilderMaja/1996EurokonAllg/paintingNovoSibirsk.jpg	live/event-organisation/eurokon/paintingNovoSibirsk.jpg	8c3ebaf5994cb44dcf7ea932b193084e9dd9301010d8bc41b5b7a007db49d5d8	851845	True	performance
live	event-organisation	eurokon	935	Eurokon	1236	rgsmoothgallery	1298	fileadmin/s-maj/images/BilderMaja/1996EurokonAllg/NovoExpo.jpg	live/event-organisation/eurokon/NovoExpo.jpg	010e425280853adab7cc03dfd6025f67dc6708e556efac13d3fae9a386391289	180113	True	performance
hidden	sculptural-work	xix	943	XIX	1250	rgsmoothgallery	1318	fileadmin/s-maj/images/BilderMaja/1996EurokonXiX/nagelskizzebe.jpg	hidden/sculptural-work/xix/nagelskizzebe.jpg	a2ae2c948bbea3affd5145f84e692ba82ae79f7f7ae38437510781cd188ba3c3	189452	True	sculptures-or-installations
live	event-organisation	eurokon	935	Eurokon	1236	rgsmoothgallery	1303	fileadmin/s-maj/images/BilderMaja/1996EurokonAllg/novo3.jpg	live/event-organisation/eurokon/novo3.jpg	5246535585b5f9db80849a68fb932443a721b0fbc0de11048f700e81dd29bdde	159399	True	performance
hidden	sculptural-work	xix	943	XIX	1250	rgsmoothgallery	1342	fileadmin/s-maj/images/BilderMaja/1996EurokonXiX/5Torso.jpg	hidden/sculptural-work/xix/5Torso.jpg	d2d27c82fd4518487d47c6bdb1d9bc535c68ed034c451c108392009d1ebf7519	114157	True	sculptures-or-installations
hidden	sculptural-work	xix	943	XIX	1250	rgsmoothgallery	1326	fileadmin/s-maj/images/BilderMaja/1996EurokonXiX/11torso.jpg	hidden/sculptural-work/xix/11torso.jpg	d980e00e0921806483e9eaf927ef434d3ba2648d81edd24212c0ec33d9eba9bf	172761	True	sculptures-or-installations
hidden	sculptural-work	xix	943	XIX	1250	rgsmoothgallery	1322	fileadmin/s-maj/images/BilderMaja/1996EurokonXiX/10Torso.jpg	hidden/sculptural-work/xix/10Torso.jpg	7112afcaaecce388d9bb531d3884097397b4d335d612a39f204e4de00f63145f	129453	True	sculptures-or-installations
hidden	sculptural-work	xix	943	XIX	1250	rgsmoothgallery	1331	fileadmin/s-maj/images/BilderMaja/1996EurokonXiX/7Torso.jpg	hidden/sculptural-work/xix/7Torso.jpg	ad20b70242d57fe5ceb34ef9cf4ca813941b74943220664174495edb9a0ee3b6	141767	True	sculptures-or-installations
hidden	sculptural-work	xix	943	XIX	1250	rgsmoothgallery	1320	fileadmin/s-maj/images/BilderMaja/1996EurokonXiX/4torso.jpg	hidden/sculptural-work/xix/4torso.jpg	817834361543e19968334277510ea1f1c803babedfdc753b30c83546f565e75b	210326	True	sculptures-or-installations
hidden	sculptural-work	xix	943	XIX	1250	rgsmoothgallery	1332	fileadmin/s-maj/images/BilderMaja/1996EurokonXiX/arbeit.jpg	hidden/sculptural-work/xix/arbeit.jpg	9377cd34834b74c435804128e01fe5ec02c9df5beea3af941198dec1b18243d2	168806	True	sculptures-or-installations
hidden	sculptural-work	xix	943	XIX	1250	rgsmoothgallery	1316	fileadmin/s-maj/images/BilderMaja/1996EurokonXiX/ruadler.jpg	hidden/sculptural-work/xix/ruadler.jpg	03ac7c0345b57864536e5e142b203a53906a57d4cef5cd615148cc6991352afe	147553	True	sculptures-or-installations
hidden	sculptural-work	xix	943	XIX	1250	rgsmoothgallery	1319	fileadmin/s-maj/images/BilderMaja/1996EurokonXiX/novo2.jpg	hidden/sculptural-work/xix/novo2.jpg	77155e6b863e141b530f93062edebda55163d3704c93b5e607606948955a4055	189440	True	sculptures-or-installations
hidden	sculptural-work	xix	943	XIX	1250	rgsmoothgallery	1341	fileadmin/s-maj/images/BilderMaja/1996EurokonXiX/NovoEagle.jpg	hidden/sculptural-work/xix/NovoEagle.jpg	d58bb48aee488140a2f47cb2c22f4cd98b87a58711ed64d6cd06185aadf9248c	114602	True	sculptures-or-installations
hidden	sculptural-work	xix	943	XIX	1250	rgsmoothgallery	1336	fileadmin/s-maj/images/BilderMaja/1996EurokonXiX/1Eagle.jpg	hidden/sculptural-work/xix/1Eagle.jpg	f97ec352edbc605f6545ae8576f52a38fdb81a80bc00cf3ac25bc9b2a0b7ce47	125381	True	sculptures-or-installations
hidden	sculptural-work	xix	943	XIX	1250	rgsmoothgallery	1315	fileadmin/s-maj/images/BilderMaja/1996EurokonXiX/adler1.jpg	hidden/sculptural-work/xix/adler1.jpg	abc6472c85b43b27f6e95a6967438b46253183c3e2f32014e96a263187246b62	296363	True	sculptures-or-installations
hidden	sculptural-work	xix	943	XIX	1250	rgsmoothgallery	1328	fileadmin/s-maj/images/BilderMaja/1996EurokonXiX/NovoExpo.jpg	hidden/sculptural-work/xix/NovoExpo.jpg	010e425280853adab7cc03dfd6025f67dc6708e556efac13d3fae9a386391289	180113	True	sculptures-or-installations
live	performance	casino-gitano	933	Casino Gitano	1231	rgsmoothgallery	1361	fileadmin/s-maj/images/BilderMaja/2003CasinoGitano/franki.jpg	live/performance/casino-gitano/franki.jpg	b2ec768e03c6b382c8b6b97fb4b8bf7960160f44f0fe077c94f071de16e6fab3	188669	True	performance
live	performance	casino-gitano	933	Casino Gitano	1231	rgsmoothgallery	1366	fileadmin/s-maj/images/BilderMaja/2003CasinoGitano/ullithierryholger.jpg	live/performance/casino-gitano/ullithierryholger.jpg	29fb42d038b29bfa86b428214a5b8556f54159e033734c876a82e1c4e54f132e	217316	True	performance
live	performance	casino-gitano	933	Casino Gitano	1231	rgsmoothgallery	1371	fileadmin/s-maj/images/BilderMaja/2003CasinoGitano/publikum.jpg	live/performance/casino-gitano/publikum.jpg	61411417dbf126b10ddab4146d92946afad0647e5f5860e3a6d2f8d294a64186	224943	True	performance
live	performance	casino-gitano	933	Casino Gitano	1231	rgsmoothgallery	1372	fileadmin/s-maj/images/BilderMaja/2003CasinoGitano/hannaFramed.jpg	live/performance/casino-gitano/hannaFramed.jpg	9d9d966279d360d174f7a23e5c4f2e00018590d37e58486fd450a61f45b45681	128994	True	performance
live	sculptural-work	dorfbachschiff	942	Dorfbachschiff	1249	rgsmoothgallery	1376	fileadmin/s-maj/images/BilderMaja/1998Dorfbachschiff/S5.jpg	live/sculptural-work/dorfbachschiff/S5.jpg	9836e61fb429fecc4840f09eff3f97c728a9e407a30df76e5b6371772115eeab	90178	True	sculptures-or-installations
live	performance	casino-gitano	933	Casino Gitano	1231	rgsmoothgallery	1364	fileadmin/s-maj/images/BilderMaja/2003CasinoGitano/hanna2.jpg	live/performance/casino-gitano/hanna2.jpg	e1decabac3f116717c41756e37f977c65e85c761d617609ca43380204c7705b3	162435	True	performance
live	performance	casino-gitano	933	Casino Gitano	1231	rgsmoothgallery	1355	fileadmin/s-maj/images/BilderMaja/2003CasinoGitano/legs.jpg	live/performance/casino-gitano/legs.jpg	927c2cc4ea37570b6802032e7977d5060c135085e03747729ac4213931af9970	198087	True	performance
live	sculptural-work	dorfbachschiff	942	Dorfbachschiff	1249	rgsmoothgallery	1377	fileadmin/s-maj/images/BilderMaja/1998Dorfbachschiff/S6.jpg	live/sculptural-work/dorfbachschiff/S6.jpg	2c85a5228509eb2561fbfcc81ea93e14d594fc053663a117629a8ae7441ae2a9	111053	True	sculptures-or-installations
live	collaborations	wheel-of-power	946	Wheel of Power	1253	rgsmoothgallery	1384	fileadmin/s-maj/images/BilderMaja/2007WheelOfPower/22-june-_224_.jpg	live/collaborations/wheel-of-power/22-june-_224_.jpg	4af92346931b38d4151f51f918a1c1f439353050e29821d9fcdc23854df495b4	83488	True	UNMAPPED
live	collaborations	wheel-of-power	946	Wheel of Power	1253	rgsmoothgallery	1386	fileadmin/s-maj/images/BilderMaja/2007WheelOfPower/21-juni-2007-_260_.jpg	live/collaborations/wheel-of-power/21-juni-2007-_260_.jpg	c1b9e626e1dddf9c0ccd3a22ccd29cc396c682c116acfb887320f67569c9c71e	137580	True	UNMAPPED
live	collaborations	wheel-of-power	946	Wheel of Power	1253	rgsmoothgallery	1397	fileadmin/s-maj/images/BilderMaja/2007WheelOfPower/IMG_1078.jpg	live/collaborations/wheel-of-power/IMG_1078.jpg	240b367a4f01b7ddc08cbb3b978586663960ca67f1e28565bcccde5aad267f7b	113898	True	UNMAPPED
live	collaborations	wheel-of-power	946	Wheel of Power	1253	rgsmoothgallery	1381	fileadmin/s-maj/images/BilderMaja/2007WheelOfPower/21-juni-2007-_129_.jpg	live/collaborations/wheel-of-power/21-juni-2007-_129_.jpg	44d4289f82d9ce8c5117aca4d81fed08d8a8c5db802735fde40dab1852aa2638	226567	True	UNMAPPED
live	collaborations	wheel-of-power	946	Wheel of Power	1253	rgsmoothgallery	1396	fileadmin/s-maj/images/BilderMaja/2007WheelOfPower/IMG_1069.jpg	live/collaborations/wheel-of-power/IMG_1069.jpg	80559bffb339fca32b0ea4fe8a3e962fae7aed7adee293a65ef7ceb45096c139	225298	True	UNMAPPED
live	collaborations	wheel-of-power	946	Wheel of Power	1253	rgsmoothgallery	1379	fileadmin/s-maj/images/BilderMaja/2007WheelOfPower/IMG_1066.jpg	live/collaborations/wheel-of-power/IMG_1066.jpg	7f1116a4954bfc4be212363f6b9c4cfb8b64dd556e7e6390a6bccc8c0dcef82f	235980	True	UNMAPPED
live	collaborations	wheel-of-power	946	Wheel of Power	1253	rgsmoothgallery	1395	fileadmin/s-maj/images/BilderMaja/2007WheelOfPower/zaterdag-performance-013-cr.jpg	live/collaborations/wheel-of-power/zaterdag-performance-013-cr.jpg	a7f0ff5c9bb78d200b451802542e30b334821579620a626539e50cbeceb50bf6	154168	True	UNMAPPED
live	collaborations	wheel-of-power	946	Wheel of Power	1253	rgsmoothgallery	1394	fileadmin/s-maj/images/BilderMaja/2007WheelOfPower/premiere-066.jpg	live/collaborations/wheel-of-power/premiere-066.jpg	dcb906d6382c5aa86e2b269eb3c102794f9db7594b8c8a1aa4233298ea0ae146	239186	True	UNMAPPED
live	collaborations	wheel-of-power	946	Wheel of Power	1253	rgsmoothgallery	1393	fileadmin/s-maj/images/BilderMaja/2007WheelOfPower/premiere-115.jpg	live/collaborations/wheel-of-power/premiere-115.jpg	ea82343fa64141e33320adc6b961d40fe753b954480785623cd7a463b9ab6539	130280	True	UNMAPPED
live	collaborations	wheel-of-power	946	Wheel of Power	1253	rgsmoothgallery	1392	fileadmin/s-maj/images/BilderMaja/2007WheelOfPower/saturday-28-juli-025-crop.jpg	live/collaborations/wheel-of-power/saturday-28-juli-025-crop.jpg	9e4a24ac53200c6e088a61a36a75ab3cc53019d820d9f15866427b9b03361d6d	111902	True	UNMAPPED
live	collaborations	wheel-of-power	946	Wheel of Power	1253	rgsmoothgallery	1391	fileadmin/s-maj/images/BilderMaja/2007WheelOfPower/sundayevening-377-bew.jpg	live/collaborations/wheel-of-power/sundayevening-377-bew.jpg	6492b3b96668ecc01cbf474f7970462e21ca8362511d0a2f2c2aab6bcb8e9e5c	167521	True	UNMAPPED
live	collaborations	wheel-of-power	946	Wheel of Power	1253	rgsmoothgallery	1389	fileadmin/s-maj/images/BilderMaja/2007WheelOfPower/thursday-034.jpg	live/collaborations/wheel-of-power/thursday-034.jpg	b15ae41438ac66d0dd279d71144f4384e66a495a1e940a62daf96b17dc2f051b	178014	True	UNMAPPED
live	collaborations	wheel-of-power	946	Wheel of Power	1253	rgsmoothgallery	1388	fileadmin/s-maj/images/BilderMaja/2007WheelOfPower/21-june-01-_111_.jpg	live/collaborations/wheel-of-power/21-june-01-_111_.jpg	a2046deec8e270b05db2474a67d847930d620e56489adf612f3b09a6852ee079	70758	True	UNMAPPED
live	collaborations	wheel-of-power	946	Wheel of Power	1253	rgsmoothgallery	1387	fileadmin/s-maj/images/BilderMaja/2007WheelOfPower/premiere-086.jpg	live/collaborations/wheel-of-power/premiere-086.jpg	c64cc6beda4b04bbfbea7d09ba97a237baa5facab3b95257efb85e0cca329f69	213875	True	UNMAPPED
live	possibilities	breath-under-water	924	Breath Under Water	1216	rgsmoothgallery	1412	fileadmin/s-maj/images/BilderMaja/2005TheWhale/model_1-10_persp_.jpg	live/possibilities/breath-under-water/model_1-10_persp_.jpg	86924cb3db05f835b71f955a923e5243ef271d44c505dff39c863373ea82f2b3	86005	True	UNMAPPED
live	collaborations	hand-of-man	945	Hand of Man	1252	rgsmoothgallery	1743	fileadmin/s-maj/images/BilderMaja/2007 handofman/orgn2.jpg	live/collaborations/hand-of-man/orgn2.jpg	c614029504d8cd56ea6b45d5ae9580c29661789e9533ae99086a4b9e2f16cf51	284757	True	UNMAPPED
live	collaborations	hand-of-man	945	Hand of Man	1252	rgsmoothgallery	1745	fileadmin/s-maj/images/BilderMaja/2007 handofman/car9.jpg	live/collaborations/hand-of-man/car9.jpg	740e1c79b346dfb974c76f9669249c965232ef4138bf37d518356f9cad0e58da	227094	True	UNMAPPED
live	sculptural-work	car-wreck	1027	Car Wreck	1483	rgsmoothgallery	2061	fileadmin/s-maj/images/BilderMaja/2009carwreck/odonien0001.jpg	live/sculptural-work/car-wreck/odonien0001.jpg	60ec73865b053d9e196df9ef4767c9827e742f320b2133278cb220a614114bd3	452934	True	sculptures-or-installations
live	possibilities	breath-under-water	924	Breath Under Water	1216	rgsmoothgallery	1418	fileadmin/s-maj/images/BilderMaja/2005TheWhale/workState1_100.jpg	live/possibilities/breath-under-water/workState1_100.jpg	301fe9c07244d3e9a861849d243e27c28379d9b9a06bb1211b2a7aa5c29b1a57	32494	True	UNMAPPED
live	collaborations	hand-of-man	945	Hand of Man	1252	rgsmoothgallery	1754	fileadmin/s-maj/images/BilderMaja/2007 handofman/orgn1.jpg	live/collaborations/hand-of-man/orgn1.jpg	d1d13c7e478bba2827dafe8b7adaad2d8fbf9df3a1107a2ea2622f0b82fe6a7b	232092	True	UNMAPPED
live	paper-work	concept-illustration	923	Concept Illustration	1209	rgsmoothgallery	1440	fileadmin/s-maj/images/BilderMaja/concepts/Lampen2.jpg	live/paper-work/concept-illustration/Lampen2.jpg	3ffb6bf742f94e988c97d0cc0a92512f48094d2e7409e3295a054fc0d71f5383	155946	True	paintings
live	sculptural-work	car-wreck	1027	Car Wreck	1483	rgsmoothgallery	2064	fileadmin/s-maj/images/BilderMaja/2009carwreck/odonien0004.jpg	live/sculptural-work/car-wreck/odonien0004.jpg	dc2ab050263a64b3bcafa0be6e2bbc03a59c88375f354d5c50ba861b8341d17a	373787	True	sculptures-or-installations
live	possibilities	breath-under-water	924	Breath Under Water	1216	rgsmoothgallery	1417	fileadmin/s-maj/images/BilderMaja/2005TheWhale/Muscle_studies.jpg	live/possibilities/breath-under-water/Muscle_studies.jpg	8eebafac7d49f1f42d29439727b9b1041c5a5b82b88734d8a18224732acc0623	206881	True	UNMAPPED
live	sculptural-work	duschfass	1034	Duschfass	1497	rgsmoothgallery	2090	fileadmin/s-maj/images/BilderMaja/2010duschfass/CIMG1253.jpg	live/sculptural-work/duschfass/CIMG1253.jpg	c204a6d32e13baaaa1676cb1aa3bdf656cb264f4a95bb7ca26d4bd0f35d3b0ac	196771	True	sculptures-or-installations
live	possibilities	breath-under-water	924	Breath Under Water	1216	rgsmoothgallery	1414	fileadmin/s-maj/images/BilderMaja/2005TheWhale/persp_backback.jpg	live/possibilities/breath-under-water/persp_backback.jpg	d10d2099386a24ceab97036c6863abcd55a492c26213e7d7e9b61dbb38b99623	65479	True	UNMAPPED
live	possibilities	breath-under-water	924	Breath Under Water	1216	rgsmoothgallery	1408	fileadmin/s-maj/images/BilderMaja/2005TheWhale/up_far.jpg	live/possibilities/breath-under-water/up_far.jpg	7ee30911cacc139ac5a030fdcbc3869bd465e00d4241c8db06c2652060fd5fda	45036	True	UNMAPPED
live	possibilities	breath-under-water	924	Breath Under Water	1216	rgsmoothgallery	1415	fileadmin/s-maj/images/BilderMaja/2005TheWhale/desertframe.jpg	live/possibilities/breath-under-water/desertframe.jpg	dc2164c20655f3176a38b59e26b7edb513bd6d70a610fc86a56df1128461ff9d	68313	True	UNMAPPED
live	possibilities	breath-under-water	924	Breath Under Water	1216	rgsmoothgallery	1404	fileadmin/s-maj/images/BilderMaja/2005TheWhale/whale-model-med__.jpg	live/possibilities/breath-under-water/whale-model-med__.jpg	51ad3db6dca9163dbee6a3fff02697df2fd4076b28332f8735b4c95043eba762	45344	True	UNMAPPED
live	possibilities	breath-under-water	924	Breath Under Water	1216	rgsmoothgallery	1436	fileadmin/s-maj/images/BilderMaja/2005TheWhale/Totaleauschnit1DOKU.jpg	live/possibilities/breath-under-water/Totaleauschnit1DOKU.jpg	6921044d3e971e1fdc62fbc5911fa846464a8aec6909ea6899b9edd1c1ed6c93	141752	True	UNMAPPED
live	possibilities	breath-under-water	924	Breath Under Water	1216	rgsmoothgallery	1424	fileadmin/s-maj/images/BilderMaja/2005TheWhale/Totaleauschnit2DOKU.jpg	live/possibilities/breath-under-water/Totaleauschnit2DOKU.jpg	97e1891146fc9d72514da38cecd334bb2dc30c46333cebf8168741117e79fd08	127391	True	UNMAPPED
live	sculptural-work	duschfass	1034	Duschfass	1497	rgsmoothgallery	2089	fileadmin/s-maj/images/BilderMaja/2010duschfass/CIMG1248.jpg	live/sculptural-work/duschfass/CIMG1248.jpg	0490f975510c352adc02985f9a0448a85c354e3e1032867d9f3f6f892fe93d94	606352	True	sculptures-or-installations
live	possibilities	breath-under-water	924	Breath Under Water	1216	rgsmoothgallery	686	fileadmin/s-maj/images/BilderMaja/2005TheWhale/model2.jpg	live/possibilities/breath-under-water/model2.jpg	59f128b08ac1d801522e71138caabaf58872a7338410fe30f929e7c93c06529a	152749	True	UNMAPPED
hidden	sculptural-work	sculptures	1039	Sculptures	1507	rgsmoothgallery	910	fileadmin/s-maj/images/BilderMaja/2008soldierErico/head5.jpg	hidden/sculptural-work/sculptures/head5.jpg	576a251adcd21d744acaf438b7c5bebf20fa992c1d8687e12dbac9c3fdcd90b0	303713	True	sculptures-or-installations
live	possibilities	breath-under-water	924	Breath Under Water	1216	rgsmoothgallery	2050	fileadmin/s-maj/images/BilderMaja/2005TheWhale/mess2.jpg	live/possibilities/breath-under-water/mess2.jpg	5f2edc782d8d54eab1c3a7339d3c0b822b456234d3283c396f79644e43be47ee	72070	True	UNMAPPED
live	sculptural-work	car-wreck	1027	Car Wreck	1483	rgsmoothgallery	2063	fileadmin/s-maj/images/BilderMaja/2009carwreck/odonien0003.jpg	live/sculptural-work/car-wreck/odonien0003.jpg	0657150a7a380ad24dd8f14a743727bc3070f086054979c6f660bab1c84a57de	477371	True	sculptures-or-installations
live	possibilities	breath-under-water	924	Breath Under Water	1216	rgsmoothgallery	2054	fileadmin/s-maj/images/BilderMaja/2005TheWhale/Flyer.jpg	live/possibilities/breath-under-water/Flyer.jpg	bb48b0c231895f4833227cb921988fb53c770d792c83fdb6287d905639f9ee78	395749	True	UNMAPPED
live	possibilities	breath-under-water	924	Breath Under Water	1216	rgsmoothgallery	679	fileadmin/s-maj/images/BilderMaja/2005TheWhale/entranceBack.jpg	live/possibilities/breath-under-water/entranceBack.jpg	436360fb6ee078cdb00a4be61cb4a8ef5929bf1895cc013286580499ad11af73	100704	True	UNMAPPED
live	possibilities	breath-under-water	924	Breath Under Water	1216	rgsmoothgallery	2053	fileadmin/s-maj/images/BilderMaja/2005TheWhale/bigandsmall_threegrey.jpg	live/possibilities/breath-under-water/bigandsmall_threegrey.jpg	7ad47cf8c798bbf592939e090a8056d7fa11aaf312dfa2cf4d9a2161747dc66a	34513	True	UNMAPPED
live	possibilities	breath-under-water	924	Breath Under Water	1216	rgsmoothgallery	1420	fileadmin/s-maj/images/BilderMaja/2005TheWhale/form_studies22.jpg	live/possibilities/breath-under-water/form_studies22.jpg	4a8cb183a760a4b6b016f601c640cfea328e59cb07bb7cf8046147245d13d625	84380	True	UNMAPPED
live	possibilities	breath-under-water	924	Breath Under Water	1216	rgsmoothgallery	1435	fileadmin/s-maj/images/BilderMaja/2005TheWhale/nearbackview.jpg	live/possibilities/breath-under-water/nearbackview.jpg	ba8a36b4626a5c854043ab5d3e051b136bd1663c26cec06ed217e3d54d2a0aff	68513	True	UNMAPPED
live	possibilities	breath-under-water	924	Breath Under Water	1216	rgsmoothgallery	1430	fileadmin/s-maj/images/BilderMaja/2005TheWhale/nightvision.jpg	live/possibilities/breath-under-water/nightvision.jpg	f5ab419f30881b71b400182f6426bf76f41f9302be3d3934cb35f0b94c4f79d9	26508	True	UNMAPPED
live	possibilities	breath-under-water	924	Breath Under Water	1216	rgsmoothgallery	1425	fileadmin/s-maj/images/BilderMaja/2005TheWhale/newyork.jpg	live/possibilities/breath-under-water/newyork.jpg	177eb4431282af34822314972dd356c3df036e79267609757cd2eaade5890231	202481	True	UNMAPPED
live	paper-work	akwa	921	Akwa	1205	rgsmoothgallery	1551	fileadmin/s-maj/images/BilderMaja/2005Akwa/1page.jpg	live/paper-work/akwa/1page.jpg	cf4da79b25d4ad70b3b458c409adc2174a7faa87242b3e4d68b8a29d4517acbe	251708	True	paintings
live	paper-work	akwa	921	Akwa	1205	rgsmoothgallery	1552	fileadmin/s-maj/images/BilderMaja/2005Akwa/krebs2_1layer.jpg	live/paper-work/akwa/krebs2_1layer.jpg	1db7301c3b9daeaa80222718a27d4d43a2e7a543274e091995c4f16c4d0856fb	134984	True	paintings
live	paper-work	akwa	921	Akwa	1205	rgsmoothgallery	1553	fileadmin/s-maj/images/BilderMaja/2005Akwa/krebs11.jpg	live/paper-work/akwa/krebs11.jpg	9dc503bfd80a62bb55144e78d153c4b6dd7f6615411768867cf07e597592aef6	135213	True	paintings
live	paper-work	akwa	921	Akwa	1205	rgsmoothgallery	1554	fileadmin/s-maj/images/BilderMaja/2005Akwa/krebs31layer.jpg	live/paper-work/akwa/krebs31layer.jpg	ec48088b4685841da86419dc7ede9405b5ac6b22f757a9f5a7a62638c0e568a7	124226	True	paintings
hidden	sculptural-work	jurabird	996	Jurabird	1360	rgsmoothgallery	1763	fileadmin/s-maj/images/BilderMaja/2008juraBird/DSC04218.jpg	hidden/sculptural-work/jurabird/DSC04218.jpg	d7ba8749cb60c815179ea6bd6b053e8e414adbc6fe690d70825e52f9a82bd620	166089	True	sculptures-or-installations
live	collaborations	throne	994	Throne	1356	rgsmoothgallery	1563	fileadmin/s-maj/images/BilderMaja/2008tcc/IMG_1392-1.jpg	live/collaborations/throne/IMG_1392-1.jpg	1d82f9d5ec9543cd166b77d7b875927bf557b0c41e783c64fa5b9346bd344b4f	352719	True	UNMAPPED
live	sculptural-work	soldier	995	Soldier	1358	rgsmoothgallery	910	fileadmin/s-maj/images/BilderMaja/2008soldierErico/head5.jpg	live/sculptural-work/soldier/head5.jpg	576a251adcd21d744acaf438b7c5bebf20fa992c1d8687e12dbac9c3fdcd90b0	303713	True	sculptures-or-installations
hidden	sculptural-work	jurabird	996	Jurabird	1360	rgsmoothgallery	931	fileadmin/s-maj/images/BilderMaja/2008juraBird/kraehe.jpg	hidden/sculptural-work/jurabird/kraehe.jpg	5188bc0dee623685e41aa4f3e3ae9bfafd79ee0278cac5a03e93e1ddf45c854c	385119	True	sculptures-or-installations
live	sculptural-work	vulture	998	Vulture	1364	rgsmoothgallery	920	fileadmin/s-maj/images/BilderMaja/2008geier/geierSW.jpg	live/sculptural-work/vulture/geierSW.jpg	d410780ebf37306d7ed868706a3304b3bb2009eb83d078b541a7df0219bd2d9f	317772	True	sculptures-or-installations
live	sculptural-work	lizard	999	Lizard	1366	rgsmoothgallery	1099	fileadmin/s-maj/images/BilderMaja/2007WheelOfPower/22_june__170_.jpg	live/sculptural-work/lizard/22_june__170_.jpg	4305ed0beaa68cbe197d4fc71216aa6f2d6a26f4678ebddada3066e95f6f6250	790785	True	sculptures-or-installations
live	sculptural-work	crows	1000	Crows	1368	rgsmoothgallery	1110	fileadmin/s-maj/images/BilderMaja/2007WheelOfPower/20_june_07__134_.jpg	live/sculptural-work/crows/20_june_07__134_.jpg	8e455f413c300ccc3ea332c2304967e25a7bc77ce25cb4447ef6ad70c20fa0cd	306949	True	sculptures-or-installations
live	sculptural-work	crows	1000	Crows	1368	rgsmoothgallery	1122	fileadmin/s-maj/images/BilderMaja/2007WheelOfPower/23_juni__11_.jpg	live/sculptural-work/crows/23_juni__11_.jpg	1fba28f27f109d3114575266bdd2473103dc4578f07e2fcd74cc488a8df0b56b	288411	True	sculptures-or-installations
live	sculptural-work	crows	1000	Crows	1368	rgsmoothgallery	1117	fileadmin/s-maj/images/BilderMaja/2007WheelOfPower/31_july__42_.jpg	live/sculptural-work/crows/31_july__42_.jpg	279bb23f79c0e86b008137d94ffb50cb19886c6209cdbe4b69926ca5e9163b8e	615702	True	sculptures-or-installations
live	sculptural-work	lizard	999	Lizard	1366	rgsmoothgallery	1118	fileadmin/s-maj/images/BilderMaja/2007WheelOfPower/23_juni__12_.jpg	live/sculptural-work/lizard/23_juni__12_.jpg	a95bd1d808af65a966687f0332919cf5c19e17458c4df78a89abe6abd060ab3d	751761	True	sculptures-or-installations
live	sculptural-work	vulture	998	Vulture	1364	rgsmoothgallery	925	fileadmin/s-maj/images/BilderMaja/2008geier/geierDrin1.jpg	live/sculptural-work/vulture/geierDrin1.jpg	c53715ef2e4276ead2510e82eec3fe42d100c1f51f9b53d07da45fa9d6807754	601690	True	sculptures-or-installations
hidden	sculptural-work	jurabird	996	Jurabird	1360	rgsmoothgallery	933	fileadmin/s-maj/images/BilderMaja/2008juraBird/head1.jpg	hidden/sculptural-work/jurabird/head1.jpg	7231303336561d93d17c9bb1db5d7afe0bcb2f8d775eb99b2e68d4f56716fac8	731948	True	sculptures-or-installations
live	sculptural-work	vulture	998	Vulture	1364	rgsmoothgallery	922	fileadmin/s-maj/images/BilderMaja/2008geier/geierDrin.jpg	live/sculptural-work/vulture/geierDrin.jpg	ad550923aebf8f5b8fd21062fee3dc238576181fda4c89cf398769db6f93f6e4	676743	True	sculptures-or-installations
live	sculptural-work	vulture	998	Vulture	1364	rgsmoothgallery	928	fileadmin/s-maj/images/BilderMaja/2008geier/cv1.JPG	live/sculptural-work/vulture/cv1.JPG	ffa5f6d06adde1250fe07bde70b79d230f3fe098e8d91d5c180fc91b149886cd	580153	True	sculptures-or-installations
live	sculptural-work	vulture	998	Vulture	1364	rgsmoothgallery	926	fileadmin/s-maj/images/BilderMaja/2008geier/vulturebackshot.JPG	live/sculptural-work/vulture/vulturebackshot.JPG	9e06c84e979fa3522e3ed76cdc3d07e0806955a4113e7a740a64453ae6950df6	577480	True	sculptures-or-installations
live	sculptural-work	vulture	998	Vulture	1364	rgsmoothgallery	927	fileadmin/s-maj/images/BilderMaja/2008geier/geier1.jpg	live/sculptural-work/vulture/geier1.jpg	d7b8c9ea513d394d581a75a9cb6c6076788caa13a870b29e009b5d1b920aa9ad	494082	True	sculptures-or-installations
live	sculptural-work	vulture	998	Vulture	1364	rgsmoothgallery	924	fileadmin/s-maj/images/BilderMaja/2008geier/vultureonbg.JPG	live/sculptural-work/vulture/vultureonbg.JPG	4e00ad22bea88e1f77e99fd1671c567a170a42011f0eaf7ef5143d4041b38706	533824	True	sculptures-or-installations
live	sculptural-work	vulture	998	Vulture	1364	rgsmoothgallery	923	fileadmin/s-maj/images/BilderMaja/2008geier/cv6.JPG	live/sculptural-work/vulture/cv6.JPG	3f223451124a7f19c5edd778b03d46b5362e51573b028696b70c8e4ef14ac6ea	218127	True	sculptures-or-installations
live	sculptural-work	vulture	998	Vulture	1364	rgsmoothgallery	921	fileadmin/s-maj/images/BilderMaja/2008geier/jamon.JPG	live/sculptural-work/vulture/jamon.JPG	b96456b50ced7a6e18156bad07d28215b6be0b8f9c523147d93149952ea7d9c3	757975	True	sculptures-or-installations
hidden	sculptural-work	jurabird	996	Jurabird	1360	rgsmoothgallery	934	fileadmin/s-maj/images/BilderMaja/2008juraBird/bird2.jpg	hidden/sculptural-work/jurabird/bird2.jpg	2cca5265322c2ad87c3e595eb7a91f87805b24a92180f3cb9e5577da287c6edf	604807	True	sculptures-or-installations
hidden	sculptural-work	jurabird	996	Jurabird	1360	rgsmoothgallery	936	fileadmin/s-maj/images/BilderMaja/2008juraBird/bird1.jpg	hidden/sculptural-work/jurabird/bird1.jpg	8008376e5b99d3a269bd4c483ee60288a727db1d65be0f699cefe625962163f5	522178	True	sculptures-or-installations
hidden	sculptural-work	jurabird	996	Jurabird	1360	rgsmoothgallery	935	fileadmin/s-maj/images/BilderMaja/2008juraBird/downunder.jpg	hidden/sculptural-work/jurabird/downunder.jpg	53d84447a8185331f8d696d7f79c257f2d2a1120589064bf3ff144b4895666ac	435803	True	sculptures-or-installations
hidden	sculptural-work	jurabird	996	Jurabird	1360	rgsmoothgallery	937	fileadmin/s-maj/images/BilderMaja/2008juraBird/head2.jpg	hidden/sculptural-work/jurabird/head2.jpg	0337bb4db7d8811579b42d75b596673373014471535a6653d7c0ca1059447746	750366	True	sculptures-or-installations
live	about	press	981	press	1455	rgsmoothgallery	1402	fileadmin/s-maj/images/BilderMaja/presse/2007_Mannheimer-Morgen.jpg	live/about/press/2007_Mannheimer-Morgen.jpg	51a0a0d08913da5294d69d7e8218d5d1fe5f799e0b8c9136cbd984dbba2b01ca	440688	True	
live	murals	felix-und-regula	918	Felix und Regula	1202	rgsmoothgallery	1775	fileadmin/s-maj/images/BilderMaja/1994muralsFassaden/1994FelixRegula/f11.jpg	live/murals/felix-und-regula/f11.jpg	8d565c3090a2585ff63ed78426b6fd286763933d40a2c24de9ff3bc4630d95ae	289030	True	paintings
live	sculptural-work	soldier	995	Soldier	1358	rgsmoothgallery	908	fileadmin/s-maj/images/BilderMaja/2008soldierErico/head3.jpg	live/sculptural-work/soldier/head3.jpg	f128940a3c5856452893e278da867a7b73d90809d44a48e924bc4ba2cfb94883	290487	True	sculptures-or-installations
live	sculptural-work	soldier	995	Soldier	1358	rgsmoothgallery	913	fileadmin/s-maj/images/BilderMaja/2008soldierErico/head4.jpg	live/sculptural-work/soldier/head4.jpg	5b27673d8ff78395f143ccd6d0b96ffcd1192b7f82d5971904ce25c194e31032	317656	True	sculptures-or-installations
live	sculptural-work	soldier	995	Soldier	1358	rgsmoothgallery	915	fileadmin/s-maj/images/BilderMaja/2008soldierErico/headf3.jpg	live/sculptural-work/soldier/headf3.jpg	c668f7260a13f24224410e89cc5e9cc0b146ce14b520319b15ec32e7841ac4f7	257727	True	sculptures-or-installations
live	sculptural-work	soldier	995	Soldier	1358	rgsmoothgallery	914	fileadmin/s-maj/images/BilderMaja/2008soldierErico/headf6.jpg	live/sculptural-work/soldier/headf6.jpg	d068ca2f6036d416529492c068d49cda3ac1bff402fe5e94cc79aedfa53b8032	235426	True	sculptures-or-installations
live	sculptural-work	soldier	995	Soldier	1358	rgsmoothgallery	906	fileadmin/s-maj/images/BilderMaja/2008soldierErico/headf1.jpg	live/sculptural-work/soldier/headf1.jpg	a5ebd5dd3123b5c85b8d78170b6bda94e2efaad6e206130b5d72d79c1037474f	277833	True	sculptures-or-installations
live	sculptural-work	soldier	995	Soldier	1358	rgsmoothgallery	911	fileadmin/s-maj/images/BilderMaja/2008soldierErico/headf5.jpg	live/sculptural-work/soldier/headf5.jpg	282af9100346f8596d0ebedaf4d908c0375972e6dc0c0bbfcd74ac3b1d6ff3ee	224606	True	sculptures-or-installations
live	sculptural-work	soldier	995	Soldier	1358	rgsmoothgallery	905	fileadmin/s-maj/images/BilderMaja/2008soldierErico/soldier2.jpg	live/sculptural-work/soldier/soldier2.jpg	c93dda818979dc71573c8ad4e8530f4a945165c7d84483656b8c8273d5ed23a6	439497	True	sculptures-or-installations
live	sculptural-work	soldier	995	Soldier	1358	rgsmoothgallery	918	fileadmin/s-maj/images/BilderMaja/2008soldierErico/soldier5.jpg	live/sculptural-work/soldier/soldier5.jpg	14fcdda738c310c7a95ff972f7e5c41e8c5a1b18b1a221e6d72a37a9ccaa82e4	363769	True	sculptures-or-installations
live	sculptural-work	soldier	995	Soldier	1358	rgsmoothgallery	912	fileadmin/s-maj/images/BilderMaja/2008soldierErico/soldier3.jpg	live/sculptural-work/soldier/soldier3.jpg	fa4fe307483a85845544873d8200887d587a48829e376c8a5c787ace7c47dfb2	620674	True	sculptures-or-installations
live	sculptural-work	soldier	995	Soldier	1358	rgsmoothgallery	907	fileadmin/s-maj/images/BilderMaja/2008soldierErico/soldier4.jpg	live/sculptural-work/soldier/soldier4.jpg	8c0ae64da3ad5573668986929f571c250ea733198d57f488036611b6be97a3e3	653159	True	sculptures-or-installations
live	sculptural-work	soldier	995	Soldier	1358	rgsmoothgallery	909	fileadmin/s-maj/images/BilderMaja/2008soldierErico/soldier.jpg	live/sculptural-work/soldier/soldier.jpg	93e46b15c2adad04843b045d314d49885105240f95ecaa62927f9068f06ed8e0	803878	True	sculptures-or-installations
live	sculptural-work	soldier	995	Soldier	1358	rgsmoothgallery	917	fileadmin/s-maj/images/BilderMaja/2008soldierErico/shield.jpg	live/sculptural-work/soldier/shield.jpg	9dc07a504c35f742baf9e0bb9f2f05334372f253afc38ca7cfab0c437024cdab	696874	True	sculptures-or-installations
live	sculptural-work	soldier	995	Soldier	1358	rgsmoothgallery	916	fileadmin/s-maj/images/BilderMaja/2008soldierErico/shield1.JPG	live/sculptural-work/soldier/shield1.JPG	35fb5726dfd6d62ac5d4f7d513fd052355c73cd930de353897deefde66364e4b	716775	True	sculptures-or-installations
live	collaborations	throne	994	Throne	1356	rgsmoothgallery	1564	fileadmin/s-maj/images/BilderMaja/2008tcc/IMG_1412.jpg	live/collaborations/throne/IMG_1412.jpg	977d95b92028389d9c6f0674e78980408e94d39bdc521b1d6b69eb12f656b82d	147328	True	UNMAPPED
live	collaborations	throne	994	Throne	1356	rgsmoothgallery	1569	fileadmin/s-maj/images/BilderMaja/2008tcc/IMG_1416.jpg	live/collaborations/throne/IMG_1416.jpg	261dfc1ba8fd3bfad918a55a9154d4e038d148050fa22932096d131bbfc1558a	163022	True	UNMAPPED
live	collaborations	throne	994	Throne	1356	rgsmoothgallery	1565	fileadmin/s-maj/images/BilderMaja/2008tcc/IMG_1402.jpg	live/collaborations/throne/IMG_1402.jpg	98cc12ec75b730a2f9bf16e70768bbafcf349fe3078850770c16dba953db1c1e	155366	True	UNMAPPED
live	collaborations	throne	994	Throne	1356	rgsmoothgallery	1568	fileadmin/s-maj/images/BilderMaja/2008tcc/IMG_1423.jpg	live/collaborations/throne/IMG_1423.jpg	c88630d484e9e57ed5df518e667a8a6732e0001d955445b5e867674c2c0b19cd	146050	True	UNMAPPED
live	sculptural-work	duschfass	1034	Duschfass	1497	rgsmoothgallery	2087	fileadmin/s-maj/images/BilderMaja/2010duschfass/CIMG1264.jpg	live/sculptural-work/duschfass/CIMG1264.jpg	31bc78fd31775b45dde776ce8ef033a14f05692997cbafd213265ed41b40e0bb	246551	True	sculptures-or-installations
live	collaborations	hand-of-man	945	Hand of Man	1252	rgsmoothgallery	1748	fileadmin/s-maj/images/BilderMaja/2007 handofman/hinworkshop.jpg	live/collaborations/hand-of-man/hinworkshop.jpg	7054a156e8d136d6663eadc705ad77b7dcd7b55960f408bd3bb665d99a130d10	259120	True	UNMAPPED
hidden	sculptural-work	whale	1002	Whale	1375	rgsmoothgallery	685	fileadmin/s-maj/images/BilderMaja/2005TheWhale/model3.jpg	hidden/sculptural-work/whale/model3.jpg	5337bd22eaaa8bfcdc5f726f76851e652bca8ad44d37b20da6fee77a670396bb	123471	True	sculptures-or-installations
hidden	sculptural-work	whale	1002	Whale	1375	rgsmoothgallery	686	fileadmin/s-maj/images/BilderMaja/2005TheWhale/model2.jpg	hidden/sculptural-work/whale/model2.jpg	59f128b08ac1d801522e71138caabaf58872a7338410fe30f929e7c93c06529a	152749	True	sculptures-or-installations
hidden	sculptural-work	whale	1002	Whale	1375	rgsmoothgallery	689	fileadmin/s-maj/images/BilderMaja/2005TheWhale/model1.jpg	hidden/sculptural-work/whale/model1.jpg	82db9c23448e68ff30854dc2d01a0ed31f4a1aab86e2d9546f311014155608bb	193957	True	sculptures-or-installations
hidden	sculptural-work	whale	1002	Whale	1375	rgsmoothgallery	1418	fileadmin/s-maj/images/BilderMaja/2005TheWhale/workState1_100.jpg	hidden/sculptural-work/whale/workState1_100.jpg	301fe9c07244d3e9a861849d243e27c28379d9b9a06bb1211b2a7aa5c29b1a57	32494	True	sculptures-or-installations
hidden	sculptural-work	whale	1002	Whale	1375	rgsmoothgallery	1409	fileadmin/s-maj/images/BilderMaja/2005TheWhale/side11.jpg	hidden/sculptural-work/whale/side11.jpg	a7205592fbfb2e3369d44986ef8b0d555042363d4229cf56b7fe73e9dad9de53	31679	True	sculptures-or-installations
hidden	sculptural-work	whale	1002	Whale	1375	rgsmoothgallery	1405	fileadmin/s-maj/images/BilderMaja/2005TheWhale/top1001-Kopie-2.jpg	hidden/sculptural-work/whale/top1001-Kopie-2.jpg	02e0eb79ee383ad40787997229d0f8f5ac0af0b249a4f07b083293557702c0c0	47273	True	sculptures-or-installations
hidden	sculptural-work	whale	1002	Whale	1375	rgsmoothgallery	1411	fileadmin/s-maj/images/BilderMaja/2005TheWhale/form32.jpg	hidden/sculptural-work/whale/form32.jpg	f24090ee98e39557464575699f0df015c33e48f8be7852a5c4b38ff724579c4a	41648	True	sculptures-or-installations
live	sculptural-work	kiss-machine	1003	Kiss Machine	1377	rgsmoothgallery	1109	fileadmin/s-maj/images/BilderMaja/2007WheelOfPower/21_juni_2007__193_.jpg	live/sculptural-work/kiss-machine/21_juni_2007__193_.jpg	ae00889fe13c937211ae315ef687b1906cac546eec155eb22eb64fee7210c5e8	720304	True	sculptures-or-installations
live	sculptural-work	kiss-machine	1003	Kiss Machine	1377	rgsmoothgallery	1112	fileadmin/s-maj/images/BilderMaja/2007WheelOfPower/thursday_512.jpg	live/sculptural-work/kiss-machine/thursday_512.jpg	52138d42e7eb7f7a4a38f4dd46a67b0e4bde66eb338f31a0d942f811dd83b20d	653180	True	sculptures-or-installations
live	sculptural-work	kiss-machine	1003	Kiss Machine	1377	rgsmoothgallery	1111	fileadmin/s-maj/images/BilderMaja/2007WheelOfPower/zaterdag_performance_188.jpg	live/sculptural-work/kiss-machine/zaterdag_performance_188.jpg	cbd8877fff7b110e87de239afe683592ca302120c4f73ac0edb9c6ab44786529	657538	True	sculptures-or-installations
live	sculptural-work	kiss-machine	1003	Kiss Machine	1377	rgsmoothgallery	1107	fileadmin/s-maj/images/BilderMaja/2007WheelOfPower/zaterdag_performance_187.jpg	live/sculptural-work/kiss-machine/zaterdag_performance_187.jpg	719bc6e4099fd6aa2cc21f4fccd2d3fe17d20fb3f3b03867f32c127400e95b10	582348	True	sculptures-or-installations
live	sculptural-work	kiss-machine	1003	Kiss Machine	1377	rgsmoothgallery	1104	fileadmin/s-maj/images/BilderMaja/2007WheelOfPower/zaterdag_performance_192.jpg	live/sculptural-work/kiss-machine/zaterdag_performance_192.jpg	9aca1a637433916b75191a3aedf0bcba6a3a7736a33d06508a2235207274e374	713908	True	sculptures-or-installations
live	sculptural-work	olympic-machine	1014	Olympic Machine	1401	rgsmoothgallery	1587	fileadmin/s-maj/images/BilderMaja/2007WheelOfPower/sundayevening_387_01.jpg	live/sculptural-work/olympic-machine/sundayevening_387_01.jpg	77bc8dde2ab64d4ae0321562653f40fbff81c9a9f748e4b722b0ed926a95c45a	716454	True	sculptures-or-installations
hidden	sculptural-work	bird-couple	1001	Bird Couple	1373	rgsmoothgallery	1759	fileadmin/s-maj/images/BilderMaja/2009vogelpaar/Vogelpaar6.jpg	hidden/sculptural-work/bird-couple/Vogelpaar6.jpg	0024623e3e45d41716fff4a806d40157b4b838b7095d20f76338b2cc6739a22e	164839	True	sculptures-or-installations
live	sculptural-work	kiss-machine	1003	Kiss Machine	1377	rgsmoothgallery	1595	fileadmin/s-maj/images/BilderMaja/2007WheelOfPower/wednesday_408.jpg	live/sculptural-work/kiss-machine/wednesday_408.jpg	62dbf923a92ca34e9bdcf98685ef1e0d58ff3af92f589c7eaf2739bdfecb393b	696707	True	sculptures-or-installations
live	collaborations	hand-of-man	945	Hand of Man	1252	rgsmoothgallery	1749	fileadmin/s-maj/images/BilderMaja/2007 handofman/controler.jpg	live/collaborations/hand-of-man/controler.jpg	17e838dc872306c73786eaaa2b76631b9c24e5f053890690f7939268158ed926	294047	True	UNMAPPED
live	collaborations	hand-of-man	945	Hand of Man	1252	rgsmoothgallery	1752	fileadmin/s-maj/images/BilderMaja/2007 handofman/controling.jpg	live/collaborations/hand-of-man/controling.jpg	5ffc9f73eac2a2cdab7f1a709c991d30072c1a338701fdb29cbadb21dc5b343c	219626	True	UNMAPPED
live	sculptural-work	kiss-machine	1003	Kiss Machine	1377	rgsmoothgallery	1594	fileadmin/s-maj/images/BilderMaja/2007WheelOfPower/wednesday_407_01.jpg	live/sculptural-work/kiss-machine/wednesday_407_01.jpg	5335f1558931fa7dce7e2fc6893ab62f50ecfd08b55447031571dbb976be5266	503179	True	sculptures-or-installations
live	sculptural-work	kiss-machine	1003	Kiss Machine	1377	rgsmoothgallery	1590	fileadmin/s-maj/images/BilderMaja/2007WheelOfPower/wednesday_406.jpg	live/sculptural-work/kiss-machine/wednesday_406.jpg	e193cbebd02f727daac872097f6286fd7f38bc32851a8673ecef783e1121959c	610397	True	sculptures-or-installations
live	sculptural-work	olympic-machine	1014	Olympic Machine	1401	rgsmoothgallery	1593	fileadmin/s-maj/images/BilderMaja/2007WheelOfPower/zaterdag_performance_281.jpg	live/sculptural-work/olympic-machine/zaterdag_performance_281.jpg	593f77f241563ed57a781d15300cb86061a5dfa70c4d3bec3e607f1f46a85ed7	643353	True	sculptures-or-installations
live	sculptural-work	kiss-machine	1003	Kiss Machine	1377	rgsmoothgallery	1575	fileadmin/s-maj/images/BilderMaja/2007WheelOfPower/zaterdag_performance_194.jpg	live/sculptural-work/kiss-machine/zaterdag_performance_194.jpg	53fbb8ed68fb2dbb967000998d7681921584d9fdf19a07d70f4cf6c5357c4175	790051	True	sculptures-or-installations
live	sculptural-work	kiss-machine	1003	Kiss Machine	1377	rgsmoothgallery	1574	fileadmin/s-maj/images/BilderMaja/2007WheelOfPower/thursday_516.jpg	live/sculptural-work/kiss-machine/thursday_516.jpg	4bb393a8fcee5d2d007544d3f1376df22bed0fb075e920491710661f38756ce6	745321	True	sculptures-or-installations
live	sculptural-work	17-ton-bar	1004	17 ton  Bar	1382	rgsmoothgallery	1598	fileadmin/s-maj/images/BilderMaja/1997Xix/sennhof_xix.jpg	live/sculptural-work/17-ton-bar/sennhof_xix.jpg	1ffe2366675c9416b080b991ac6f379d48b4a40557ef22f49f4e0574b2f301a9	111611	True	sculptures-or-installations
live	sculptural-work	eagle	1005	Eagle	1384	rgsmoothgallery	1315	fileadmin/s-maj/images/BilderMaja/1996EurokonXiX/adler1.jpg	live/sculptural-work/eagle/adler1.jpg	abc6472c85b43b27f6e95a6967438b46253183c3e2f32014e96a263187246b62	296363	True	sculptures-or-installations
live	sculptural-work	eagle	1005	Eagle	1384	rgsmoothgallery	1319	fileadmin/s-maj/images/BilderMaja/1996EurokonXiX/novo2.jpg	live/sculptural-work/eagle/novo2.jpg	77155e6b863e141b530f93062edebda55163d3704c93b5e607606948955a4055	189440	True	sculptures-or-installations
live	sculptural-work	nailed-tanks	1007	Nailed Tanks	1388	rgsmoothgallery	1596	fileadmin/s-maj/images/BilderMaja/1996EurokonXiX/nailedtankfront.jpg	live/sculptural-work/nailed-tanks/nailedtankfront.jpg	c33ec590a8f5d679b1409122ae2bd995795da02b6a36922480a9c00c36f47e48	219849	True	sculptures-or-installations
live	sculptural-work	torso	1006	Torso	1386	rgsmoothgallery	1321	fileadmin/s-maj/images/BilderMaja/1996EurokonXiX/2Torso.jpg	live/sculptural-work/torso/2Torso.jpg	954af5fb2d3a0eeb562c778aac8500fe77e915a8b92433f66d33eefbc8f5d7c1	238189	True	sculptures-or-installations
live	sculptural-work	iron-channel	1008	Iron Channel	1390	rgsmoothgallery	1256	fileadmin/s-maj/images/BilderMaja/1995EurokotXiX/eisen2.jpg	live/sculptural-work/iron-channel/eisen2.jpg	93b935ea86ed0aa85157e7075b62279f173ad53633ebbc225ac853c00da0b2bf	500204	True	sculptures-or-installations
live	sculptural-work	iron-channel	1008	Iron Channel	1390	rgsmoothgallery	1254	fileadmin/s-maj/images/BilderMaja/1995EurokotXiX/eurokot38.jpg	live/sculptural-work/iron-channel/eurokot38.jpg	6c4d3c690c5e4dc039b8305692c51480f44d45fd47bb49b98cab8ff9d128d58d	187547	True	sculptures-or-installations
live	sculptural-work	iron-channel	1008	Iron Channel	1390	rgsmoothgallery	1247	fileadmin/s-maj/images/BilderMaja/1995EurokotXiX/eisen7.jpg	live/sculptural-work/iron-channel/eisen7.jpg	3cd0214003fc6520ae358123d1d42eb67e02b606a2bacf7cce750a81540bce82	135657	True	sculptures-or-installations
live	sculptural-work	iron-channel	1008	Iron Channel	1390	rgsmoothgallery	1251	fileadmin/s-maj/images/BilderMaja/1995EurokotXiX/eisen4.jpg	live/sculptural-work/iron-channel/eisen4.jpg	8454e129c7fe74c5b3b7ef662d5f4bec6a416078ece1120a45097a9636d1215f	108327	True	sculptures-or-installations
live	sculptural-work	iron-channel	1008	Iron Channel	1390	rgsmoothgallery	1252	fileadmin/s-maj/images/BilderMaja/1995EurokotXiX/eurokot6.jpg	live/sculptural-work/iron-channel/eurokot6.jpg	1def522a438942cc39e509131f3e1a6ca0f5b7ba16ea42cd76ac2e49315c1148	176988	True	sculptures-or-installations
live	sculptural-work	iron-channel	1008	Iron Channel	1390	rgsmoothgallery	1257	fileadmin/s-maj/images/BilderMaja/1995EurokotXiX/eurokot8.jpg	live/sculptural-work/iron-channel/eurokot8.jpg	b272ad91c8cc93755c35ab8a9ec10e23d48661e16493b1e7c1215b07517a8a4f	196638	True	sculptures-or-installations
live	sculptural-work	iron-channel	1008	Iron Channel	1390	rgsmoothgallery	1245	fileadmin/s-maj/images/BilderMaja/1995EurokotXiX/eisen3.jpg	live/sculptural-work/iron-channel/eisen3.jpg	c070358abeb386057ea88cfd54c9dfe834de001cf8f11f309df0cf6a801f0c3b	583326	True	sculptures-or-installations
live	sculptural-work	iron-channel	1008	Iron Channel	1390	rgsmoothgallery	1258	fileadmin/s-maj/images/BilderMaja/1995EurokotXiX/eurokot29_var.jpg	live/sculptural-work/iron-channel/eurokot29_var.jpg	a96d81a89866567082478e979bc94c2b4ce2baa91a13d6808874e3215c9abb84	160679	True	sculptures-or-installations
live	sculptural-work	iron-channel	1008	Iron Channel	1390	rgsmoothgallery	1255	fileadmin/s-maj/images/BilderMaja/1995EurokotXiX/eurokot4.jpg	live/sculptural-work/iron-channel/eurokot4.jpg	221cc3e85507ca61c8284c15a250df2c01d4030789b2edfe91fdca87cc02245e	143531	True	sculptures-or-installations
live	sculptural-work	iron-channel	1008	Iron Channel	1390	rgsmoothgallery	1246	fileadmin/s-maj/images/BilderMaja/1995EurokotXiX/eurokot5.jpg	live/sculptural-work/iron-channel/eurokot5.jpg	2e6ae73ac55ff92a21879ee2c7d1d8051da99ad68bc24c429f5059ca3da4a727	131756	True	sculptures-or-installations
live	sculptural-work	iron-channel	1008	Iron Channel	1390	rgsmoothgallery	1249	fileadmin/s-maj/images/BilderMaja/1995EurokotXiX/eurokot15.jpg	live/sculptural-work/iron-channel/eurokot15.jpg	591547be4e06e39969de1e62fd37576a8563f339c86d801f8e66983d7d913c28	236774	True	sculptures-or-installations
live	sculptural-work	iron-channel	1008	Iron Channel	1390	rgsmoothgallery	1253	fileadmin/s-maj/images/BilderMaja/1995EurokotXiX/eisen6.jpg	live/sculptural-work/iron-channel/eisen6.jpg	3e41da31c3f79c94663e54c4a21ebb50b10b67a5738fd814ca74735ce4ace416	127294	True	sculptures-or-installations
live	sculptural-work	nailed-tanks	1007	Nailed Tanks	1388	rgsmoothgallery	1324	fileadmin/s-maj/images/BilderMaja/1996EurokonXiX/nailedview.jpg	live/sculptural-work/nailed-tanks/nailedview.jpg	372d86315ec5f61a529c54a1930f5536ebe5371e0f509b4af4994d74b3985737	177992	True	sculptures-or-installations
live	sculptural-work	nailed-tanks	1007	Nailed Tanks	1388	rgsmoothgallery	1323	fileadmin/s-maj/images/BilderMaja/1996EurokonXiX/nailedtanks1org.jpg	live/sculptural-work/nailed-tanks/nailedtanks1org.jpg	1d2014f9e3af46f26c68652b6d0c04278cc20621b17150de66ed9416f1b40260	175359	True	sculptures-or-installations
live	sculptural-work	nailed-tanks	1007	Nailed Tanks	1388	rgsmoothgallery	1339	fileadmin/s-maj/images/BilderMaja/1996EurokonXiX/nailedTanks2org.jpg	live/sculptural-work/nailed-tanks/nailedTanks2org.jpg	267c56e82fc73f2a297d330e21aba7c7c3c2bf14b4da31f444105fc23d87e528	166862	True	sculptures-or-installations
live	sculptural-work	nailed-tanks	1007	Nailed Tanks	1388	rgsmoothgallery	1335	fileadmin/s-maj/images/BilderMaja/1996EurokonXiX/nailedtanks3org.jpg	live/sculptural-work/nailed-tanks/nailedtanks3org.jpg	b4e9e1619f405b51f154dc32a57cca3a0542c70fadcc97b0ee04305a38fb2985	178136	True	sculptures-or-installations
live	sculptural-work	nailed-tanks	1007	Nailed Tanks	1388	rgsmoothgallery	1340	fileadmin/s-maj/images/BilderMaja/1996EurokonXiX/nailedtank.jpg	live/sculptural-work/nailed-tanks/nailedtank.jpg	79d3ce2e929d10ead91d9c8aae23246c6a45ba82265fd3d52c5441ebe7eb0028	177168	True	sculptures-or-installations
live	sculptural-work	nailed-tanks	1007	Nailed Tanks	1388	rgsmoothgallery	1329	fileadmin/s-maj/images/BilderMaja/1996EurokonXiX/nailedliegend.jpg	live/sculptural-work/nailed-tanks/nailedliegend.jpg	6eb75ecf03233ab3ddb81576f952ac30d3ac56bb3cc3bc16830f378b01634b7d	283819	True	sculptures-or-installations
live	sculptural-work	nailed-tanks	1007	Nailed Tanks	1388	rgsmoothgallery	1332	fileadmin/s-maj/images/BilderMaja/1996EurokonXiX/arbeit.jpg	live/sculptural-work/nailed-tanks/arbeit.jpg	9377cd34834b74c435804128e01fe5ec02c9df5beea3af941198dec1b18243d2	168806	True	sculptures-or-installations
live	sculptural-work	torso	1006	Torso	1386	rgsmoothgallery	1333	fileadmin/s-maj/images/BilderMaja/1996EurokonXiX/3torso.jpg	live/sculptural-work/torso/3torso.jpg	7a06c3e5c88ce2816e3b7e273d2e8803f3d4d922de5d07a372f94da7cbe139d8	508331	True	sculptures-or-installations
live	sculptural-work	torso	1006	Torso	1386	rgsmoothgallery	1330	fileadmin/s-maj/images/BilderMaja/1996EurokonXiX/rumaschinenperf.jpg	live/sculptural-work/torso/rumaschinenperf.jpg	ca4f4a442fda8a98696feb8e81a28b4ebce3d00f2f1feba5ad5f77453eef4a1f	121449	True	sculptures-or-installations
live	sculptural-work	torso	1006	Torso	1386	rgsmoothgallery	1326	fileadmin/s-maj/images/BilderMaja/1996EurokonXiX/11torso.jpg	live/sculptural-work/torso/11torso.jpg	d980e00e0921806483e9eaf927ef434d3ba2648d81edd24212c0ec33d9eba9bf	172761	True	sculptures-or-installations
live	sculptural-work	torso	1006	Torso	1386	rgsmoothgallery	1325	fileadmin/s-maj/images/BilderMaja/1996EurokonXiX/13Torso.jpg	live/sculptural-work/torso/13Torso.jpg	fbb50ef883c16e07ff049d19907a88bb7bfaf833360af89fefb4041d49020f70	134859	True	sculptures-or-installations
live	sculptural-work	torso	1006	Torso	1386	rgsmoothgallery	1338	fileadmin/s-maj/images/BilderMaja/1996EurokonXiX/6Torso.jpg	live/sculptural-work/torso/6Torso.jpg	2489d5a796ecf8f2021ba40dd7c082b587d069bc3d083576b9330a354ef17b60	143477	True	sculptures-or-installations
live	sculptural-work	torso	1006	Torso	1386	rgsmoothgallery	1342	fileadmin/s-maj/images/BilderMaja/1996EurokonXiX/5Torso.jpg	live/sculptural-work/torso/5Torso.jpg	d2d27c82fd4518487d47c6bdb1d9bc535c68ed034c451c108392009d1ebf7519	114157	True	sculptures-or-installations
live	sculptural-work	torso	1006	Torso	1386	rgsmoothgallery	1314	fileadmin/s-maj/images/BilderMaja/1996EurokonXiX/15torsokran.jpg	live/sculptural-work/torso/15torsokran.jpg	341c7a114084100dfb8459f9d595112f49dae0509dae6edbcffbcadfb9e96565	138445	True	sculptures-or-installations
live	sculptural-work	torso	1006	Torso	1386	rgsmoothgallery	1322	fileadmin/s-maj/images/BilderMaja/1996EurokonXiX/10Torso.jpg	live/sculptural-work/torso/10Torso.jpg	7112afcaaecce388d9bb531d3884097397b4d335d612a39f204e4de00f63145f	129453	True	sculptures-or-installations
live	sculptural-work	torso	1006	Torso	1386	rgsmoothgallery	1337	fileadmin/s-maj/images/BilderMaja/1996EurokonXiX/8Torso.jpg	live/sculptural-work/torso/8Torso.jpg	fe2764ee47d3b044d9b0d44f419d9677e27026b45c808a175d9702891eef632f	165654	True	sculptures-or-installations
live	sculptural-work	torso	1006	Torso	1386	rgsmoothgallery	1331	fileadmin/s-maj/images/BilderMaja/1996EurokonXiX/7Torso.jpg	live/sculptural-work/torso/7Torso.jpg	ad20b70242d57fe5ceb34ef9cf4ca813941b74943220664174495edb9a0ee3b6	141767	True	sculptures-or-installations
live	sculptural-work	torso	1006	Torso	1386	rgsmoothgallery	1320	fileadmin/s-maj/images/BilderMaja/1996EurokonXiX/4torso.jpg	live/sculptural-work/torso/4torso.jpg	817834361543e19968334277510ea1f1c803babedfdc753b30c83546f565e75b	210326	True	sculptures-or-installations
live	sculptural-work	eagle	1005	Eagle	1384	rgsmoothgallery	1328	fileadmin/s-maj/images/BilderMaja/1996EurokonXiX/NovoExpo.jpg	live/sculptural-work/eagle/NovoExpo.jpg	010e425280853adab7cc03dfd6025f67dc6708e556efac13d3fae9a386391289	180113	True	sculptures-or-installations
live	sculptural-work	eagle	1005	Eagle	1384	rgsmoothgallery	1336	fileadmin/s-maj/images/BilderMaja/1996EurokonXiX/1Eagle.jpg	live/sculptural-work/eagle/1Eagle.jpg	f97ec352edbc605f6545ae8576f52a38fdb81a80bc00cf3ac25bc9b2a0b7ce47	125381	True	sculptures-or-installations
live	sculptural-work	eagle	1005	Eagle	1384	rgsmoothgallery	1341	fileadmin/s-maj/images/BilderMaja/1996EurokonXiX/NovoEagle.jpg	live/sculptural-work/eagle/NovoEagle.jpg	d58bb48aee488140a2f47cb2c22f4cd98b87a58711ed64d6cd06185aadf9248c	114602	True	sculptures-or-installations
live	sculptural-work	eagle	1005	Eagle	1384	rgsmoothgallery	1316	fileadmin/s-maj/images/BilderMaja/1996EurokonXiX/ruadler.jpg	live/sculptural-work/eagle/ruadler.jpg	03ac7c0345b57864536e5e142b203a53906a57d4cef5cd615148cc6991352afe	147553	True	sculptures-or-installations
live	sculptural-work	17-ton-bar	1004	17 ton  Bar	1382	rgsmoothgallery	1234	fileadmin/s-maj/images/BilderMaja/1997Xix/sennhofbartotale.jpg	live/sculptural-work/17-ton-bar/sennhofbartotale.jpg	dd082f1c4913e7e30658d07c65750ea0cbdce336ba90f3585bd050135e68a10d	508388	True	sculptures-or-installations
live	sculptural-work	17-ton-bar	1004	17 ton  Bar	1382	rgsmoothgallery	1231	fileadmin/s-maj/images/BilderMaja/1997Xix/sennhofbar1.jpg	live/sculptural-work/17-ton-bar/sennhofbar1.jpg	965cce1f8bf1015adddc3b0e9a23e692affa720e59a4ff6f0906667f2cf7f924	1017615	True	sculptures-or-installations
live	sculptural-work	17-ton-bar	1004	17 ton  Bar	1382	rgsmoothgallery	1233	fileadmin/s-maj/images/BilderMaja/1997Xix/Sennhof2.jpg	live/sculptural-work/17-ton-bar/Sennhof2.jpg	47dd4a24337f7a206a875bd9955e0f5a320287664b8efdfe3528fe3b003725f2	102747	True	sculptures-or-installations
live	sculptural-work	17-ton-bar	1004	17 ton  Bar	1382	rgsmoothgallery	1235	fileadmin/s-maj/images/BilderMaja/1997Xix/sennhof6s_w.jpg	live/sculptural-work/17-ton-bar/sennhof6s_w.jpg	7d651b6de02d1e66d841ddc8a1e3d9f3f52a4cc6c00e7256dd924cc4650a352d	106649	True	sculptures-or-installations
live	sculptural-work	17-ton-bar	1004	17 ton  Bar	1382	rgsmoothgallery	1228	fileadmin/s-maj/images/BilderMaja/1997Xix/sennhof5sw.jpg	live/sculptural-work/17-ton-bar/sennhof5sw.jpg	3d31b1a5223eedcbae82c36a229bd29767931354e691c3672ef00e87c2dd8928	107231	True	sculptures-or-installations
live	sculptural-work	17-ton-bar	1004	17 ton  Bar	1382	rgsmoothgallery	1225	fileadmin/s-maj/images/BilderMaja/1997Xix/sennhof7.jpg	live/sculptural-work/17-ton-bar/sennhof7.jpg	d78fa9416737c3b21f2c747cbf13bfa52e9ecd3c3cf3bbdf70eb21ac9f2c9102	185915	True	sculptures-or-installations
live	sculptural-work	17-ton-bar	1004	17 ton  Bar	1382	rgsmoothgallery	1224	fileadmin/s-maj/images/BilderMaja/1997Xix/zoom7.jpg	live/sculptural-work/17-ton-bar/zoom7.jpg	f788b5a7a7906924fdbe4e281795a21f998555112a1cba552b3397424c5c9bdd	224746	True	sculptures-or-installations
live	sculptural-work	17-ton-bar	1004	17 ton  Bar	1382	rgsmoothgallery	1230	fileadmin/s-maj/images/BilderMaja/1997Xix/zoom6.jpg	live/sculptural-work/17-ton-bar/zoom6.jpg	f2451a332a2e59fa2a92aa8fd944d18fe0ab1ba82362d35af58855de2e4f0563	219787	True	sculptures-or-installations
live	sculptural-work	17-ton-bar	1004	17 ton  Bar	1382	rgsmoothgallery	1221	fileadmin/s-maj/images/BilderMaja/1997Xix/zoom2.jpg	live/sculptural-work/17-ton-bar/zoom2.jpg	9e663fa5507576a92f9bc3f9b9ae0f9acff1785859d508fa79c3befd1deb97ed	258232	True	sculptures-or-installations
live	sculptural-work	17-ton-bar	1004	17 ton  Bar	1382	rgsmoothgallery	1216	fileadmin/s-maj/images/BilderMaja/1997Xix/zoom3.jpg	live/sculptural-work/17-ton-bar/zoom3.jpg	6d3029be12d0001e4a869911226939e2e518cf467089cd5e75689b8a08884580	230009	True	sculptures-or-installations
live	sculptural-work	17-ton-bar	1004	17 ton  Bar	1382	rgsmoothgallery	1220	fileadmin/s-maj/images/BilderMaja/1997Xix/zoom5.jpg	live/sculptural-work/17-ton-bar/zoom5.jpg	9e36663a471868b6eb57c650aa0de6166eebf21a2f89e3d3e7c65fb4e15a31b6	198184	True	sculptures-or-installations
live	sculptural-work	17-ton-bar	1004	17 ton  Bar	1382	rgsmoothgallery	1229	fileadmin/s-maj/images/BilderMaja/1997Xix/zoom4.jpg	live/sculptural-work/17-ton-bar/zoom4.jpg	2971790ed43de55f3f197b05523fca3625b0d6f24280ea2a6230e730a94dd2ce	238244	True	sculptures-or-installations
live	sculptural-work	17-ton-bar	1004	17 ton  Bar	1382	rgsmoothgallery	1223	fileadmin/s-maj/images/BilderMaja/1997Xix/zoom10.jpg	live/sculptural-work/17-ton-bar/zoom10.jpg	e8e3b011bcdb8a969d788108fb182dc8d27340736ca14a832f554efe0b9f8949	248063	True	sculptures-or-installations
live	sculptural-work	17-ton-bar	1004	17 ton  Bar	1382	rgsmoothgallery	1217	fileadmin/s-maj/images/BilderMaja/1997Xix/xixbar55.jpg	live/sculptural-work/17-ton-bar/xixbar55.jpg	ca28372136a62d84ab98e15c92f779b9de1cf3ba791d3e0956c467d2fc6e20fe	86346	True	sculptures-or-installations
live	other-sites	pyrofessor	816	1.Mai 2008	1143	rgsmoothgallery	237	fileadmin/s-pf/images/1Mai2008/DSC02483.JPG	live/other-sites/pyrofessor/DSC02483.JPG	9eae23a594b7a723d105cf1bef4ffa1bb1200d6d4064391127711d129d18309c	89855	True	
live	other-sites	pyrofessor	1009	test gallery fotograf	1395	rgsmoothgallery	229	fileadmin/s-pf/images/1Mai2008/DSC02542.JPG	live/other-sites/pyrofessor/DSC02542.JPG	54e420e255a505519a90788b97e72b788b4e724a433ce15902a4ef3500b747f7	171304	True	
live	other-sites	pyrofessor	1009	test gallery fotograf	1395	rgsmoothgallery	1676	fileadmin/s-pf/images/1Mai2008/DSC02524.JPG	live/other-sites/pyrofessor/DSC02524.JPG	d9b7266ff1a41b7d39983dd7c94c8f0620f50126c2c5195459994c0466986a6d	174014	True	
live	other-sites	pyrofessor	1009	test gallery fotograf	1395	rgsmoothgallery	202	fileadmin/s-pf/images/feuerboote/DSC01381-2.jpg	live/other-sites/pyrofessor/DSC01381-2.jpg	5c9289a21d2b3f7531ac406222b311f1a6f33e8c037ffa67814b4bdec4cb2c21	44760	True	
live	other-sites	pyrofessor	1009	test gallery fotograf	1395	rgsmoothgallery	203	fileadmin/s-pf/images/feuerboote/DSC01286-2.jpg	live/other-sites/pyrofessor/DSC01286-2.jpg	4107e3a4c9e3a452ee66e61ac623b04388b456595c1d3a1e0819180fc310f0fb	17942	True	
live	performance	elxt-90	926	Elxt 90	1220	rgsmoothgallery	1721	fileadmin/s-maj/images/BilderMaja/2000Elxt90/spama_lugano1.jpg	live/performance/elxt-90/spama_lugano1.jpg	43e9dad5f45054cbb313200fcd9e53191a2170c434cba9bdd17f927678f1dddd	123021	True	performance
live	performance	elxt-90	926	Elxt 90	1220	rgsmoothgallery	1688	fileadmin/s-maj/images/BilderMaja/2000Elxt90/spama_lugano2.jpg	live/performance/elxt-90/spama_lugano2.jpg	2318480fa849d2e37ecbdca10dc21fe20c51d65e342d9a4e85627e9fa62e905b	128694	True	performance
live	performance	elxt-90	926	Elxt 90	1220	rgsmoothgallery	1693	fileadmin/s-maj/images/BilderMaja/2000Elxt90/wheel_lugano1.jpg	live/performance/elxt-90/wheel_lugano1.jpg	89bb76e2670df417e9948c0a6f83a32d22dbc74f5770e770b244a792beddaeb7	84272	True	performance
live	performance	elxt-90	926	Elxt 90	1220	rgsmoothgallery	1691	fileadmin/s-maj/images/BilderMaja/2000Elxt90/bergamoxtions4.jpg	live/performance/elxt-90/bergamoxtions4.jpg	74ca2f3f1d06a455bbf9e4c954207455d2fe8e0329bdc1602df62ef9ac1b2d29	364161	True	performance
live	performance	elxt-90	926	Elxt 90	1220	rgsmoothgallery	1715	fileadmin/s-maj/images/BilderMaja/2000Elxt90/wheel_bergamo2.jpg	live/performance/elxt-90/wheel_bergamo2.jpg	629491c519f7c4f315244974b9bf26268934283a13c0205e760e5a650fadec1f	163899	True	performance
live	performance	elxt-90	926	Elxt 90	1220	rgsmoothgallery	1729	fileadmin/s-maj/images/BilderMaja/2000Elxt90/xtions_lavalette.jpg	live/performance/elxt-90/xtions_lavalette.jpg	89f26458ee89ccf6083445f42595c7bc3eb3985b0681a396a4f9f6d43648d01e	216775	True	performance
live	performance	elxt-90	926	Elxt 90	1220	rgsmoothgallery	1686	fileadmin/s-maj/images/BilderMaja/2000Elxt90/spaceship_lugano2.jpg	live/performance/elxt-90/spaceship_lugano2.jpg	770d87205300951f8379b0239b1425c57fe2a52c8d79829c44a74c53fa0f95e6	141038	True	performance
live	performance	elxt-90	926	Elxt 90	1220	rgsmoothgallery	1723	fileadmin/s-maj/images/BilderMaja/2000Elxt90/spaceship_lugano3.jpg	live/performance/elxt-90/spaceship_lugano3.jpg	7dde2817195768d28e21ce68833dcd586ac1f345883f2f876b683ce80a997f06	114710	True	performance
live	performance	elxt-90	926	Elxt 90	1220	rgsmoothgallery	1724	fileadmin/s-maj/images/BilderMaja/2000Elxt90/spaceship_lugano5.jpg	live/performance/elxt-90/spaceship_lugano5.jpg	47b11c6fd139f5555e45209a192fc362566c6211fe3c488ebc9a6a2551aa3269	93387	True	performance
live	performance	elxt-90	926	Elxt 90	1220	rgsmoothgallery	1699	fileadmin/s-maj/images/BilderMaja/2000Elxt90/robot_zurich.jpg	live/performance/elxt-90/robot_zurich.jpg	b3f1633b47fb68426cf4551eade15781d3534d0d5916a91a12372cc3ec18b350	145020	True	performance
live	performance	elxt-90	926	Elxt 90	1220	rgsmoothgallery	1696	fileadmin/s-maj/images/BilderMaja/2000Elxt90/robots_roma.jpg	live/performance/elxt-90/robots_roma.jpg	dd12ec5ece1f23a53050169f7e2fe4166cf41891bde89d2b7e0d72b77ad44595	144247	True	performance
live	performance	elxt-90	926	Elxt 90	1220	rgsmoothgallery	1685	fileadmin/s-maj/images/BilderMaja/2000Elxt90/joeb_zurich.jpg	live/performance/elxt-90/joeb_zurich.jpg	c93f22dc53261d880571b42eef745b4f04be0a4a503fa9206dc4e951ffc0b670	170585	True	performance
live	performance	elxt-90	926	Elxt 90	1220	rgsmoothgallery	1716	fileadmin/s-maj/images/BilderMaja/2000Elxt90/spaceship_lugano4.jpg	live/performance/elxt-90/spaceship_lugano4.jpg	c6bea9d20b14d8f70d6bf1c0b8cb2b92c9f9f82b7eea5ce6c44984019e27200c	161992	True	performance
live	performance	elxt-90	926	Elxt 90	1220	rgsmoothgallery	1698	fileadmin/s-maj/images/BilderMaja/2000Elxt90/xtions_bergamo3.jpg	live/performance/elxt-90/xtions_bergamo3.jpg	33e84428e459f4bbc1612cb1d0df57766a35527aa1687411973dbfccbad57a93	185148	True	performance
live	performance	elxt-90	926	Elxt 90	1220	rgsmoothgallery	1712	fileadmin/s-maj/images/BilderMaja/2000Elxt90/wheel_xtions_zurich.jpg	live/performance/elxt-90/wheel_xtions_zurich.jpg	48608eb18fa56bf71dc6917d1b68ac738476304e7aa0970bf46ea7cbbf568825	244856	True	performance
live	sculptural-work	pleitegeier	997	Pleitegeier	1362	rgsmoothgallery	1736	fileadmin/s-maj/images/BilderMaja/2008pleitegeier/IMG_0079.jpg	live/sculptural-work/pleitegeier/IMG_0079.jpg	7644c2a333fc3adacbbb87cd7e1f2a932c236b634ca6e78aba96b3c983e9e2c5	185295	True	sculptures-or-installations
live	performance	elxt-90	926	Elxt 90	1220	rgsmoothgallery	1725	fileadmin/s-maj/images/BilderMaja/2000Elxt90/confetti_lugano.jpg	live/performance/elxt-90/confetti_lugano.jpg	36c696004559e0b993ad6cbcf6bb5bdaa74c517bd08e0055f331891555deb79e	177642	True	performance
live	performance	elxt-90	926	Elxt 90	1220	rgsmoothgallery	1689	fileadmin/s-maj/images/BilderMaja/2000Elxt90/ehof-robot5.jpg	live/performance/elxt-90/ehof-robot5.jpg	749f850ffe8cf5cfd25b22c5cf76c9c830e37f2838ecfa27a5835cc4fe140a09	150542	True	performance
live	performance	elxt-90	926	Elxt 90	1220	rgsmoothgallery	1706	fileadmin/s-maj/images/BilderMaja/2000Elxt90/wheel_ignition2.jpg	live/performance/elxt-90/wheel_ignition2.jpg	ce68af2336d078373a99708fe501e88465c9e518314d90cb9ce9e6bf9488d8c3	263033	True	performance
live	performance	elxt-90	926	Elxt 90	1220	rgsmoothgallery	1717	fileadmin/s-maj/images/BilderMaja/2000Elxt90/ignition_lugano.jpg	live/performance/elxt-90/ignition_lugano.jpg	ba62b75cf75bfcdc0ea951d0c4bc46cfe331bd2d374fd7a9c3e2818808e57a88	267633	True	performance
live	performance	elxt-90	926	Elxt 90	1220	rgsmoothgallery	1714	fileadmin/s-maj/images/BilderMaja/2000Elxt90/haendekl.jpg	live/performance/elxt-90/haendekl.jpg	0f1f19e1f39aae584b027fbe3342b2342f213ed4ed04025fa69ada78e16cef73	841985	True	performance
live	performance	elxt-90	926	Elxt 90	1220	rgsmoothgallery	1718	fileadmin/s-maj/images/BilderMaja/2000Elxt90/wheel_ignition1.jpg	live/performance/elxt-90/wheel_ignition1.jpg	92a5b0524a72b77f92879e99ab79463593f54b44b15efdabe6bec8925ea0e3bb	191845	True	performance
live	performance	elxt-90	926	Elxt 90	1220	rgsmoothgallery	1705	fileadmin/s-maj/images/BilderMaja/2000Elxt90/ichbarna.jpg	live/performance/elxt-90/ichbarna.jpg	6831acb6d2bb7f729f035a7d9ce464bf9687bce37f9d03774ebc2db3e4fc1c0b	495997	True	performance
live	performance	elxt-90	926	Elxt 90	1220	rgsmoothgallery	1702	fileadmin/s-maj/images/BilderMaja/2000Elxt90/wheel_nicu_biel2.jpg	live/performance/elxt-90/wheel_nicu_biel2.jpg	a89afe80999e33e7a670173cca3359c06d53e2f839ba923b7d175da4214e6a55	119432	True	performance
live	performance	elxt-90	926	Elxt 90	1220	rgsmoothgallery	1726	fileadmin/s-maj/images/BilderMaja/2000Elxt90/redcross_biel.jpg	live/performance/elxt-90/redcross_biel.jpg	ee863cbe9f1fe9291f7a3c298f16eeb8d03b212b5854b2d31670828cda5f9a2d	115476	True	performance
live	performance	elxt-90	926	Elxt 90	1220	rgsmoothgallery	1684	fileadmin/s-maj/images/BilderMaja/2000Elxt90/redcross_roma2.jpg	live/performance/elxt-90/redcross_roma2.jpg	7ff52023cc42822aea3849d1cc901de42f7582c47acdfe60bb494151216030cd	273061	True	performance
live	performance	elxt-90	926	Elxt 90	1220	rgsmoothgallery	1690	fileadmin/s-maj/images/BilderMaja/2000Elxt90/sisou_fackeln_zurich.jpg	live/performance/elxt-90/sisou_fackeln_zurich.jpg	8567207c42d3127f223bffeff4a316a6da023f246a6e5d22a49f2eaa00146216	129196	True	performance
live	performance	elxt-90	926	Elxt 90	1220	rgsmoothgallery	1707	fileadmin/s-maj/images/BilderMaja/2000Elxt90/logo_kreuzberg.jpg	live/performance/elxt-90/logo_kreuzberg.jpg	7aad9fadf645b3a763fe106907de5eb39e114bfe63a1b062b8e0b388153cdedc	76703	True	performance
live	performance	elxt-90	926	Elxt 90	1220	rgsmoothgallery	1700	fileadmin/s-maj/images/BilderMaja/2000Elxt90/erico_nicu_adm2.jpg	live/performance/elxt-90/erico_nicu_adm2.jpg	70cb32c5fa9736dc2b35806bd4eab0b341f1f873df0087f74611a0828491a490	293801	True	performance
live	performance	elxt-90	926	Elxt 90	1220	rgsmoothgallery	1692	fileadmin/s-maj/images/BilderMaja/2000Elxt90/spama_zurich1.jpg	live/performance/elxt-90/spama_zurich1.jpg	b1a834316fe82bfb0706d38440f2b86d0f8645867d91336c1394271e9b7d3787	101211	True	performance
live	performance	elxt-90	926	Elxt 90	1220	rgsmoothgallery	1681	fileadmin/s-maj/images/BilderMaja/2000Elxt90/moon_biel_2_.jpg	live/performance/elxt-90/moon_biel_2_.jpg	d392f09e7d4fc6e5cc373ca58192b099fdae56cc00be7dfe4823d60d02b53013	133534	True	performance
live	performance	elxt-90	926	Elxt 90	1220	rgsmoothgallery	1704	fileadmin/s-maj/images/BilderMaja/2000Elxt90/flames_zoom.jpg	live/performance/elxt-90/flames_zoom.jpg	ff26d4a14c79d6398cc7c4c086ec6e96dd61a803a3738e428d6178928dd32b05	122822	True	performance
live	performance	elxt-90	926	Elxt 90	1220	rgsmoothgallery	1687	fileadmin/s-maj/images/BilderMaja/2000Elxt90/firejacket_babu.jpg	live/performance/elxt-90/firejacket_babu.jpg	9a73ade054a3c3b08c27f57aeb2b2647694cac8906d52a5bcb8b8273a46d2b6c	108307	True	performance
live	performance	elxt-90	926	Elxt 90	1220	rgsmoothgallery	1711	fileadmin/s-maj/images/BilderMaja/2000Elxt90/feuerwand.jpg	live/performance/elxt-90/feuerwand.jpg	c5491ac61471a27307eeda38b0e296a753a47c93fb4cc7b70f204b6211b65c10	448169	True	performance
live	performance	elxt-90	926	Elxt 90	1220	rgsmoothgallery	1703	fileadmin/s-maj/images/BilderMaja/2000Elxt90/erico_lugano.jpg	live/performance/elxt-90/erico_lugano.jpg	70ee37e9e1505fb6dd8a31242753059a466710b65a86065bf0b1a12a32da8504	74282	True	performance
live	performance	elxt-90	926	Elxt 90	1220	rgsmoothgallery	1713	fileadmin/s-maj/images/BilderMaja/2000Elxt90/nancy_wheel_lozan.jpg	live/performance/elxt-90/nancy_wheel_lozan.jpg	8921d55bf2db991cda4fa300f53282fb212063459846b65d84268627ea6787d8	151927	True	performance
live	performance	elxt-90	926	Elxt 90	1220	rgsmoothgallery	1708	fileadmin/s-maj/images/BilderMaja/2000Elxt90/spama_joeb_roma.jpg	live/performance/elxt-90/spama_joeb_roma.jpg	0f2009c9f68d2a563b9ff6c665e7c84521528d0e689822ad23a7314292bea55f	149725	True	performance
live	performance	elxt-90	926	Elxt 90	1220	rgsmoothgallery	1683	fileadmin/s-maj/images/BilderMaja/2000Elxt90/spama_zurich2.jpg	live/performance/elxt-90/spama_zurich2.jpg	10a43ba50b986858a22400491b65d22baeb1fa2035ff0aabefcd26b58fb79dfa	212442	True	performance
live	performance	elxt-90	926	Elxt 90	1220	rgsmoothgallery	1709	fileadmin/s-maj/images/BilderMaja/2000Elxt90/spama_ehof.jpg	live/performance/elxt-90/spama_ehof.jpg	efce33e4e95c879e01c16ef5522163c5f080402c49599a1d045960a729ad679b	170295	True	performance
live	performance	elxt-90	926	Elxt 90	1220	rgsmoothgallery	1682	fileadmin/s-maj/images/BilderMaja/2000Elxt90/wheel_kreuzberg1.jpg	live/performance/elxt-90/wheel_kreuzberg1.jpg	820db6d48aef5ed4e754e77ce71c6bfec6dab6fc5501fb714c229104a96a3b34	293626	True	performance
live	performance	elxt-90	926	Elxt 90	1220	rgsmoothgallery	1695	fileadmin/s-maj/images/BilderMaja/2000Elxt90/wheel_teknival2000_1.jpg	live/performance/elxt-90/wheel_teknival2000_1.jpg	76915f277e88aba2f7cfd3fad64cf729ecccb9cbe074109e1700e61ab8317661	126259	True	performance
live	performance	elxt-90	926	Elxt 90	1220	rgsmoothgallery	1719	fileadmin/s-maj/images/BilderMaja/2000Elxt90/wheel_teknival2000_2.jpg	live/performance/elxt-90/wheel_teknival2000_2.jpg	9080e6bb1792a96e0e89a4c3a9dc0e0e35de323acda1f77d5b147a6baa516b0a	137170	True	performance
live	performance	elxt-90	926	Elxt 90	1220	rgsmoothgallery	1697	fileadmin/s-maj/images/BilderMaja/2000Elxt90/totale_lugano.jpg	live/performance/elxt-90/totale_lugano.jpg	7ba88b1a29ee67814f0b6b5155dab4a98b41e63cee47c39be15ae73abf798de2	214036	True	performance
live	performance	elxt-90	926	Elxt 90	1220	rgsmoothgallery	1728	fileadmin/s-maj/images/BilderMaja/2000Elxt90/helmets_roma.jpg	live/performance/elxt-90/helmets_roma.jpg	51789d7894c248f3b423d55c12bb8cb4e394e898c347490d894bd855e3d55013	177318	True	performance
live	performance	elxt-90	926	Elxt 90	1220	rgsmoothgallery	1701	fileadmin/s-maj/images/BilderMaja/2000Elxt90/helmet_marc_lozan.jpg	live/performance/elxt-90/helmet_marc_lozan.jpg	27f08879e1bc6645e0100bb34e49c7359a10c3145d36cad88edd5618007c91fc	184527	True	performance
live	performance	elxt-90	926	Elxt 90	1220	rgsmoothgallery	1680	fileadmin/s-maj/images/BilderMaja/2000Elxt90/erico_lozan_explosion1.jpg	live/performance/elxt-90/erico_lozan_explosion1.jpg	a846a98840ac0b7a42324f09a166ba1fd6eb23d819ac7762b848954e727f9621	77744	True	performance
live	performance	elxt-90	926	Elxt 90	1220	rgsmoothgallery	1722	fileadmin/s-maj/images/BilderMaja/2000Elxt90/erico_lozan_explosion2.jpg	live/performance/elxt-90/erico_lozan_explosion2.jpg	9f4aaf2a0da719d925716c86f80ff5ba20422dc6f57a672df85eaf14d9d875ae	110418	True	performance
live	sculptural-work	pleitegeier	997	Pleitegeier	1362	rgsmoothgallery	1731	fileadmin/s-maj/images/BilderMaja/2008pleitegeier/IMG_0080.jpg	live/sculptural-work/pleitegeier/IMG_0080.jpg	cf093bf2aee9b0471bc18b05ff5849bba4a40e81ec8aceadfb12c5716dd0d1c9	138032	True	sculptures-or-installations
live	performance	elxt-90	926	Elxt 90	1220	rgsmoothgallery	1727	fileadmin/s-maj/images/BilderMaja/2000Elxt90/mar_xtions1.jpg	live/performance/elxt-90/mar_xtions1.jpg	fd7ef462dd9fe8caafc2244d6cc0c8059fc438140ffa26ddc61c118c1a6c7b22	103466	True	performance
live	performance	elxt-90	926	Elxt 90	1220	rgsmoothgallery	1710	fileadmin/s-maj/images/BilderMaja/2000Elxt90/mar_xtions2.jpg	live/performance/elxt-90/mar_xtions2.jpg	27faafaee1f8f3e896f6a31db7f235315708a2141be467a7db4b16cb65f81924	107496	True	performance
live	about	press	981	press	1455	rgsmoothgallery	1173	fileadmin/s-maj/images/BilderMaja/presse/1996_rueinladung.jpg	live/about/press/1996_rueinladung.jpg	5cab899a367a83626a93fa73ab8a04cf96f3f2866ddf1df01ec9cf180aa36240	388138	True	
live	about	press	981	press	1455	rgsmoothgallery	1165	fileadmin/s-maj/images/BilderMaja/presse/1996_ru-presseerklarung.jpg	live/about/press/1996_ru-presseerklarung.jpg	4b4c0a55de7632b51bc3f6c9c3ba97d26b43689352ea8d48e495edaebd876a44	500710	True	
live	about	press	981	press	1455	rgsmoothgallery	1158	fileadmin/s-maj/images/BilderMaja/presse/1996_ru1.jpg	live/about/press/1996_ru1.jpg	6d9053545b0669565a5c90c8534cbf33f01d08cfc99c0334d96888a86b8a5f30	950811	True	
live	about	press	981	press	1455	rgsmoothgallery	1145	fileadmin/s-maj/images/BilderMaja/presse/1996_ru3.jpg	live/about/press/1996_ru3.jpg	dc0365cd17a365b4351e7a9a9a104c99bfadd8498deea96699792699258288f0	998427	True	
live	about	press	981	press	1455	rgsmoothgallery	1171	fileadmin/s-maj/images/BilderMaja/presse/1996_ru2.jpg	live/about/press/1996_ru2.jpg	d2e3f17214cdc4797aa64ec98a4c93f9f3b8f665875180bb3ef360d8ae354e8f	465681	True	
live	about	press	981	press	1455	rgsmoothgallery	1143	fileadmin/s-maj/images/BilderMaja/presse/1996_ru4.jpg	live/about/press/1996_ru4.jpg	d3deeb426911f59fa32d333f3267a11038a52309acb512c64cdb418baf2e1b88	563255	True	
live	about	press	981	press	1455	rgsmoothgallery	1147	fileadmin/s-maj/images/BilderMaja/presse/ru6.jpg	live/about/press/ru6.jpg	3cfb800210705ee2a717b5a66d90184533891a91d11664acdd4f73ff6c62a595	584677	True	
live	about	press	981	press	1455	rgsmoothgallery	1138	fileadmin/s-maj/images/BilderMaja/presse/1996_ru7.jpg	live/about/press/1996_ru7.jpg	dbd5bb73c87cb5773e2738223089225cb8ee09b65c2e6b1f56198752a8d4cf11	595421	True	
live	about	press	981	press	1455	rgsmoothgallery	1146	fileadmin/s-maj/images/BilderMaja/presse/1996_ru-ubersetzungen.jpg	live/about/press/1996_ru-ubersetzungen.jpg	ffb8ad02055cb827acf651aa45a6d1225e8959341da2104e5dc7513cd9f61acc	300377	True	
live	about	press	981	press	1455	rgsmoothgallery	1161	fileadmin/s-maj/images/BilderMaja/presse/1995_ew1.jpg	live/about/press/1995_ew1.jpg	5122f29f2dce7b404b41262f425a65cbbac53e2d533b798b650ddf9047682d06	589921	True	
live	about	press	981	press	1455	rgsmoothgallery	1139	fileadmin/s-maj/images/BilderMaja/presse/1995_denhaag2.jpg	live/about/press/1995_denhaag2.jpg	0feaf85820a2a4b8ef60a1b51c3c6b6609b0305e5e9181cb408fa0f072c68067	987954	True	
live	about	press	981	press	1455	rgsmoothgallery	1159	fileadmin/s-maj/images/BilderMaja/presse/1995_ew2.jpg	live/about/press/1995_ew2.jpg	0d7d17fc2020b55e4cc91fb2efa7d618fbd5daf02418259954bfdb7b4e14dfa1	762259	True	
live	about	press	981	press	1455	rgsmoothgallery	1169	fileadmin/s-maj/images/BilderMaja/presse/1995ew3.jpg	live/about/press/1995ew3.jpg	3e94fe21f3279f48a4ede578dcad02150643383aa5fc3ad9bf3fbc9e0cf19391	748420	True	
live	about	press	981	press	1455	rgsmoothgallery	1168	fileadmin/s-maj/images/BilderMaja/presse/1995_ew4.jpg	live/about/press/1995_ew4.jpg	e4c57f56dfe73f628e59ac3b3c3693e92af60e42098f76fa95fa69e380307964	739753	True	
live	about	press	981	press	1455	rgsmoothgallery	1160	fileadmin/s-maj/images/BilderMaja/presse/1995_ew6.jpg	live/about/press/1995_ew6.jpg	76ac351d26a3d611ae7231cc1e80341ba08d0b6494ac44da20c3b0d0f79a5b2c	542455	True	
live	about	press	981	press	1455	rgsmoothgallery	1148	fileadmin/s-maj/images/BilderMaja/presse/1995_ew7.jpg	live/about/press/1995_ew7.jpg	e4d12ff98f5d923bc0a03bc03c9a8a1154d996b5949ab58b238aa020e8ebb713	464045	True	
live	about	press	981	press	1455	rgsmoothgallery	1150	fileadmin/s-maj/images/BilderMaja/presse/1995_ew5.jpg	live/about/press/1995_ew5.jpg	2e56a3b3f5f6febe5c4a9ed8f78e7b2f024e88d6f9968a5d7d2b4bd0e25f4255	1864309	True	
live	about	press	981	press	1455	rgsmoothgallery	1144	fileadmin/s-maj/images/BilderMaja/presse/1995_Rock-preis.jpg	live/about/press/1995_Rock-preis.jpg	a794b82776555589fbb05a5e7dfb54cea38e20ae166ab3b4c1ed9f33bdc6482b	278113	True	
live	about	press	981	press	1455	rgsmoothgallery	1157	fileadmin/s-maj/images/BilderMaja/presse/1995_felix_regula3.jpg	live/about/press/1995_felix_regula3.jpg	de4defe772dfc08fd796b17691ebf3f8f4d5dea1c497f673e02b0849fc7cd7e0	599947	True	
live	about	press	981	press	1455	rgsmoothgallery	1152	fileadmin/s-maj/images/BilderMaja/presse/felix_regula2.jpg	live/about/press/felix_regula2.jpg	b7284fac7594c806b9c4e84e2941ddffa5576cc0adefa5a6f3a5ce4d00ba54aa	692778	True	
live	about	press	981	press	1455	rgsmoothgallery	1141	fileadmin/s-maj/images/BilderMaja/presse/1994_felix_regula.jpg	live/about/press/1994_felix_regula.jpg	5e524169677e79459901287c13c23ff18f131bbdea0e627623d9351afdd4f5aa	880253	True	
live	about	press	981	press	1455	rgsmoothgallery	1167	fileadmin/s-maj/images/BilderMaja/presse/1994_prag.jpg	live/about/press/1994_prag.jpg	f6be8be4fee8f6dc907c03c27521a983762eeb524d3a0e17efc2a04b673bb1fa	372215	True	
live	about	press	981	press	1455	rgsmoothgallery	1142	fileadmin/s-maj/images/BilderMaja/presse/1993_wohlgrott.jpg	live/about/press/1993_wohlgrott.jpg	a0597b2f18cddcfae29a0d080186d82af2f8ae81b18a9866d283c443e27e5e3b	635035	True	
live	about	press	981	press	1455	rgsmoothgallery	1151	fileadmin/s-maj/images/BilderMaja/presse/1993_wohlgrott2.jpg	live/about/press/1993_wohlgrott2.jpg	94a29bd5e512ae779c8f47d6702d6f8857055ae83cf4f810f59da311724a59e9	421415	True	
live	murals	felix-und-regula	918	Felix und Regula	1202	rgsmoothgallery	1783	fileadmin/s-maj/images/BilderMaja/1994muralsFassaden/1994FelixRegula/f1.jpg	live/murals/felix-und-regula/f1.jpg	68125abf8f9294b135c585153bf74c9f509e67f75ba6a3ebe4f3b70c7bcbad1b	318593	True	paintings
live	murals	felix-und-regula	918	Felix und Regula	1202	rgsmoothgallery	1782	fileadmin/s-maj/images/BilderMaja/1994muralsFassaden/1994FelixRegula/f2.jpg	live/murals/felix-und-regula/f2.jpg	4acfa8fbb1dcf0715ff85ec34bb4c1098f7ee76f24acb56f1c2532f9cbf12871	318398	True	paintings
live	murals	felix-und-regula	918	Felix und Regula	1202	rgsmoothgallery	1780	fileadmin/s-maj/images/BilderMaja/1994muralsFassaden/1994FelixRegula/f3.jpg	live/murals/felix-und-regula/f3.jpg	912f28f7077285cabeff10ffeef6cb1fb18396bc94526c054cc9c6f7c042d425	325324	True	paintings
live	murals	felix-und-regula	918	Felix und Regula	1202	rgsmoothgallery	1774	fileadmin/s-maj/images/BilderMaja/1994muralsFassaden/1994FelixRegula/f4.jpg	live/murals/felix-und-regula/f4.jpg	6b6235f8d367c7f47383b8a610f5f8b09753e6bc2a6d5f9f0619e22bd4d9d0ad	303185	True	paintings
live	murals	felix-und-regula	918	Felix und Regula	1202	rgsmoothgallery	1778	fileadmin/s-maj/images/BilderMaja/1994muralsFassaden/1994FelixRegula/f5.jpg	live/murals/felix-und-regula/f5.jpg	4bd57fa18bb9f0a9a467dd9e06284370841817b8fec18238a0df51d53ebfbcfd	272608	True	paintings
live	murals	felix-und-regula	918	Felix und Regula	1202	rgsmoothgallery	1776	fileadmin/s-maj/images/BilderMaja/1994muralsFassaden/1994FelixRegula/f6.jpg	live/murals/felix-und-regula/f6.jpg	cc41543122660a7593c5dbceb5fd98e82eb6baa56970eeefa9b08a86ce9c5237	228915	True	paintings
live	murals	felix-und-regula	918	Felix und Regula	1202	rgsmoothgallery	1773	fileadmin/s-maj/images/BilderMaja/1994muralsFassaden/1994FelixRegula/f7.jpg	live/murals/felix-und-regula/f7.jpg	66a05e05c310bbb6c5461229f582d1d779b0b35b22a26724b2fdcfd281644508	190912	True	paintings
live	murals	felix-und-regula	918	Felix und Regula	1202	rgsmoothgallery	1779	fileadmin/s-maj/images/BilderMaja/1994muralsFassaden/1994FelixRegula/f8.jpg	live/murals/felix-und-regula/f8.jpg	540cbf7eff24e96b18d7e00909e2d5d693f39ee09277d9f2a9e61a7a006e7c04	265960	True	paintings
live	murals	felix-und-regula	918	Felix und Regula	1202	rgsmoothgallery	1777	fileadmin/s-maj/images/BilderMaja/1994muralsFassaden/1994FelixRegula/f9.jpg	live/murals/felix-und-regula/f9.jpg	3bda13d5dbedf391e72dd830fd98b1cdbfd7825ca3a4077c42902dbecd547150	275932	True	paintings
live	sculptural-work	lizard	999	Lizard	1366	rgsmoothgallery	1770	fileadmin/s-maj/images/BilderMaja/2007WheelOfPower/lizard5.jpg	live/sculptural-work/lizard/lizard5.jpg	f5034a18e100f4c94c4898043ee9126b753f3c8ea6d187589b3da92d57863f45	248493	True	sculptures-or-installations
live	sculptural-work	lizard	999	Lizard	1366	rgsmoothgallery	1772	fileadmin/s-maj/images/BilderMaja/2007WheelOfPower/lizard9.jpg	live/sculptural-work/lizard/lizard9.jpg	cbfa7d7b45b6eac7cd2f28e3d7c2e279c30b02c3b6045ec0d7eb169b258ab06c	171403	True	sculptures-or-installations
live	sculptural-work	lizard	999	Lizard	1366	rgsmoothgallery	1771	fileadmin/s-maj/images/BilderMaja/2007WheelOfPower/lizard7.jpg	live/sculptural-work/lizard/lizard7.jpg	e4692c07cfe8a4e735dba4900d062582124178179856bba5189272ea2449dfdf	188829	True	sculptures-or-installations
hidden	sculptural-work	bird-couple	1001	Bird Couple	1373	rgsmoothgallery	1785	fileadmin/s-maj/images/BilderMaja/2009vogelpaar/DSC01253.jpg	hidden/sculptural-work/bird-couple/DSC01253.jpg	cd46b62450ed8199c7ba9c29b942910346aefe554c8a75734eb425caaab98143	220481	True	sculptures-or-installations
hidden	sculptural-work	bird-couple	1001	Bird Couple	1373	rgsmoothgallery	1784	fileadmin/s-maj/images/BilderMaja/2009vogelpaar/DSC01252.jpg	hidden/sculptural-work/bird-couple/DSC01252.jpg	711540060c2831cf16a74b04baf6d95446fd7b65d7c48b35ffbfaf8bb86051a1	235709	True	sculptures-or-installations
hidden	sculptural-work	bird-couple	1001	Bird Couple	1373	rgsmoothgallery	1786	fileadmin/s-maj/images/BilderMaja/2009vogelpaar/DSC01256.jpg	hidden/sculptural-work/bird-couple/DSC01256.jpg	f8288b2da401a03c16a7d5d715ec9c9db1edad0beb92aede7e342a9ce901bb3a	129401	True	sculptures-or-installations
hidden	other-sites	pyrofessor	801	Feuershow für Kids	1464	tx_damttcontent_files	1788	fileadmin/s-pf/images/Show/domäne_mandelbrenner.jpg	hidden/other-sites/pyrofessor/domäne_mandelbrenner.jpg			False	
live	sculptural-work	kalandraka	938	Kalandraka	1245	rgsmoothgallery	1801	fileadmin/s-maj/images/BilderMaja/2008Kalandraka/IMG_2548.jpg	live/sculptural-work/kalandraka/IMG_2548.jpg	5ce39aedf091230fca4aff385bb592b40bac7557ed350f69d255f78745ac54cd	459752	True	sculptures-or-installations
live	sculptural-work	nova	1026	Nova	1481	rgsmoothgallery	1844	fileadmin/s-maj/images/BilderMaja/2009nova3/hidden.jpg	live/sculptural-work/nova/hidden.jpg	7ca1b976036b9d0fa829414a4424a655802748bab8935709cc6764579f9b17c6	152066	True	sculptures-or-installations
live	sculptural-work	kalandraka	938	Kalandraka	1245	rgsmoothgallery	1799	fileadmin/s-maj/images/BilderMaja/2008Kalandraka/kalandraka_005.jpg	live/sculptural-work/kalandraka/kalandraka_005.jpg	fe08b80d7e2cb9b1d5e6c1dd5d2a6dfd2dfc6b1b66549d69676f017dfcdfa718	1029333	True	sculptures-or-installations
live	sculptural-work	kalandraka	938	Kalandraka	1245	rgsmoothgallery	1797	fileadmin/s-maj/images/BilderMaja/2008Kalandraka/PICT4236.jpg	live/sculptural-work/kalandraka/PICT4236.jpg	c33f24b8e0f966fc5a28fa258a825677e55feec66aed1764ed3804dc0dcc80b2	706154	True	sculptures-or-installations
live	sculptural-work	kalandraka	938	Kalandraka	1245	rgsmoothgallery	1798	fileadmin/s-maj/images/BilderMaja/2008Kalandraka/PICT4224.jpg	live/sculptural-work/kalandraka/PICT4224.jpg	5c6a3e76e31495fef573bed885dd545de2a73cb67fec9e6db69cd343e38ed052	727407	True	sculptures-or-installations
live	sculptural-work	kalandraka	938	Kalandraka	1245	rgsmoothgallery	1796	fileadmin/s-maj/images/BilderMaja/2008Kalandraka/PICT4222.jpg	live/sculptural-work/kalandraka/PICT4222.jpg	4558769cdc59c632c2843c785d9ebc5cffd530f48c5a97e8cea98abe8ec004fc	789239	True	sculptures-or-installations
live	sculptural-work	kalandraka	938	Kalandraka	1245	rgsmoothgallery	1794	fileadmin/s-maj/images/BilderMaja/2008Kalandraka/Kalandraka3.jpg	live/sculptural-work/kalandraka/Kalandraka3.jpg	bc7f50eec8e9586b293a413b82acbcbc523e5154c2624de3b9417872bae0f6a1	561039	True	sculptures-or-installations
live	sculptural-work	kalandraka	938	Kalandraka	1245	rgsmoothgallery	1793	fileadmin/s-maj/images/BilderMaja/2008Kalandraka/DSC_0002.jpg	live/sculptural-work/kalandraka/DSC_0002.jpg	b17102f255cc20d93ea23e50280c32160d0ae08b7bb0b2bb4d8a26fbddc34029	608315	True	sculptures-or-installations
live	sculptural-work	kalandraka	938	Kalandraka	1245	rgsmoothgallery	1792	fileadmin/s-maj/images/BilderMaja/2008Kalandraka/kalandraka_008.jpg	live/sculptural-work/kalandraka/kalandraka_008.jpg	6092155f91813efeb0c62d13ffb986a46ab2325934e9e83b959433e4e3913b81	1129923	True	sculptures-or-installations
live	sculptural-work	kalandraka	938	Kalandraka	1245	rgsmoothgallery	1790	fileadmin/s-maj/images/BilderMaja/2008Kalandraka/IMG_2567.jpg	live/sculptural-work/kalandraka/IMG_2567.jpg	61a62b1b8081a47a3e4039c1fddcc229788a811876a8632a6d4c52e857ab206e	555722	True	sculptures-or-installations
live	sculptural-work	kalandraka	938	Kalandraka	1245	rgsmoothgallery	1791	fileadmin/s-maj/images/BilderMaja/2008Kalandraka/kalandraka_010.jpg	live/sculptural-work/kalandraka/kalandraka_010.jpg	9fba842e5e318630edb93ce5e78d59849d1b0e23b090fdeb61142c790b188e2d	1094378	True	sculptures-or-installations
live	sculptural-work	kalandraka	938	Kalandraka	1245	rgsmoothgallery	1795	fileadmin/s-maj/images/BilderMaja/2008Kalandraka/kalandraka_002.jpg	live/sculptural-work/kalandraka/kalandraka_002.jpg	7a0bc538ce1dc60c64b8aba9f333e166d0472354becb63348ff4bc043f07e036	1152673	True	sculptures-or-installations
live	sculptural-work	kalandraka	938	Kalandraka	1245	rgsmoothgallery	1789	fileadmin/s-maj/images/BilderMaja/2008Kalandraka/PICT4226.jpg	live/sculptural-work/kalandraka/PICT4226.jpg	b7d9f0bcde9b31b98605eff221c5410b88f4f6ef147e214a69b8a090fa69d75a	728707	True	sculptures-or-installations
live	sculptural-work	car-wreck	1027	Car Wreck	1483	rgsmoothgallery	1830	fileadmin/s-maj/images/BilderMaja/2009carwreck/hanging1small.jpg	live/sculptural-work/car-wreck/hanging1small.jpg	3119fb054befe7d95b9534c28713408c435680eb415d60b6400a62522dd4fce4	139493	True	sculptures-or-installations
live	sculptural-work	car-wreck	1027	Car Wreck	1483	rgsmoothgallery	1834	fileadmin/s-maj/images/BilderMaja/2009carwreck/hanging3small.jpg	live/sculptural-work/car-wreck/hanging3small.jpg	2a2328417c858cc4ffd7c32ae48f544d3216c6bedf2112cebf102c4944f7fc5f	75533	True	sculptures-or-installations
live	sculptural-work	car-wreck	1027	Car Wreck	1483	rgsmoothgallery	1831	fileadmin/s-maj/images/BilderMaja/2009carwreck/hanging5small.jpg	live/sculptural-work/car-wreck/hanging5small.jpg	0ca69091a7e96c62e2ae2dca90b30744291baae750a690609e2c7166c8bfe073	84787	True	sculptures-or-installations
live	sculptural-work	car-wreck	1027	Car Wreck	1483	rgsmoothgallery	1832	fileadmin/s-maj/images/BilderMaja/2009carwreck/hanging2small.jpg	live/sculptural-work/car-wreck/hanging2small.jpg	de7301c876261e35ee7107b963c71cacc9908ee9b3f268d83aedf9f47f75adfb	181583	True	sculptures-or-installations
live	sculptural-work	car-wreck	1027	Car Wreck	1483	rgsmoothgallery	1833	fileadmin/s-maj/images/BilderMaja/2009carwreck/hanging4small.jpg	live/sculptural-work/car-wreck/hanging4small.jpg	4df92263dc34b7a0f6cca22355b50eee6549240c812cd3ce0f6fdc699968fd90	104113	True	sculptures-or-installations
live	collaborations	throne	994	Throne	1356	rgsmoothgallery	2065	fileadmin/s-maj/images/BilderMaja/2008tcc/Morte_Babbo_9073__Federica_Borgato.jpg	live/collaborations/throne/Morte_Babbo_9073__Federica_Borgato.jpg	bdfcefecdcbc4c40c5e10ae94efe137d8aa77805ca7123204c78b594510c560a	160465	True	UNMAPPED
live	sculptural-work	car-wreck	1027	Car Wreck	1483	rgsmoothgallery	1829	fileadmin/s-maj/images/BilderMaja/2009carwreck/mercedessmall.jpg	live/sculptural-work/car-wreck/mercedessmall.jpg	9abc44ae844d2c530ce7c9cce9a053cd79def4afc43bb54fd1a64df93b638903	656396	True	sculptures-or-installations
live	sculptural-work	nova	1026	Nova	1481	rgsmoothgallery	1840	fileadmin/s-maj/images/BilderMaja/2009nova3/kopfseite.jpg	live/sculptural-work/nova/kopfseite.jpg	c35f5c2d7b13b4b76e48104006c08c5976c3e3002fbfb1a44efb252f7583fe5c	126918	True	sculptures-or-installations
live	sculptural-work	nova	1026	Nova	1481	rgsmoothgallery	1843	fileadmin/s-maj/images/BilderMaja/2009nova3/SDC10306.jpg	live/sculptural-work/nova/SDC10306.jpg	70b895ac754e53dacb0f66b2a16cd8ff1faa113250710228add598fc1f1d52d9	113675	True	sculptures-or-installations
live	sculptural-work	nova	1026	Nova	1481	rgsmoothgallery	1842	fileadmin/s-maj/images/BilderMaja/2009nova3/SDC10823.jpg	live/sculptural-work/nova/SDC10823.jpg	b361571c98ad126b84848725ede8827f38e291feb50eb7b2ae119268e05e4212	288637	True	sculptures-or-installations
live	sculptural-work	nova	1026	Nova	1481	rgsmoothgallery	1839	fileadmin/s-maj/images/BilderMaja/2009nova3/SDC10308.jpg	live/sculptural-work/nova/SDC10308.jpg	d1b0d879eef80fffd89cb24523e890688629e935bac1859397a1ffdf09a68ced	103546	True	sculptures-or-installations
live	sculptural-work	nova	1026	Nova	1481	rgsmoothgallery	1841	fileadmin/s-maj/images/BilderMaja/2009nova3/SDC10327.jpg	live/sculptural-work/nova/SDC10327.jpg	e1a4b84d49406467f6b01523ff5319c1ff413dedec18cf2f29c9db396dee9d84	138795	True	sculptures-or-installations
live	sculptural-work	nova	1026	Nova	1481	rgsmoothgallery	1845	fileadmin/s-maj/images/BilderMaja/2009nova3/side.jpg	live/sculptural-work/nova/side.jpg	ab3472801760ebafbd9bcd0386552a921309add3922f1665f6ca2608695a3568	123973	True	sculptures-or-installations
live	sculptural-work	nova	1026	Nova	1481	rgsmoothgallery	1846	fileadmin/s-maj/images/BilderMaja/2009nova3/center.jpg	live/sculptural-work/nova/center.jpg	6126057d9f1134743e90efd65c28b82136b05dfe616896be7726a7616bf064c3	434722	True	sculptures-or-installations
live	sculptural-work	nova	1026	Nova	1481	rgsmoothgallery	1847	fileadmin/s-maj/images/BilderMaja/2009nova3/novaexhi1.jpg	live/sculptural-work/nova/novaexhi1.jpg	c834e57b6d9653e86b8b7be96026bf5035e3766d69999c384a69d021a401b132	281103	True	sculptures-or-installations
live	sculptural-work	nova	1026	Nova	1481	rgsmoothgallery	1848	fileadmin/s-maj/images/BilderMaja/2009nova3/hand.jpg	live/sculptural-work/nova/hand.jpg	aeb7eaa4bbf99811788fcce5613d180b8425238d1e3109dcf2addfc23fc0642c	100336	True	sculptures-or-installations
live	sculptural-work	nova	1026	Nova	1481	rgsmoothgallery	1849	fileadmin/s-maj/images/BilderMaja/2009nova3/novakopf.jpg	live/sculptural-work/nova/novakopf.jpg	2a13d0153e0027d0f3a0167bdf8b29d50ea785575eca43f9590458e4c4017704	117447	True	sculptures-or-installations
live	sculptural-work	nova	1026	Nova	1481	rgsmoothgallery	1850	fileadmin/s-maj/images/BilderMaja/2009nova3/torso.jpg	live/sculptural-work/nova/torso.jpg	fc1fc972549a3223f7340bc8a633beaa4a633784ccbe24498bed64b3af2c622d	168378	True	sculptures-or-installations
deleted	other-sites	wtweb-design	852	Start	1170	tx_damttcontent_files	1854	fileadmin/s-wt/images/references/praxis2010.jpg	deleted/other-sites/wtweb-design/praxis2010.jpg	99a0ad69a7bb31fb0a9e8a53ba85c40c55520a66c298be5d2d69afd33578f8c1	109186	True	
hidden	possibilities	breath-under-water	924	Breath Under Water	1496	rgsmoothgallery	688	fileadmin/s-maj/images/BilderMaja/2005TheWhale/Front1.jpg	hidden/possibilities/breath-under-water/Front1.jpg	a3b0e032a5865a53fdd71b3c5ccb91524cfa3f2c93e9d971bee3bcc311b3ab56	281381	True	UNMAPPED
hidden	possibilities	breath-under-water	924	Breath Under Water	1496	rgsmoothgallery	691	fileadmin/s-maj/images/BilderMaja/2005TheWhale/Front2.jpg	hidden/possibilities/breath-under-water/Front2.jpg	c74c17f1ee3056f14f174414dc4687204506cb6191b4f054bd893c7744da7fc9	285975	True	UNMAPPED
hidden	possibilities	breath-under-water	924	Breath Under Water	1496	rgsmoothgallery	1436	fileadmin/s-maj/images/BilderMaja/2005TheWhale/Totaleauschnit1DOKU.jpg	hidden/possibilities/breath-under-water/Totaleauschnit1DOKU.jpg	6921044d3e971e1fdc62fbc5911fa846464a8aec6909ea6899b9edd1c1ed6c93	141752	True	UNMAPPED
hidden	possibilities	breath-under-water	924	Breath Under Water	1496	rgsmoothgallery	1424	fileadmin/s-maj/images/BilderMaja/2005TheWhale/Totaleauschnit2DOKU.jpg	hidden/possibilities/breath-under-water/Totaleauschnit2DOKU.jpg	97e1891146fc9d72514da38cecd334bb2dc30c46333cebf8168741117e79fd08	127391	True	UNMAPPED
hidden	possibilities	breath-under-water	924	Breath Under Water	1496	rgsmoothgallery	1437	fileadmin/s-maj/images/BilderMaja/2005TheWhale/4MODEL.jpg	hidden/possibilities/breath-under-water/4MODEL.jpg	9fcc8f181224350660697048bc677c7653e2a6ccaabce8690a4cc7a3a93af69f	86113	True	UNMAPPED
hidden	possibilities	breath-under-water	924	Breath Under Water	1496	rgsmoothgallery	2034	fileadmin/s-maj/images/BilderMaja/2005TheWhale/coppieghevole.jpg	hidden/possibilities/breath-under-water/coppieghevole.jpg	44bd3729bc5462e1d68d13378092e9e62a5b46ddd029e3d1b9cfa8285899e6d3	152085	True	UNMAPPED
live	possibilities	breath-under-water	924	Breath Under Water	1216	rgsmoothgallery	2034	fileadmin/s-maj/images/BilderMaja/2005TheWhale/coppieghevole.jpg	live/possibilities/breath-under-water/coppieghevole.jpg	44bd3729bc5462e1d68d13378092e9e62a5b46ddd029e3d1b9cfa8285899e6d3	152085	True	UNMAPPED
hidden	possibilities	breath-under-water	924	Breath Under Water	1496	rgsmoothgallery	678	fileadmin/s-maj/images/BilderMaja/2005TheWhale/TotaleBLAU.jpg	hidden/possibilities/breath-under-water/TotaleBLAU.jpg	b262f4db6b38c17a7eb55927eb16e0998b6868b661fcf8e93ac93889b2a45b86	190697	True	UNMAPPED
live	collaborations	elephant	1031	Elephant	1493	rgsmoothgallery	2002	fileadmin/s-maj/images/BilderMaja/2009elefant/model.jpg	live/collaborations/elephant/model.jpg	d9a6778a41fdcb3b00985f28c70e9db00e04b9ea408e4dd38a8f73cc61dad5a3	44791	True	UNMAPPED
live	collaborations	elephant	1031	Elephant	1493	rgsmoothgallery	2003	fileadmin/s-maj/images/BilderMaja/2009elefant/musicians_roof.jpg	live/collaborations/elephant/musicians_roof.jpg	44ae3ecdaef2f814f04f71cc341bb707797ef6d7ee63cd4b7a25e3d12ae34806	48476	True	UNMAPPED
live	collaborations	elephant	1031	Elephant	1493	rgsmoothgallery	2004	fileadmin/s-maj/images/BilderMaja/2009elefant/Elephant_staged.jpg	live/collaborations/elephant/Elephant_staged.jpg	6820b5660c25d3af89724e10c4072499046b088e4a13163eae6af7779ed69ca5	20051	True	UNMAPPED
live	collaborations	elephant	1031	Elephant	1493	rgsmoothgallery	2008	fileadmin/s-maj/images/BilderMaja/2009elefant/Elephant_inside.jpg	live/collaborations/elephant/Elephant_inside.jpg	9c1ea5065fc1e2ec9969d3d389fd38cb61540bd7f671c13486ab860134705732	28928	True	UNMAPPED
live	collaborations	elephant	1031	Elephant	1493	rgsmoothgallery	2009	fileadmin/s-maj/images/BilderMaja/2009elefant/parts_and_roof.jpg	live/collaborations/elephant/parts_and_roof.jpg	ce6e138c3202d48ffd7bf3523924346420f80278090adcae87ff9b171e72807f	32048	True	UNMAPPED
live	collaborations	elephant	1031	Elephant	1493	rgsmoothgallery	2010	fileadmin/s-maj/images/BilderMaja/2009elefant/Elephants_Head_close_up.jpg	live/collaborations/elephant/Elephants_Head_close_up.jpg	9d2b0730c5edf013eed0a186cb5df2b3cc86860023b7ca23fa43c8437498b815	31246	True	UNMAPPED
live	collaborations	elephant	1031	Elephant	1493	rgsmoothgallery	2012	fileadmin/s-maj/images/BilderMaja/2009elefant/Elephant_side_view.jpg	live/collaborations/elephant/Elephant_side_view.jpg	671b517f7e62972eb46f4a56b1aa67b7e265f97499523e7420db3bbe8d5d2c27	60684	True	UNMAPPED
live	collaborations	elephant	1031	Elephant	1493	rgsmoothgallery	2014	fileadmin/s-maj/images/BilderMaja/2009elefant/Elephant_in_workshop.jpg	live/collaborations/elephant/Elephant_in_workshop.jpg	2673cd0fdb516c48213d91280689cd681e5a507cf2054080a09d8e677212abee	55592	True	UNMAPPED
live	collaborations	elephant	1031	Elephant	1493	rgsmoothgallery	2017	fileadmin/s-maj/images/BilderMaja/2009elefant/Elephants_Head_in_workshop.jpg	live/collaborations/elephant/Elephants_Head_in_workshop.jpg	7f7b0a8828fa7360b321b56dd22e7bfb77fad8b618faec9ea5e26878d0941c01	27172	True	UNMAPPED
live	collaborations	elephant	1031	Elephant	1493	rgsmoothgallery	2018	fileadmin/s-maj/images/BilderMaja/2009elefant/Elefphant_on_stage.jpg	live/collaborations/elephant/Elefphant_on_stage.jpg	66579e9bd90648b16c18e950c4209e1d92a4a68a7938b3409896d7c2a92dd32c	52659	True	UNMAPPED
hidden	possibilities	breath-under-water	924	Breath Under Water	1496	rgsmoothgallery	1432	fileadmin/s-maj/images/BilderMaja/2005TheWhale/8TAIL.jpg	hidden/possibilities/breath-under-water/8TAIL.jpg	fdfc2abceb7397594b5c0258fa9b91771a5db81c3ed7b7cd8d31080849f0ed5e	104883	True	UNMAPPED
hidden	possibilities	breath-under-water	924	Breath Under Water	1496	rgsmoothgallery	1434	fileadmin/s-maj/images/BilderMaja/2005TheWhale/9ENTRANCE.jpg	hidden/possibilities/breath-under-water/9ENTRANCE.jpg	ca1222e542772a03470a9f00d66c2e5850282f84b0bf9cbb8e8617c438c18227	92030	True	UNMAPPED
hidden	possibilities	breath-under-water	924	Breath Under Water	1496	rgsmoothgallery	1429	fileadmin/s-maj/images/BilderMaja/2005TheWhale/10TAILmovement.jpg	hidden/possibilities/breath-under-water/10TAILmovement.jpg	7508decf208ae26890acc4b1d83d556d30062a75a3fbc5d13e21963d12689a67	96623	True	UNMAPPED
hidden	possibilities	breath-under-water	924	Breath Under Water	1496	rgsmoothgallery	1421	fileadmin/s-maj/images/BilderMaja/2005TheWhale/14LUNGS1.jpg	hidden/possibilities/breath-under-water/14LUNGS1.jpg	45c2dee17d78497c18f69b79788e0d4a65dca6b8e99890315e5b2c60c765217f	89479	True	UNMAPPED
hidden	possibilities	breath-under-water	924	Breath Under Water	1496	rgsmoothgallery	1422	fileadmin/s-maj/images/BilderMaja/2005TheWhale/15LUNGS2.jpg	hidden/possibilities/breath-under-water/15LUNGS2.jpg	a945f54bc2164b7001a8274d9ae091b76529edbce98764ddf5c5a5ee64a7e560	86783	True	UNMAPPED
hidden	possibilities	breath-under-water	924	Breath Under Water	1496	rgsmoothgallery	1427	fileadmin/s-maj/images/BilderMaja/2005TheWhale/16HEART1.jpg	hidden/possibilities/breath-under-water/16HEART1.jpg	208430080d6dbbe6bdf196eaf23417143f91a9222c8d5c256af68678678bbba6	100961	True	UNMAPPED
hidden	possibilities	breath-under-water	924	Breath Under Water	1496	rgsmoothgallery	1433	fileadmin/s-maj/images/BilderMaja/2005TheWhale/17HEART2.jpg	hidden/possibilities/breath-under-water/17HEART2.jpg	5ddd165e443c7d751e3f5f7da5d57075f20a495805d7785e2470472b8ba0a47f	71543	True	UNMAPPED
hidden	possibilities	breath-under-water	924	Breath Under Water	1496	rgsmoothgallery	1419	fileadmin/s-maj/images/BilderMaja/2005TheWhale/18BRAIN1.jpg	hidden/possibilities/breath-under-water/18BRAIN1.jpg	7a911b11936295ef3940db9ccb5bd3503c9b57176ccd20fc7002970e4f1b43a1	108047	True	UNMAPPED
hidden	possibilities	breath-under-water	924	Breath Under Water	1496	rgsmoothgallery	1423	fileadmin/s-maj/images/BilderMaja/2005TheWhale/19BRAIN2.jpg	hidden/possibilities/breath-under-water/19BRAIN2.jpg	b7b9326e9f7ac5545b8d16328ac42193c1cd4ef4b96ee60869f9070781cc0498	85455	True	UNMAPPED
hidden	possibilities	breath-under-water	924	Breath Under Water	1496	rgsmoothgallery	1426	fileadmin/s-maj/images/BilderMaja/2005TheWhale/20DOOR.jpg	hidden/possibilities/breath-under-water/20DOOR.jpg	cd2c06cdf98332dba1259fed92c2f6c8fa6d3abaf36a633ea9554659162a7915	109197	True	UNMAPPED
hidden	possibilities	breath-under-water	924	Breath Under Water	1496	rgsmoothgallery	1428	fileadmin/s-maj/images/BilderMaja/2005TheWhale/brain_sheet.jpg	hidden/possibilities/breath-under-water/brain_sheet.jpg	3a5c5a063857b6b84ea7e15379bc53cd2915789fee33ffa217647fbc68a74d0a	120067	True	UNMAPPED
hidden	possibilities	breath-under-water	924	Breath Under Water	1496	rgsmoothgallery	681	fileadmin/s-maj/images/BilderMaja/2005TheWhale/bluewhaleStudies.jpg	hidden/possibilities/breath-under-water/bluewhaleStudies.jpg	75a53da24467cf6d0cd1d124d300692edcbd2654bf3693744e5b298116bbcb39	100329	True	UNMAPPED
hidden	possibilities	breath-under-water	924	Breath Under Water	1496	rgsmoothgallery	1438	fileadmin/s-maj/images/BilderMaja/2005TheWhale/Movementstudies3.jpg	hidden/possibilities/breath-under-water/Movementstudies3.jpg	1fe70c75e69e7486a064a642157015d4378fc33fd784f74ef9927e024e9938f1	93371	True	UNMAPPED
hidden	possibilities	breath-under-water	924	Breath Under Water	1496	rgsmoothgallery	676	fileadmin/s-maj/images/BilderMaja/2005TheWhale/Movementstudies2.jpg	hidden/possibilities/breath-under-water/Movementstudies2.jpg	240c3e0effe2e8c11e8e0d71d21f8b78d11066660dc5e0dfc476a4b51c1fba45	69300	True	UNMAPPED
hidden	possibilities	breath-under-water	924	Breath Under Water	1496	rgsmoothgallery	684	fileadmin/s-maj/images/BilderMaja/2005TheWhale/SpineWithTitel.jpg	hidden/possibilities/breath-under-water/SpineWithTitel.jpg	563468db87f828466075a32116fade9be7f957c6ec6183df13f8ba4f67486db6	171709	True	UNMAPPED
hidden	possibilities	breath-under-water	924	Breath Under Water	1496	rgsmoothgallery	1417	fileadmin/s-maj/images/BilderMaja/2005TheWhale/Muscle_studies.jpg	hidden/possibilities/breath-under-water/Muscle_studies.jpg	8eebafac7d49f1f42d29439727b9b1041c5a5b82b88734d8a18224732acc0623	206881	True	UNMAPPED
hidden	possibilities	breath-under-water	924	Breath Under Water	1496	rgsmoothgallery	1410	fileadmin/s-maj/images/BilderMaja/2005TheWhale/Structure_bassin.jpg	hidden/possibilities/breath-under-water/Structure_bassin.jpg	8b150407bb6606fb6595b707b534c5401797c552c212de6cd3ef54e615e02125	100218	True	UNMAPPED
hidden	possibilities	breath-under-water	924	Breath Under Water	1496	rgsmoothgallery	1431	fileadmin/s-maj/images/BilderMaja/2005TheWhale/hipbone_backview.jpg	hidden/possibilities/breath-under-water/hipbone_backview.jpg	71fb12384a205ec0690b43b1ee0064ef2b3613c3a8d5a6fb1f73e610072504cc	45481	True	UNMAPPED
hidden	possibilities	breath-under-water	924	Breath Under Water	1496	rgsmoothgallery	1406	fileadmin/s-maj/images/BilderMaja/2005TheWhale/builduptec.jpg	hidden/possibilities/breath-under-water/builduptec.jpg	ffaef587bb0323e9abaf5cdb2323000e50575998b4b7099e31b1680ecfcbe3cd	98859	True	UNMAPPED
hidden	possibilities	breath-under-water	924	Breath Under Water	1496	rgsmoothgallery	1412	fileadmin/s-maj/images/BilderMaja/2005TheWhale/model_1-10_persp_.jpg	hidden/possibilities/breath-under-water/model_1-10_persp_.jpg	86924cb3db05f835b71f955a923e5243ef271d44c505dff39c863373ea82f2b3	86005	True	UNMAPPED
hidden	possibilities	breath-under-water	924	Breath Under Water	1496	rgsmoothgallery	1404	fileadmin/s-maj/images/BilderMaja/2005TheWhale/whale-model-med__.jpg	hidden/possibilities/breath-under-water/whale-model-med__.jpg	51ad3db6dca9163dbee6a3fff02697df2fd4076b28332f8735b4c95043eba762	45344	True	UNMAPPED
hidden	possibilities	breath-under-water	924	Breath Under Water	1496	rgsmoothgallery	1418	fileadmin/s-maj/images/BilderMaja/2005TheWhale/workState1_100.jpg	hidden/possibilities/breath-under-water/workState1_100.jpg	301fe9c07244d3e9a861849d243e27c28379d9b9a06bb1211b2a7aa5c29b1a57	32494	True	UNMAPPED
hidden	possibilities	breath-under-water	924	Breath Under Water	1496	rgsmoothgallery	1420	fileadmin/s-maj/images/BilderMaja/2005TheWhale/form_studies22.jpg	hidden/possibilities/breath-under-water/form_studies22.jpg	4a8cb183a760a4b6b016f601c640cfea328e59cb07bb7cf8046147245d13d625	84380	True	UNMAPPED
hidden	possibilities	breath-under-water	924	Breath Under Water	1496	rgsmoothgallery	1411	fileadmin/s-maj/images/BilderMaja/2005TheWhale/form32.jpg	hidden/possibilities/breath-under-water/form32.jpg	f24090ee98e39557464575699f0df015c33e48f8be7852a5c4b38ff724579c4a	41648	True	UNMAPPED
hidden	possibilities	breath-under-water	924	Breath Under Water	1496	rgsmoothgallery	1408	fileadmin/s-maj/images/BilderMaja/2005TheWhale/up_far.jpg	hidden/possibilities/breath-under-water/up_far.jpg	7ee30911cacc139ac5a030fdcbc3869bd465e00d4241c8db06c2652060fd5fda	45036	True	UNMAPPED
hidden	possibilities	breath-under-water	924	Breath Under Water	1496	rgsmoothgallery	1435	fileadmin/s-maj/images/BilderMaja/2005TheWhale/nearbackview.jpg	hidden/possibilities/breath-under-water/nearbackview.jpg	ba8a36b4626a5c854043ab5d3e051b136bd1663c26cec06ed217e3d54d2a0aff	68513	True	UNMAPPED
hidden	possibilities	breath-under-water	924	Breath Under Water	1496	rgsmoothgallery	1414	fileadmin/s-maj/images/BilderMaja/2005TheWhale/persp_backback.jpg	hidden/possibilities/breath-under-water/persp_backback.jpg	d10d2099386a24ceab97036c6863abcd55a492c26213e7d7e9b61dbb38b99623	65479	True	UNMAPPED
hidden	possibilities	breath-under-water	924	Breath Under Water	1496	rgsmoothgallery	1415	fileadmin/s-maj/images/BilderMaja/2005TheWhale/desertframe.jpg	hidden/possibilities/breath-under-water/desertframe.jpg	dc2164c20655f3176a38b59e26b7edb513bd6d70a610fc86a56df1128461ff9d	68313	True	UNMAPPED
hidden	possibilities	breath-under-water	924	Breath Under Water	1496	rgsmoothgallery	1430	fileadmin/s-maj/images/BilderMaja/2005TheWhale/nightvision.jpg	hidden/possibilities/breath-under-water/nightvision.jpg	f5ab419f30881b71b400182f6426bf76f41f9302be3d3934cb35f0b94c4f79d9	26508	True	UNMAPPED
hidden	possibilities	breath-under-water	924	Breath Under Water	1496	rgsmoothgallery	1425	fileadmin/s-maj/images/BilderMaja/2005TheWhale/newyork.jpg	hidden/possibilities/breath-under-water/newyork.jpg	177eb4431282af34822314972dd356c3df036e79267609757cd2eaade5890231	202481	True	UNMAPPED
hidden	possibilities	breath-under-water	924	Breath Under Water	1496	rgsmoothgallery	2035	fileadmin/s-maj/images/BilderMaja/2005TheWhale/whaledocnew/The_Whale_tuned_FR127.jpg	hidden/possibilities/breath-under-water/The_Whale_tuned_FR127.jpg	f2d3beaaf0f0ee331df44b2559237603a0ab8a85c171410726c42e63a7d0138f	92815	True	UNMAPPED
hidden	possibilities	breath-under-water	924	Breath Under Water	1496	rgsmoothgallery	2036	fileadmin/s-maj/images/BilderMaja/2005TheWhale/whaledocnew/The_Whale_tuned_FR114.jpg	hidden/possibilities/breath-under-water/The_Whale_tuned_FR114.jpg	ab8d8f6b54b5636d9cc8750e450211e3615976eb2976832d8dc6e6298d5035bb	86083	True	UNMAPPED
live	possibilities	breath-under-water	924	Breath Under Water	1216	rgsmoothgallery	2039	fileadmin/s-maj/images/BilderMaja/2005TheWhale/whaledocnew/structure_FR112.jpg	live/possibilities/breath-under-water/structure_FR112.jpg	7d95488fe2a024a96ca57b7b5c3395b28a793cee3ddef0544dee39b32012e8e3	108765	True	UNMAPPED
live	possibilities	breath-under-water	924	Breath Under Water	1216	rgsmoothgallery	2044	fileadmin/s-maj/images/BilderMaja/2005TheWhale/whaledocnew/buildup_FR113.jpg	live/possibilities/breath-under-water/buildup_FR113.jpg	60503d4d97f7744c7bfcaeef556ecc3a61d4dcd1aa5b356e5f369d904cb1d075	79486	True	UNMAPPED
live	possibilities	breath-under-water	924	Breath Under Water	1216	rgsmoothgallery	2036	fileadmin/s-maj/images/BilderMaja/2005TheWhale/whaledocnew/The_Whale_tuned_FR114.jpg	live/possibilities/breath-under-water/The_Whale_tuned_FR114.jpg	ab8d8f6b54b5636d9cc8750e450211e3615976eb2976832d8dc6e6298d5035bb	86083	True	UNMAPPED
live	possibilities	breath-under-water	924	Breath Under Water	1216	rgsmoothgallery	2042	fileadmin/s-maj/images/BilderMaja/2005TheWhale/whaledocnew/tail_FR115.jpg	live/possibilities/breath-under-water/tail_FR115.jpg	98ce98db8c66c7385c14d60eaa27e16707c3a60da7c60352da97a8fa88a815c4	72718	True	UNMAPPED
live	possibilities	breath-under-water	924	Breath Under Water	1216	rgsmoothgallery	2043	fileadmin/s-maj/images/BilderMaja/2005TheWhale/whaledocnew/intestines_FR117.jpg	live/possibilities/breath-under-water/intestines_FR117.jpg	0f6fbd531f23b82b030cc1d6013d0a371da7959821607b38890b4b0f164eae02	71056	True	UNMAPPED
live	possibilities	breath-under-water	924	Breath Under Water	1216	rgsmoothgallery	2038	fileadmin/s-maj/images/BilderMaja/2005TheWhale/whaledocnew/stomach_FR118.jpg	live/possibilities/breath-under-water/stomach_FR118.jpg	6f5916a534b509acf6a0230365776cd5dcbffd49ad478279b191b1ec6d39c6d3	81596	True	UNMAPPED
live	possibilities	breath-under-water	924	Breath Under Water	1216	rgsmoothgallery	2041	fileadmin/s-maj/images/BilderMaja/2005TheWhale/whaledocnew/stomach_FR119.jpg	live/possibilities/breath-under-water/stomach_FR119.jpg	a4e3f6cec4d8116bdf4dae0e3aa26e91ca1ebf9cdbe5956a09be23035a5bc47c	68494	True	UNMAPPED
live	possibilities	breath-under-water	924	Breath Under Water	1216	rgsmoothgallery	2046	fileadmin/s-maj/images/BilderMaja/2005TheWhale/whaledocnew/lung_FR120.jpg	live/possibilities/breath-under-water/lung_FR120.jpg	c2e96d4051ba81517ffa738eab753dfe285aeccc19ae648b1746af822289fdc5	65878	True	UNMAPPED
live	possibilities	breath-under-water	924	Breath Under Water	1216	rgsmoothgallery	2048	fileadmin/s-maj/images/BilderMaja/2005TheWhale/whaledocnew/lung_FR121.jpg	live/possibilities/breath-under-water/lung_FR121.jpg	06efec9f1782544efc6ec9100348316bae2a248270fe9b17b3de1c41fff226dc	65859	True	UNMAPPED
live	possibilities	breath-under-water	924	Breath Under Water	1216	rgsmoothgallery	2037	fileadmin/s-maj/images/BilderMaja/2005TheWhale/whaledocnew/heart_FR122.jpg	live/possibilities/breath-under-water/heart_FR122.jpg	5cccaa65f7c0f3848a2f8eefdd62a9c056413d56f3a2d9a48a72a47a43322650	82299	True	UNMAPPED
live	possibilities	breath-under-water	924	Breath Under Water	1216	rgsmoothgallery	2040	fileadmin/s-maj/images/BilderMaja/2005TheWhale/whaledocnew/pendulum_FR123.jpg	live/possibilities/breath-under-water/pendulum_FR123.jpg	0eb886dd55bb2320bd8239ab11459953b47364b29d8b7d22c20c9b1a2bd32363	56996	True	UNMAPPED
live	possibilities	breath-under-water	924	Breath Under Water	1216	rgsmoothgallery	2047	fileadmin/s-maj/images/BilderMaja/2005TheWhale/whaledocnew/blow_FR124.jpg	live/possibilities/breath-under-water/blow_FR124.jpg	8d872ffd4c8b3963362339720d473469b8fdf5a3609921ede13e6e6cbffdd835	80726	True	UNMAPPED
live	possibilities	breath-under-water	924	Breath Under Water	1216	rgsmoothgallery	2055	fileadmin/s-maj/images/BilderMaja/2005TheWhale/mess3.jpg	live/possibilities/breath-under-water/mess3.jpg	7c603418517818b5f455d6421bf2be8d9528ef6a134375e49f2258008a810f7b	50383	True	UNMAPPED
live	sculptural-work	car-wreck	1027	Car Wreck	1483	rgsmoothgallery	2062	fileadmin/s-maj/images/BilderMaja/2009carwreck/odonien0002.jpg	live/sculptural-work/car-wreck/odonien0002.jpg	13cfcb4f280f1b56a66fd0b1523eb2a3326a38700c47dfeac68f316579c63e9f	472241	True	sculptures-or-installations
live	sculptural-work	duschfass	1034	Duschfass	1497	rgsmoothgallery	2086	fileadmin/s-maj/images/BilderMaja/2010duschfass/CIMG1255.jpg	live/sculptural-work/duschfass/CIMG1255.jpg	3b415caaf1c800b45110fd300b22fe70dd193b5d932dcd6f91b71384b45f0896	411211	True	sculptures-or-installations
live	sculptural-work	duschfass	1034	Duschfass	1497	rgsmoothgallery	2085	fileadmin/s-maj/images/BilderMaja/2010duschfass/CIMG1267.jpg	live/sculptural-work/duschfass/CIMG1267.jpg	c715557c8f1a61dcd11fc81a95890568b8186edebdd5ff15379ed46191714140	159101	True	sculptures-or-installations
live	sculptural-work	duschfass	1034	Duschfass	1497	rgsmoothgallery	2084	fileadmin/s-maj/images/BilderMaja/2010duschfass/CIMG1274.jpg	live/sculptural-work/duschfass/CIMG1274.jpg	091a17c2c7e275b84ed5043e0e204336e408f7771e91521aa4f62bd0bef7d74d	245536	True	sculptures-or-installations
live	sculptural-work	duschfass	1034	Duschfass	1497	rgsmoothgallery	2083	fileadmin/s-maj/images/BilderMaja/2010duschfass/CIMG1269.jpg	live/sculptural-work/duschfass/CIMG1269.jpg	99033792135b8c9bc3678716b307cc419d37f516161279b4e3deb6067d6f5a78	590691	True	sculptures-or-installations
live	sculptural-work	duschfass	1034	Duschfass	1497	rgsmoothgallery	2082	fileadmin/s-maj/images/BilderMaja/2010duschfass/CIMG1259.jpg	live/sculptural-work/duschfass/CIMG1259.jpg	dcd69bf7e1da440444bb85e6ecb663b34501d9ca077438e8b2b9ecd43fc82e0f	242006	True	sculptures-or-installations
live	sculptural-work	duschfass	1034	Duschfass	1497	rgsmoothgallery	2092	fileadmin/s-maj/images/BilderMaja/2010duschfass/CIMG1316.jpg	live/sculptural-work/duschfass/CIMG1316.jpg	2b2b3a1df0f89156f4e3b4f586e7f4d1e7d96e081a698adc983d8a9001c2a011	223933	True	sculptures-or-installations
live	sculptural-work	pleitegeier	997	Pleitegeier	1362	rgsmoothgallery	2126	fileadmin/s-maj/images/BilderMaja/2008pleitegeier/IMG_0510.jpg	live/sculptural-work/pleitegeier/IMG_0510.jpg	74d2d0d94536868b7c25b68d3cbff8ce1b33868c91730e06e0f0b3193db72ff2	198838	True	sculptures-or-installations
live	sculptural-work	duschfass	1034	Duschfass	1497	rgsmoothgallery	2094	fileadmin/s-maj/images/BilderMaja/2010duschfass/CIMG1313.jpg	live/sculptural-work/duschfass/CIMG1313.jpg	f1b8c4a86c5e2728fcc084758b961974b9534ac9ac2980aa19e3d93265b0af71	465188	True	sculptures-or-installations
live	sculptural-work	duschfass	1034	Duschfass	1497	rgsmoothgallery	2095	fileadmin/s-maj/images/BilderMaja/2010duschfass/CIMG1307.jpg	live/sculptural-work/duschfass/CIMG1307.jpg	e6b46feeb4466dc7c830f8cf146054aeeba7a2188970a920aebaae95dcc04996	614819	True	sculptures-or-installations
hidden	sculptural-work	sculptures	1039	Sculptures	1507	rgsmoothgallery	930	fileadmin/s-maj/images/BilderMaja/2008juraBird/birdsHome.jpg	hidden/sculptural-work/sculptures/birdsHome.jpg	a427972f768f22a139defdc49b24aaab72638e0c7715228bb2df6316d67c9f36	701346	True	sculptures-or-installations
hidden	sculptural-work	sculptures	1039	Sculptures	1507	rgsmoothgallery	929	fileadmin/s-maj/images/BilderMaja/2008juraBird/vogelSW.jpg	hidden/sculptural-work/sculptures/vogelSW.jpg	e1b6513a60cac13ba047339ae7c60810fb0173553e31330a4b5eb4f0a66efbe3	437354	True	sculptures-or-installations
hidden	sculptural-work	sculptures	1039	Sculptures	1507	rgsmoothgallery	937	fileadmin/s-maj/images/BilderMaja/2008juraBird/head2.jpg	hidden/sculptural-work/sculptures/head2.jpg	0337bb4db7d8811579b42d75b596673373014471535a6653d7c0ca1059447746	750366	True	sculptures-or-installations
hidden	sculptural-work	sculptures	1039	Sculptures	1507	rgsmoothgallery	935	fileadmin/s-maj/images/BilderMaja/2008juraBird/downunder.jpg	hidden/sculptural-work/sculptures/downunder.jpg	53d84447a8185331f8d696d7f79c257f2d2a1120589064bf3ff144b4895666ac	435803	True	sculptures-or-installations
hidden	sculptural-work	sculptures	1039	Sculptures	1507	rgsmoothgallery	936	fileadmin/s-maj/images/BilderMaja/2008juraBird/bird1.jpg	hidden/sculptural-work/sculptures/bird1.jpg	8008376e5b99d3a269bd4c483ee60288a727db1d65be0f699cefe625962163f5	522178	True	sculptures-or-installations
hidden	sculptural-work	sculptures	1039	Sculptures	1507	rgsmoothgallery	932	fileadmin/s-maj/images/BilderMaja/2008juraBird/feet.jpg	hidden/sculptural-work/sculptures/feet.jpg	d221b3476cd7d3f6c6a1fd1f1d5a1a6251483509c61f8449a50789c5afdf69cb	646715	True	sculptures-or-installations
hidden	sculptural-work	gazing-starling	1036	Gazing Starling	1501	rgsmoothgallery	2102	fileadmin/s-maj/images/BilderMaja/2010VogelEffi/dsc_4090.jpg	hidden/sculptural-work/gazing-starling/dsc_4090.jpg	918ff327fdfbed3d4408056e9ce33c23cfa10b5c41d39164c1a7ba494a6e1c27	73395	True	sculptures-or-installations
hidden	sculptural-work	gazing-starling	1036	Gazing Starling	1501	rgsmoothgallery	2112	fileadmin/s-maj/images/BilderMaja/2010VogelSuter/dsc_4093.jpg	hidden/sculptural-work/gazing-starling/dsc_4093.jpg	3f53563b6620b8395871e87a20323d6b19050be43dd312ce57856bbd918c0b7f	100752	True	sculptures-or-installations
hidden	sculptural-work	gazing-starling	1036	Gazing Starling	1501	rgsmoothgallery	2111	fileadmin/s-maj/images/BilderMaja/2010VogelSuter/dsc_4095.jpg	hidden/sculptural-work/gazing-starling/dsc_4095.jpg	0491305b960c3f01255f6b4c2986ad87c665d0258a69c9463dc66f41528ba8bf	126823	True	sculptures-or-installations
hidden	sculptural-work	gazing-starling	1036	Gazing Starling	1501	rgsmoothgallery	2110	fileadmin/s-maj/images/BilderMaja/2010VogelSuter/suter1.jpg	hidden/sculptural-work/gazing-starling/suter1.jpg	7e90319b21f10987023ffb7629674f2c3c1a67f70452f5863066da57ac9b68ce	102085	True	sculptures-or-installations
live	sculptural-work	duschfass	1034	Duschfass	1497	rgsmoothgallery	2125	fileadmin/s-maj/images/BilderMaja/2010duschfass/Fass_36.jpg	live/sculptural-work/duschfass/Fass_36.jpg	46eabafd643df55bf312ddccdc55e87566c92d2d8e064099e45f3d90486cf4e3	124901	True	sculptures-or-installations
hidden	sculptural-work	sculptures	1039	Sculptures	1507	rgsmoothgallery	934	fileadmin/s-maj/images/BilderMaja/2008juraBird/bird2.jpg	hidden/sculptural-work/sculptures/bird2.jpg	2cca5265322c2ad87c3e595eb7a91f87805b24a92180f3cb9e5577da287c6edf	604807	True	sculptures-or-installations
hidden	sculptural-work	sculptures	1039	Sculptures	1507	rgsmoothgallery	933	fileadmin/s-maj/images/BilderMaja/2008juraBird/head1.jpg	hidden/sculptural-work/sculptures/head1.jpg	7231303336561d93d17c9bb1db5d7afe0bcb2f8d775eb99b2e68d4f56716fac8	731948	True	sculptures-or-installations
hidden	sculptural-work	sculptures	1039	Sculptures	1507	rgsmoothgallery	931	fileadmin/s-maj/images/BilderMaja/2008juraBird/kraehe.jpg	hidden/sculptural-work/sculptures/kraehe.jpg	5188bc0dee623685e41aa4f3e3ae9bfafd79ee0278cac5a03e93e1ddf45c854c	385119	True	sculptures-or-installations
hidden	sculptural-work	sculptures	1039	Sculptures	1507	rgsmoothgallery	921	fileadmin/s-maj/images/BilderMaja/2008geier/jamon.JPG	hidden/sculptural-work/sculptures/jamon.JPG	b96456b50ced7a6e18156bad07d28215b6be0b8f9c523147d93149952ea7d9c3	757975	True	sculptures-or-installations
hidden	sculptural-work	sculptures	1039	Sculptures	1507	rgsmoothgallery	928	fileadmin/s-maj/images/BilderMaja/2008geier/cv1.JPG	hidden/sculptural-work/sculptures/cv1.JPG	ffa5f6d06adde1250fe07bde70b79d230f3fe098e8d91d5c180fc91b149886cd	580153	True	sculptures-or-installations
hidden	sculptural-work	sculptures	1039	Sculptures	1507	rgsmoothgallery	926	fileadmin/s-maj/images/BilderMaja/2008geier/vulturebackshot.JPG	hidden/sculptural-work/sculptures/vulturebackshot.JPG	9e06c84e979fa3522e3ed76cdc3d07e0806955a4113e7a740a64453ae6950df6	577480	True	sculptures-or-installations
hidden	sculptural-work	sculptures	1039	Sculptures	1507	rgsmoothgallery	924	fileadmin/s-maj/images/BilderMaja/2008geier/vultureonbg.JPG	hidden/sculptural-work/sculptures/vultureonbg.JPG	4e00ad22bea88e1f77e99fd1671c567a170a42011f0eaf7ef5143d4041b38706	533824	True	sculptures-or-installations
hidden	sculptural-work	sculptures	1039	Sculptures	1507	rgsmoothgallery	927	fileadmin/s-maj/images/BilderMaja/2008geier/geier1.jpg	hidden/sculptural-work/sculptures/geier1.jpg	d7b8c9ea513d394d581a75a9cb6c6076788caa13a870b29e009b5d1b920aa9ad	494082	True	sculptures-or-installations
hidden	sculptural-work	sculptures	1039	Sculptures	1507	rgsmoothgallery	925	fileadmin/s-maj/images/BilderMaja/2008geier/geierDrin1.jpg	hidden/sculptural-work/sculptures/geierDrin1.jpg	c53715ef2e4276ead2510e82eec3fe42d100c1f51f9b53d07da45fa9d6807754	601690	True	sculptures-or-installations
hidden	sculptural-work	sculptures	1039	Sculptures	1507	rgsmoothgallery	922	fileadmin/s-maj/images/BilderMaja/2008geier/geierDrin.jpg	hidden/sculptural-work/sculptures/geierDrin.jpg	ad550923aebf8f5b8fd21062fee3dc238576181fda4c89cf398769db6f93f6e4	676743	True	sculptures-or-installations
hidden	sculptural-work	sculptures	1039	Sculptures	1507	rgsmoothgallery	920	fileadmin/s-maj/images/BilderMaja/2008geier/geierSW.jpg	hidden/sculptural-work/sculptures/geierSW.jpg	d410780ebf37306d7ed868706a3304b3bb2009eb83d078b541a7df0219bd2d9f	317772	True	sculptures-or-installations
hidden	sculptural-work	sculptures	1039	Sculptures	1505	rgsmoothgallery	1085	fileadmin/s-maj/images/page/flame2.gif	hidden/sculptural-work/sculptures/flame2.gif	bd3c093cc449d98338bfb20a388a4a29b1d364e591b65cdc076d80d6cd854133	11347	True	sculptures-or-installations
live	sculptural-work	raw-heater-bar	1035	Raw Heater Bar	1499	rgsmoothgallery	2113	fileadmin/s-maj/images/BilderMaja/2010Mikz/IMG_0578.jpg	live/sculptural-work/raw-heater-bar/IMG_0578.jpg	dee3f8c623a33af094f96ab12bd136cc88a32c155df8483e809d20b6de1e7815	175566	True	sculptures-or-installations
live	sculptural-work	raw-heater-bar	1035	Raw Heater Bar	1499	rgsmoothgallery	2121	fileadmin/s-maj/images/BilderMaja/2010Mikz/Scetch.jpg	live/sculptural-work/raw-heater-bar/Scetch.jpg	bb2da3034d30a2f19857e8db9d5f35a3ca5e02c4869d715e458dd91e8c5c2acf	127820	True	sculptures-or-installations
live	sculptural-work	raw-heater-bar	1035	Raw Heater Bar	1499	rgsmoothgallery	2114	fileadmin/s-maj/images/BilderMaja/2010Mikz/IMG_0568.jpg	live/sculptural-work/raw-heater-bar/IMG_0568.jpg	b37d289d4608a20c8b1164f70beb47a1c832327cd9ae254734761a13e8e2f21d	119226	True	sculptures-or-installations
live	sculptural-work	raw-heater-bar	1035	Raw Heater Bar	1499	rgsmoothgallery	2115	fileadmin/s-maj/images/BilderMaja/2010Mikz/IMG_0587.jpg	live/sculptural-work/raw-heater-bar/IMG_0587.jpg	30346f4d0dcf845897cd7230538756f15d70b86cf39e858e1701b31223c33654	116100	True	sculptures-or-installations
live	sculptural-work	raw-heater-bar	1035	Raw Heater Bar	1499	rgsmoothgallery	2116	fileadmin/s-maj/images/BilderMaja/2010Mikz/barback.jpg	live/sculptural-work/raw-heater-bar/barback.jpg	7b732db9f0c8653f1d52f53e13e7da1845c5d101086a33a7b49ce7e141272969	145277	True	sculptures-or-installations
live	sculptural-work	raw-heater-bar	1035	Raw Heater Bar	1499	rgsmoothgallery	2117	fileadmin/s-maj/images/BilderMaja/2010Mikz/IMG_0589.jpg	live/sculptural-work/raw-heater-bar/IMG_0589.jpg	302005179aacd023ee721c10204d0ff7c26af1ac728751abe4bd8faa6e1d214f	147849	True	sculptures-or-installations
live	sculptural-work	raw-heater-bar	1035	Raw Heater Bar	1499	rgsmoothgallery	2118	fileadmin/s-maj/images/BilderMaja/2010Mikz/IMG_0582.jpg	live/sculptural-work/raw-heater-bar/IMG_0582.jpg	546ab2981ef5648dbe31ea81282e281a9224b6656caddbd14019355c1646948c	177222	True	sculptures-or-installations
live	sculptural-work	raw-heater-bar	1035	Raw Heater Bar	1499	rgsmoothgallery	2119	fileadmin/s-maj/images/BilderMaja/2010Mikz/IMG_0572.jpg	live/sculptural-work/raw-heater-bar/IMG_0572.jpg	26ad987b6a457476120d7ef397e543534e34fdf6b1977d5de36315ddb8843313	132088	True	sculptures-or-installations
live	sculptural-work	raw-heater-bar	1035	Raw Heater Bar	1499	rgsmoothgallery	2120	fileadmin/s-maj/images/BilderMaja/2010Mikz/IMG_0569.jpg	live/sculptural-work/raw-heater-bar/IMG_0569.jpg	0bdcdcc4896b2351b866faf4e7e77f430e8d4a119ad5c80783d0b76aae99b90c	205443	True	sculptures-or-installations
live	sculptural-work	raw-heater-bar	1035	Raw Heater Bar	1499	rgsmoothgallery	2122	fileadmin/s-maj/images/BilderMaja/2010Mikz/IMG_0601.jpg	live/sculptural-work/raw-heater-bar/IMG_0601.jpg	d45809308c965e746bca7b383250c2e4222a5e7623743808a531e3148fd19862	131609	True	sculptures-or-installations
live	sculptural-work	raw-heater-bar	1035	Raw Heater Bar	1499	rgsmoothgallery	2123	fileadmin/s-maj/images/BilderMaja/2010Mikz/IMG_0581.jpg	live/sculptural-work/raw-heater-bar/IMG_0581.jpg	d4747f61a26a05858ea07ba1bde2a3d84dff30784e21b0299cb148cd0c901b41	147156	True	sculptures-or-installations
live	sculptural-work	raw-heater-bar	1035	Raw Heater Bar	1499	rgsmoothgallery	2124	fileadmin/s-maj/images/BilderMaja/2010Mikz/IMG_0584.jpg	live/sculptural-work/raw-heater-bar/IMG_0584.jpg	7e7d0f5f01fb7056c322835cd46d8c812bf50e17f978f8b46ad96d3f38f6240b	104736	True	sculptures-or-installations
hidden	sculptural-work	gazing-starling	1036	Gazing Starling	1501	rgsmoothgallery	2109	fileadmin/s-maj/images/BilderMaja/2010VogelSuter/dsc_4100.jpg	hidden/sculptural-work/gazing-starling/dsc_4100.jpg	5f86582a66e9baba32fe1b71ad86a787cd63f74a85d82d502892eb3d898625f8	87452	True	sculptures-or-installations
hidden	sculptural-work	nagging-couple	1038	Nagging Couple	1503	rgsmoothgallery	2099	fileadmin/s-maj/images/BilderMaja/2010VogelEffi/dsc_4117.jpg	hidden/sculptural-work/nagging-couple/dsc_4117.jpg	c6b9c5f6ba01622f51d6798d28642e27e4b508b2446c623c396d331b7d063b77	110959	True	sculptures-or-installations
hidden	sculptural-work	gazing-starling	1036	Gazing Starling	1501	rgsmoothgallery	2107	fileadmin/s-maj/images/BilderMaja/2010VogelSuter/dsc_4097.jpg	hidden/sculptural-work/gazing-starling/dsc_4097.jpg	23ee914ac7cd55a6959113d3e63d28b6a7904859d012bf33b81cd54961a098e0	78020	True	sculptures-or-installations
hidden	sculptural-work	nagging-couple	1038	Nagging Couple	1503	rgsmoothgallery	2101	fileadmin/s-maj/images/BilderMaja/2010VogelEffi/dsc_4071.jpg	hidden/sculptural-work/nagging-couple/dsc_4071.jpg	6c597110e7b26582cf0e8746efef4e06637fcd800f634428faf1d2a3674bd084	104763	True	sculptures-or-installations
hidden	sculptural-work	nagging-couple	1038	Nagging Couple	1503	rgsmoothgallery	2103	fileadmin/s-maj/images/BilderMaja/2010VogelEffi/dsc_4121.jpg	hidden/sculptural-work/nagging-couple/dsc_4121.jpg	04a844d5650a3d8de985d38a33476aa38bfcaf7d625141d1e44c6ac925cb7932	116214	True	sculptures-or-installations
hidden	sculptural-work	nagging-couple	1038	Nagging Couple	1503	rgsmoothgallery	2104	fileadmin/s-maj/images/BilderMaja/2010VogelEffi/dsc_4114.jpg	hidden/sculptural-work/nagging-couple/dsc_4114.jpg	06b65d9b269d680a2b5405b48b2010ffacd913866758f5e04ccf9d4959f1d433	113651	True	sculptures-or-installations
hidden	sculptural-work	nagging-couple	1038	Nagging Couple	1503	rgsmoothgallery	2096	fileadmin/s-maj/images/BilderMaja/2010VogelEffi/dsc_4111.jpg	hidden/sculptural-work/nagging-couple/dsc_4111.jpg	a8145a5739e11ca11e07238715516dc4b88d56330ba533fe6b3c24f6c83960d3	113992	True	sculptures-or-installations
hidden	sculptural-work	gazing-starling	1036	Gazing Starling	1501	rgsmoothgallery	2106	fileadmin/s-maj/images/BilderMaja/2010VogelSuter/dsc_4109.jpg	hidden/sculptural-work/gazing-starling/dsc_4109.jpg	f697e2c1f4757adbc20ecf158b2b54f391accfe612a5bf219c76600d3dc9e5e2	71939	True	sculptures-or-installations
hidden	sculptural-work	nagging-couple	1038	Nagging Couple	1503	rgsmoothgallery	2105	fileadmin/s-maj/images/BilderMaja/2010VogelEffi/dsc_4073.jpg	hidden/sculptural-work/nagging-couple/dsc_4073.jpg	6a49cf7704f64d820ed2ff9e323f907c25b0e4bb2bbd65ff10651eef70ca1fe7	198690	True	sculptures-or-installations
hidden	sculptural-work	sculptures	1039	Sculptures	1507	rgsmoothgallery	908	fileadmin/s-maj/images/BilderMaja/2008soldierErico/head3.jpg	hidden/sculptural-work/sculptures/head3.jpg	f128940a3c5856452893e278da867a7b73d90809d44a48e924bc4ba2cfb94883	290487	True	sculptures-or-installations
hidden	sculptural-work	sculptures	1039	Sculptures	1507	rgsmoothgallery	913	fileadmin/s-maj/images/BilderMaja/2008soldierErico/head4.jpg	hidden/sculptural-work/sculptures/head4.jpg	5b27673d8ff78395f143ccd6d0b96ffcd1192b7f82d5971904ce25c194e31032	317656	True	sculptures-or-installations
hidden	sculptural-work	sculptures	1039	Sculptures	1507	rgsmoothgallery	915	fileadmin/s-maj/images/BilderMaja/2008soldierErico/headf3.jpg	hidden/sculptural-work/sculptures/headf3.jpg	c668f7260a13f24224410e89cc5e9cc0b146ce14b520319b15ec32e7841ac4f7	257727	True	sculptures-or-installations
hidden	sculptural-work	sculptures	1039	Sculptures	1507	rgsmoothgallery	914	fileadmin/s-maj/images/BilderMaja/2008soldierErico/headf6.jpg	hidden/sculptural-work/sculptures/headf6.jpg	d068ca2f6036d416529492c068d49cda3ac1bff402fe5e94cc79aedfa53b8032	235426	True	sculptures-or-installations
hidden	sculptural-work	sculptures	1039	Sculptures	1507	rgsmoothgallery	906	fileadmin/s-maj/images/BilderMaja/2008soldierErico/headf1.jpg	hidden/sculptural-work/sculptures/headf1.jpg	a5ebd5dd3123b5c85b8d78170b6bda94e2efaad6e206130b5d72d79c1037474f	277833	True	sculptures-or-installations
hidden	sculptural-work	sculptures	1039	Sculptures	1507	rgsmoothgallery	911	fileadmin/s-maj/images/BilderMaja/2008soldierErico/headf5.jpg	hidden/sculptural-work/sculptures/headf5.jpg	282af9100346f8596d0ebedaf4d908c0375972e6dc0c0bbfcd74ac3b1d6ff3ee	224606	True	sculptures-or-installations
hidden	sculptural-work	sculptures	1039	Sculptures	1507	rgsmoothgallery	905	fileadmin/s-maj/images/BilderMaja/2008soldierErico/soldier2.jpg	hidden/sculptural-work/sculptures/soldier2.jpg	c93dda818979dc71573c8ad4e8530f4a945165c7d84483656b8c8273d5ed23a6	439497	True	sculptures-or-installations
hidden	sculptural-work	sculptures	1039	Sculptures	1507	rgsmoothgallery	918	fileadmin/s-maj/images/BilderMaja/2008soldierErico/soldier5.jpg	hidden/sculptural-work/sculptures/soldier5.jpg	14fcdda738c310c7a95ff972f7e5c41e8c5a1b18b1a221e6d72a37a9ccaa82e4	363769	True	sculptures-or-installations
hidden	sculptural-work	sculptures	1039	Sculptures	1507	rgsmoothgallery	912	fileadmin/s-maj/images/BilderMaja/2008soldierErico/soldier3.jpg	hidden/sculptural-work/sculptures/soldier3.jpg	fa4fe307483a85845544873d8200887d587a48829e376c8a5c787ace7c47dfb2	620674	True	sculptures-or-installations
hidden	sculptural-work	sculptures	1039	Sculptures	1507	rgsmoothgallery	907	fileadmin/s-maj/images/BilderMaja/2008soldierErico/soldier4.jpg	hidden/sculptural-work/sculptures/soldier4.jpg	8c0ae64da3ad5573668986929f571c250ea733198d57f488036611b6be97a3e3	653159	True	sculptures-or-installations
hidden	sculptural-work	sculptures	1039	Sculptures	1507	rgsmoothgallery	909	fileadmin/s-maj/images/BilderMaja/2008soldierErico/soldier.jpg	hidden/sculptural-work/sculptures/soldier.jpg	93e46b15c2adad04843b045d314d49885105240f95ecaa62927f9068f06ed8e0	803878	True	sculptures-or-installations
hidden	sculptural-work	sculptures	1039	Sculptures	1507	rgsmoothgallery	917	fileadmin/s-maj/images/BilderMaja/2008soldierErico/shield.jpg	hidden/sculptural-work/sculptures/shield.jpg	9dc07a504c35f742baf9e0bb9f2f05334372f253afc38ca7cfab0c437024cdab	696874	True	sculptures-or-installations
hidden	sculptural-work	sculptures	1039	Sculptures	1507	rgsmoothgallery	916	fileadmin/s-maj/images/BilderMaja/2008soldierErico/shield1.JPG	hidden/sculptural-work/sculptures/shield1.JPG	35fb5726dfd6d62ac5d4f7d513fd052355c73cd930de353897deefde66364e4b	716775	True	sculptures-or-installations
hidden	sculptural-work	installations	1040	Installations	1511	rgsmoothgallery	1085	fileadmin/s-maj/images/page/flame2.gif	hidden/sculptural-work/installations/flame2.gif	bd3c093cc449d98338bfb20a388a4a29b1d364e591b65cdc076d80d6cd854133	11347	True	sculptures-or-installations
hidden	sculptural-work	installations	1040	Installations	1513	rgsmoothgallery	920	fileadmin/s-maj/images/BilderMaja/2008geier/geierSW.jpg	hidden/sculptural-work/installations/geierSW.jpg	d410780ebf37306d7ed868706a3304b3bb2009eb83d078b541a7df0219bd2d9f	317772	True	sculptures-or-installations
hidden	sculptural-work	installations	1040	Installations	1513	rgsmoothgallery	922	fileadmin/s-maj/images/BilderMaja/2008geier/geierDrin.jpg	hidden/sculptural-work/installations/geierDrin.jpg	ad550923aebf8f5b8fd21062fee3dc238576181fda4c89cf398769db6f93f6e4	676743	True	sculptures-or-installations
hidden	sculptural-work	installations	1040	Installations	1513	rgsmoothgallery	925	fileadmin/s-maj/images/BilderMaja/2008geier/geierDrin1.jpg	hidden/sculptural-work/installations/geierDrin1.jpg	c53715ef2e4276ead2510e82eec3fe42d100c1f51f9b53d07da45fa9d6807754	601690	True	sculptures-or-installations
hidden	sculptural-work	installations	1040	Installations	1513	rgsmoothgallery	927	fileadmin/s-maj/images/BilderMaja/2008geier/geier1.jpg	hidden/sculptural-work/installations/geier1.jpg	d7b8c9ea513d394d581a75a9cb6c6076788caa13a870b29e009b5d1b920aa9ad	494082	True	sculptures-or-installations
hidden	sculptural-work	installations	1040	Installations	1513	rgsmoothgallery	924	fileadmin/s-maj/images/BilderMaja/2008geier/vultureonbg.JPG	hidden/sculptural-work/installations/vultureonbg.JPG	4e00ad22bea88e1f77e99fd1671c567a170a42011f0eaf7ef5143d4041b38706	533824	True	sculptures-or-installations
hidden	sculptural-work	installations	1040	Installations	1513	rgsmoothgallery	926	fileadmin/s-maj/images/BilderMaja/2008geier/vulturebackshot.JPG	hidden/sculptural-work/installations/vulturebackshot.JPG	9e06c84e979fa3522e3ed76cdc3d07e0806955a4113e7a740a64453ae6950df6	577480	True	sculptures-or-installations
hidden	sculptural-work	installations	1040	Installations	1513	rgsmoothgallery	928	fileadmin/s-maj/images/BilderMaja/2008geier/cv1.JPG	hidden/sculptural-work/installations/cv1.JPG	ffa5f6d06adde1250fe07bde70b79d230f3fe098e8d91d5c180fc91b149886cd	580153	True	sculptures-or-installations
hidden	sculptural-work	installations	1040	Installations	1513	rgsmoothgallery	921	fileadmin/s-maj/images/BilderMaja/2008geier/jamon.JPG	hidden/sculptural-work/installations/jamon.JPG	b96456b50ced7a6e18156bad07d28215b6be0b8f9c523147d93149952ea7d9c3	757975	True	sculptures-or-installations
hidden	sculptural-work	installations	1040	Installations	1513	rgsmoothgallery	931	fileadmin/s-maj/images/BilderMaja/2008juraBird/kraehe.jpg	hidden/sculptural-work/installations/kraehe.jpg	5188bc0dee623685e41aa4f3e3ae9bfafd79ee0278cac5a03e93e1ddf45c854c	385119	True	sculptures-or-installations
hidden	sculptural-work	installations	1040	Installations	1513	rgsmoothgallery	933	fileadmin/s-maj/images/BilderMaja/2008juraBird/head1.jpg	hidden/sculptural-work/installations/head1.jpg	7231303336561d93d17c9bb1db5d7afe0bcb2f8d775eb99b2e68d4f56716fac8	731948	True	sculptures-or-installations
hidden	sculptural-work	installations	1040	Installations	1513	rgsmoothgallery	934	fileadmin/s-maj/images/BilderMaja/2008juraBird/bird2.jpg	hidden/sculptural-work/installations/bird2.jpg	2cca5265322c2ad87c3e595eb7a91f87805b24a92180f3cb9e5577da287c6edf	604807	True	sculptures-or-installations
hidden	sculptural-work	installations	1040	Installations	1513	rgsmoothgallery	932	fileadmin/s-maj/images/BilderMaja/2008juraBird/feet.jpg	hidden/sculptural-work/installations/feet.jpg	d221b3476cd7d3f6c6a1fd1f1d5a1a6251483509c61f8449a50789c5afdf69cb	646715	True	sculptures-or-installations
hidden	sculptural-work	installations	1040	Installations	1513	rgsmoothgallery	936	fileadmin/s-maj/images/BilderMaja/2008juraBird/bird1.jpg	hidden/sculptural-work/installations/bird1.jpg	8008376e5b99d3a269bd4c483ee60288a727db1d65be0f699cefe625962163f5	522178	True	sculptures-or-installations
hidden	sculptural-work	installations	1040	Installations	1513	rgsmoothgallery	935	fileadmin/s-maj/images/BilderMaja/2008juraBird/downunder.jpg	hidden/sculptural-work/installations/downunder.jpg	53d84447a8185331f8d696d7f79c257f2d2a1120589064bf3ff144b4895666ac	435803	True	sculptures-or-installations
hidden	sculptural-work	installations	1040	Installations	1513	rgsmoothgallery	937	fileadmin/s-maj/images/BilderMaja/2008juraBird/head2.jpg	hidden/sculptural-work/installations/head2.jpg	0337bb4db7d8811579b42d75b596673373014471535a6653d7c0ca1059447746	750366	True	sculptures-or-installations
hidden	sculptural-work	installations	1040	Installations	1513	rgsmoothgallery	929	fileadmin/s-maj/images/BilderMaja/2008juraBird/vogelSW.jpg	hidden/sculptural-work/installations/vogelSW.jpg	e1b6513a60cac13ba047339ae7c60810fb0173553e31330a4b5eb4f0a66efbe3	437354	True	sculptures-or-installations
hidden	sculptural-work	installations	1040	Installations	1513	rgsmoothgallery	930	fileadmin/s-maj/images/BilderMaja/2008juraBird/birdsHome.jpg	hidden/sculptural-work/installations/birdsHome.jpg	a427972f768f22a139defdc49b24aaab72638e0c7715228bb2df6316d67c9f36	701346	True	sculptures-or-installations
hidden	sculptural-work	installations	1040	Installations	1513	rgsmoothgallery	910	fileadmin/s-maj/images/BilderMaja/2008soldierErico/head5.jpg	hidden/sculptural-work/installations/head5.jpg	576a251adcd21d744acaf438b7c5bebf20fa992c1d8687e12dbac9c3fdcd90b0	303713	True	sculptures-or-installations
hidden	sculptural-work	installations	1040	Installations	1513	rgsmoothgallery	908	fileadmin/s-maj/images/BilderMaja/2008soldierErico/head3.jpg	hidden/sculptural-work/installations/head3.jpg	f128940a3c5856452893e278da867a7b73d90809d44a48e924bc4ba2cfb94883	290487	True	sculptures-or-installations
hidden	sculptural-work	installations	1040	Installations	1513	rgsmoothgallery	913	fileadmin/s-maj/images/BilderMaja/2008soldierErico/head4.jpg	hidden/sculptural-work/installations/head4.jpg	5b27673d8ff78395f143ccd6d0b96ffcd1192b7f82d5971904ce25c194e31032	317656	True	sculptures-or-installations
hidden	sculptural-work	installations	1040	Installations	1513	rgsmoothgallery	915	fileadmin/s-maj/images/BilderMaja/2008soldierErico/headf3.jpg	hidden/sculptural-work/installations/headf3.jpg	c668f7260a13f24224410e89cc5e9cc0b146ce14b520319b15ec32e7841ac4f7	257727	True	sculptures-or-installations
hidden	sculptural-work	installations	1040	Installations	1513	rgsmoothgallery	914	fileadmin/s-maj/images/BilderMaja/2008soldierErico/headf6.jpg	hidden/sculptural-work/installations/headf6.jpg	d068ca2f6036d416529492c068d49cda3ac1bff402fe5e94cc79aedfa53b8032	235426	True	sculptures-or-installations
hidden	sculptural-work	installations	1040	Installations	1513	rgsmoothgallery	906	fileadmin/s-maj/images/BilderMaja/2008soldierErico/headf1.jpg	hidden/sculptural-work/installations/headf1.jpg	a5ebd5dd3123b5c85b8d78170b6bda94e2efaad6e206130b5d72d79c1037474f	277833	True	sculptures-or-installations
hidden	sculptural-work	installations	1040	Installations	1513	rgsmoothgallery	911	fileadmin/s-maj/images/BilderMaja/2008soldierErico/headf5.jpg	hidden/sculptural-work/installations/headf5.jpg	282af9100346f8596d0ebedaf4d908c0375972e6dc0c0bbfcd74ac3b1d6ff3ee	224606	True	sculptures-or-installations
hidden	sculptural-work	installations	1040	Installations	1513	rgsmoothgallery	905	fileadmin/s-maj/images/BilderMaja/2008soldierErico/soldier2.jpg	hidden/sculptural-work/installations/soldier2.jpg	c93dda818979dc71573c8ad4e8530f4a945165c7d84483656b8c8273d5ed23a6	439497	True	sculptures-or-installations
hidden	sculptural-work	installations	1040	Installations	1513	rgsmoothgallery	918	fileadmin/s-maj/images/BilderMaja/2008soldierErico/soldier5.jpg	hidden/sculptural-work/installations/soldier5.jpg	14fcdda738c310c7a95ff972f7e5c41e8c5a1b18b1a221e6d72a37a9ccaa82e4	363769	True	sculptures-or-installations
hidden	sculptural-work	installations	1040	Installations	1513	rgsmoothgallery	912	fileadmin/s-maj/images/BilderMaja/2008soldierErico/soldier3.jpg	hidden/sculptural-work/installations/soldier3.jpg	fa4fe307483a85845544873d8200887d587a48829e376c8a5c787ace7c47dfb2	620674	True	sculptures-or-installations
hidden	sculptural-work	installations	1040	Installations	1513	rgsmoothgallery	907	fileadmin/s-maj/images/BilderMaja/2008soldierErico/soldier4.jpg	hidden/sculptural-work/installations/soldier4.jpg	8c0ae64da3ad5573668986929f571c250ea733198d57f488036611b6be97a3e3	653159	True	sculptures-or-installations
hidden	sculptural-work	installations	1040	Installations	1513	rgsmoothgallery	909	fileadmin/s-maj/images/BilderMaja/2008soldierErico/soldier.jpg	hidden/sculptural-work/installations/soldier.jpg	93e46b15c2adad04843b045d314d49885105240f95ecaa62927f9068f06ed8e0	803878	True	sculptures-or-installations
hidden	sculptural-work	installations	1040	Installations	1513	rgsmoothgallery	917	fileadmin/s-maj/images/BilderMaja/2008soldierErico/shield.jpg	hidden/sculptural-work/installations/shield.jpg	9dc07a504c35f742baf9e0bb9f2f05334372f253afc38ca7cfab0c437024cdab	696874	True	sculptures-or-installations
hidden	sculptural-work	installations	1040	Installations	1513	rgsmoothgallery	916	fileadmin/s-maj/images/BilderMaja/2008soldierErico/shield1.JPG	hidden/sculptural-work/installations/shield1.JPG	35fb5726dfd6d62ac5d4f7d513fd052355c73cd930de353897deefde66364e4b	716775	True	sculptures-or-installations
live	sculptural-work	odonische-feuer	1044	Odonische Feuer	1530	rgsmoothgallery	2155	fileadmin/s-maj/images/BilderMaja/2010OdonischeFeuer/Logo_blau1_L_kl.jpg	live/sculptural-work/odonische-feuer/Logo_blau1_L_kl.jpg	b55d50e4ca9056d5f45470a6080aa4c063a8bf0a9c785032b24073f6f7a6c0e8	67601	True	sculptures-or-installations
live	sculptural-work	odonische-feuer	1044	Odonische Feuer	1530	rgsmoothgallery	2156	fileadmin/s-maj/images/BilderMaja/2010OdonischeFeuer/Logo_Flamme1_L_kl.jpg	live/sculptural-work/odonische-feuer/Logo_Flamme1_L_kl.jpg	2954772107220b891b9ea0ef3252f3332d62b2df103b00e0ed5461162ea888b8	84137	True	sculptures-or-installations
live	sculptural-work	odonische-feuer	1044	Odonische Feuer	1530	rgsmoothgallery	2157	fileadmin/s-maj/images/BilderMaja/2010OdonischeFeuer/Logo5_H_Test.jpg	live/sculptural-work/odonische-feuer/Logo5_H_Test.jpg	1f395c2efa99f311a9a9e3f380233ee5636ddde38fa3229f51aa7ecc9f998a73	463538	True	sculptures-or-installations
live	sculptural-work	odonische-feuer	1044	Odonische Feuer	1530	rgsmoothgallery	2145	fileadmin/s-maj/images/BilderMaja/2010OdonischeFeuer/Logo4_H_Test1.jpg	live/sculptural-work/odonische-feuer/Logo4_H_Test1.jpg	5ab4ff9813c79df0334483937ecb0b636533bae74b04347536abca072cfdc023	583521	True	sculptures-or-installations
live	sculptural-work	odonische-feuer	1044	Odonische Feuer	1530	rgsmoothgallery	2149	fileadmin/s-maj/images/BilderMaja/2010OdonischeFeuer/LogoBlauBearb_8_C_kl.jpg	live/sculptural-work/odonische-feuer/LogoBlauBearb_8_C_kl.jpg	c574fe3217bcc0dbd2a629baf728811ba4d6a64bea792cad938806c71cc0f20b	85785	True	sculptures-or-installations
live	sculptural-work	odonische-feuer	1044	Odonische Feuer	1530	rgsmoothgallery	2143	fileadmin/s-maj/images/BilderMaja/2010OdonischeFeuer/Feuerbrunnen2_L_kl.jpg	live/sculptural-work/odonische-feuer/Feuerbrunnen2_L_kl.jpg	c1697274d9246f4cab3c5d6a50ee46643b072a757707ff0f897e21beb37bfc1c	164150	True	sculptures-or-installations
hidden	sculptural-work	nagging-couple	1038	Nagging Couple	1503	rgsmoothgallery	2163	fileadmin/s-maj/images/BilderMaja/2010VogelEffi/effi3_kl.jpg	hidden/sculptural-work/nagging-couple/effi3_kl.jpg	454bf393e9e7e1ac9425d3cde00381101e0786782fd31ee0226bab4ac3ff43f2	155120	True	sculptures-or-installations
live	sculptural-work	odonische-feuer	1044	Odonische Feuer	1530	rgsmoothgallery	2146	fileadmin/s-maj/images/BilderMaja/2010OdonischeFeuer/Feuerbrunnen4_H_test.jpg	live/sculptural-work/odonische-feuer/Feuerbrunnen4_H_test.jpg	10a2065dab46f4f7083b38c134dbc62bc3f484692aeff9cbb816ee120f27d2a2	252345	True	sculptures-or-installations
live	sculptural-work	odonische-feuer	1044	Odonische Feuer	1530	rgsmoothgallery	2151	fileadmin/s-maj/images/BilderMaja/2010OdonischeFeuer/Feuerbrunnen7_H.JPG	live/sculptural-work/odonische-feuer/Feuerbrunnen7_H.JPG	bce4bc86c3c362b37f4f05e5a19aaa1cc86545e77b19ee8b4f2d37083b6f63bb	72007	True	sculptures-or-installations
live	sculptural-work	odonische-feuer	1044	Odonische Feuer	1530	rgsmoothgallery	2152	fileadmin/s-maj/images/BilderMaja/2010OdonischeFeuer/Feuerbrunnen1_L_kl.jpg	live/sculptural-work/odonische-feuer/Feuerbrunnen1_L_kl.jpg	5a43bceac722d9a152c64ba86ec972a06e3a9dd8543c8808c7fcec189aca178a	716768	True	sculptures-or-installations
live	sculptural-work	odonische-feuer	1044	Odonische Feuer	1530	rgsmoothgallery	2154	fileadmin/s-maj/images/BilderMaja/2010OdonischeFeuer/Feuerbrunnen6_H_test.jpg	live/sculptural-work/odonische-feuer/Feuerbrunnen6_H_test.jpg	2b89c64a245fd3c981912b9139c338c770beceb495969d6b04d21d45b3e8113e	246978	True	sculptures-or-installations
live	sculptural-work	odonische-feuer	1044	Odonische Feuer	1530	rgsmoothgallery	2140	fileadmin/s-maj/images/BilderMaja/2010OdonischeFeuer/Feuerrinne6_H_test.jpg	live/sculptural-work/odonische-feuer/Feuerrinne6_H_test.jpg	cc2974b8e5d157f0e8ff2b7e3af74e7c52dd91226d941d5a9d9918123d98d93a	427043	True	sculptures-or-installations
live	sculptural-work	odonische-feuer	1044	Odonische Feuer	1530	rgsmoothgallery	2141	fileadmin/s-maj/images/BilderMaja/2010OdonischeFeuer/Feuerrinne2_L_kl.jpg	live/sculptural-work/odonische-feuer/Feuerrinne2_L_kl.jpg	8835dafa18ea14e92abf4b0e155a7adc663e417a6a102746ee939b4839cdd04c	80157	True	sculptures-or-installations
hidden	sculptural-work	nagging-couple	1038	Nagging Couple	1503	rgsmoothgallery	2165	fileadmin/s-maj/images/BilderMaja/2010VogelEffi/effi1_kl.jpg	hidden/sculptural-work/nagging-couple/effi1_kl.jpg	e48237d1ee7d13045495ead257802c418cdfcbb293bcfcc9e52acb4fc58753ce	181060	True	sculptures-or-installations
live	sculptural-work	odonische-feuer	1044	Odonische Feuer	1530	rgsmoothgallery	2147	fileadmin/s-maj/images/BilderMaja/2010OdonischeFeuer/Feuerrinne1_L_kl.jpg	live/sculptural-work/odonische-feuer/Feuerrinne1_L_kl.jpg	96184de627fffbd6f5e9f3e330c50b98b9f2cfdabc0b6e23a167e1d17d48a183	139674	True	sculptures-or-installations
live	sculptural-work	odonische-feuer	1044	Odonische Feuer	1530	rgsmoothgallery	2148	fileadmin/s-maj/images/BilderMaja/2010OdonischeFeuer/Feuerrinne3_H_test.jpg	live/sculptural-work/odonische-feuer/Feuerrinne3_H_test.jpg	03880d2ecfa3bc368aa72124872609e9f6dae30b27613f8eae047c455ed35de3	367273	True	sculptures-or-installations
hidden	sculptural-work	nagging-couple	1038	Nagging Couple	1503	rgsmoothgallery	2164	fileadmin/s-maj/images/BilderMaja/2010VogelEffi/Effi2_kl.jpg	hidden/sculptural-work/nagging-couple/Effi2_kl.jpg	bc1fbe008ba9a165df031d1e8f2ee513384c683e6acbb7eca50fee39d276a59a	108685	True	sculptures-or-installations
hidden	sculptural-work	bird-sculptures-test	1048	Bird Sculptures - test	1541	rgsmoothgallery	2101	fileadmin/s-maj/images/BilderMaja/2010VogelEffi/dsc_4071.jpg	hidden/sculptural-work/bird-sculptures-test/dsc_4071.jpg	6c597110e7b26582cf0e8746efef4e06637fcd800f634428faf1d2a3674bd084	104763	True	sculptures-or-installations
live	sculptural-work	wacken-skull	1046	Wacken Skull	1533	rgsmoothgallery	2224	fileadmin/s-maj/images/BilderMaja/2012WackenScull/skull_clean.jpg	live/sculptural-work/wacken-skull/skull_clean.jpg	af6cee38289bd3617eba0ce74f80ee08a02bda2457d16cc441bd633704031c97	285623	True	sculptures-or-installations
live	sculptural-work	wacken-skull	1046	Wacken Skull	1533	rgsmoothgallery	2182	fileadmin/s-maj/images/BilderMaja/2012WackenScull/final_surface.jpg	live/sculptural-work/wacken-skull/final_surface.jpg	daf776ae4c645507476fd636c0c5f7d616efd788d762e30b7b3fd749f0d1221b	201515	True	sculptures-or-installations
hidden	sculptural-work	bird-sculptures-test	1048	Bird Sculptures - test	1541	rgsmoothgallery	2103	fileadmin/s-maj/images/BilderMaja/2010VogelEffi/dsc_4121.jpg	hidden/sculptural-work/bird-sculptures-test/dsc_4121.jpg	04a844d5650a3d8de985d38a33476aa38bfcaf7d625141d1e44c6ac925cb7932	116214	True	sculptures-or-installations
live	sculptural-work	wacken-bull	1047	Wacken Bull 	1535	rgsmoothgallery	2210	fileadmin/s-maj/images/BilderMaja/2012WOA_Bull/l2.jpg	live/sculptural-work/wacken-bull/l2.jpg	3c8f5824c067e1b61aff1504bb619d1f4aca0f84436be0c752b674d6c045d97f	518618	True	sculptures-or-installations
live	sculptural-work	wacken-skull	1046	Wacken Skull	1533	rgsmoothgallery	2185	fileadmin/s-maj/images/BilderMaja/2012WackenScull/close_up2.jpg	live/sculptural-work/wacken-skull/close_up2.jpg	dad879c425b264cd3f63c99a0dc336060cd72aa88ab63a02ace7d19dfc5f03a9	203866	True	sculptures-or-installations
live	sculptural-work	wacken-skull	1046	Wacken Skull	1533	rgsmoothgallery	2186	fileadmin/s-maj/images/BilderMaja/2012WackenScull/Model1.jpg	live/sculptural-work/wacken-skull/Model1.jpg	26685855f632d4c56b0838c81e1d81c5f55f98e7b91db0dfb65a5e02fd52fc0f	261996	True	sculptures-or-installations
live	sculptural-work	wacken-bull	1047	Wacken Bull 	1535	rgsmoothgallery	2209	fileadmin/s-maj/images/BilderMaja/2012WOA_Bull/l1.jpg	live/sculptural-work/wacken-bull/l1.jpg	038f62d455d24c4f8ba96847b8ff9fb143d43644df58358674850e37f863984e	290764	True	sculptures-or-installations
live	sculptural-work	wacken-skull	1046	Wacken Skull	1533	rgsmoothgallery	2189	fileadmin/s-maj/images/BilderMaja/2012WackenScull/ich.jpg	live/sculptural-work/wacken-skull/ich.jpg	9af7bf06714f8ce1b572e6daf0b1faebe132e6b2f134c0b22e61124b5f0e9eb1	212549	True	sculptures-or-installations
live	sculptural-work	wacken-skull	1046	Wacken Skull	1533	rgsmoothgallery	2190	fileadmin/s-maj/images/BilderMaja/2012WackenScull/up2.jpg	live/sculptural-work/wacken-skull/up2.jpg	1d1d1b1d9f2b6482fd7f4ae83b9aeecc306184e4472759f6e40b83513b7ab666	229382	True	sculptures-or-installations
live	sculptural-work	wacken-skull	1046	Wacken Skull	1533	rgsmoothgallery	2193	fileadmin/s-maj/images/BilderMaja/2012WackenScull/construction.jpg	live/sculptural-work/wacken-skull/construction.jpg	9fbd7fff33ab54fec2eb36ba7557cb92a71430a98e2da5563868660347f7c72f	202867	True	sculptures-or-installations
hidden	sculptural-work	bird-sculptures-test	1048	Bird Sculptures - test	1541	rgsmoothgallery	2104	fileadmin/s-maj/images/BilderMaja/2010VogelEffi/dsc_4114.jpg	hidden/sculptural-work/bird-sculptures-test/dsc_4114.jpg	06b65d9b269d680a2b5405b48b2010ffacd913866758f5e04ccf9d4959f1d433	113651	True	sculptures-or-installations
live	sculptural-work	wacken-skull	1046	Wacken Skull	1533	rgsmoothgallery	2194	fileadmin/s-maj/images/BilderMaja/2012WackenScull/up4.jpg	live/sculptural-work/wacken-skull/up4.jpg	72eb85e0611b0990fde3c2e09f90b4d9b1231d48d21e854c95c2e2c9347f80f7	251595	True	sculptures-or-installations
live	sculptural-work	wacken-skull	1046	Wacken Skull	1533	rgsmoothgallery	2197	fileadmin/s-maj/images/BilderMaja/2012WackenScull/Modell2.jpg	live/sculptural-work/wacken-skull/Modell2.jpg	fd59e6152f580d7f0d6be574578f8583abea968ba051c1a5e048befcd30ff20b	254796	True	sculptures-or-installations
live	sculptural-work	wacken-bull	1047	Wacken Bull 	1535	rgsmoothgallery	2222	fileadmin/s-maj/images/BilderMaja/2012WOA_Bull/BullSeiteMasse.jpg	live/sculptural-work/wacken-bull/BullSeiteMasse.jpg	53cb7668e3fba23310c30b81e68ab7719f14e26ec234eb5450e23b233647d8ec	435096	True	sculptures-or-installations
live	sculptural-work	wacken-bull	1047	Wacken Bull 	1535	rgsmoothgallery	2207	fileadmin/s-maj/images/BilderMaja/2012WOA_Bull/hr.jpg	live/sculptural-work/wacken-bull/hr.jpg	6b7bcc0867ed52c167d937627052c5fbda699d6cada88fe508273a28badfc404	663893	True	sculptures-or-installations
live	sculptural-work	wacken-bull	1047	Wacken Bull 	1535	rgsmoothgallery	2206	fileadmin/s-maj/images/BilderMaja/2012WOA_Bull/gf3.jpg	live/sculptural-work/wacken-bull/gf3.jpg	86f7846f5b090f62c3fccbd7f6e94275370080339dd9588b7d1eb1f015030426	226268	True	sculptures-or-installations
live	sculptural-work	the-fifth-estate	1053	The Fifth Estate	1562	rgsmoothgallery	2286	fileadmin/s-maj/images/BilderMaja/2013FifthEstate/Table1.jpg	live/sculptural-work/the-fifth-estate/Table1.jpg	5b7e8500d834bab421fc46618054ed70c873cc0b1567f602d0f728e0b9e4f4c7	296762	True	sculptures-or-installations
live	sculptural-work	wacken-bull	1047	Wacken Bull 	1535	rgsmoothgallery	2204	fileadmin/s-maj/images/BilderMaja/2012WOA_Bull/Festival1.jpg	live/sculptural-work/wacken-bull/Festival1.jpg	fca3a8d10a6f7fe6e518ece5b1d930b5c14a9f555e2b460fdad8aad9a0695415	437118	True	sculptures-or-installations
live	sculptural-work	wacken-bull	1047	Wacken Bull 	1535	rgsmoothgallery	2211	fileadmin/s-maj/images/BilderMaja/2012WOA_Bull/Nose1.jpg	live/sculptural-work/wacken-bull/Nose1.jpg	7601e4bb9b437db32076a137e6aafcce376659888281cc948124a9836a18d52d	220774	True	sculptures-or-installations
live	sculptural-work	wacken-bull	1047	Wacken Bull 	1535	rgsmoothgallery	2212	fileadmin/s-maj/images/BilderMaja/2012WOA_Bull/r13.jpg	live/sculptural-work/wacken-bull/r13.jpg	151f4c6a51b79d0eae53c95323e88176df74f989c5e59b28fb2004b82cff120f	241790	True	sculptures-or-installations
live	sculptural-work	wacken-bull	1047	Wacken Bull 	1535	rgsmoothgallery	2221	fileadmin/s-maj/images/BilderMaja/2012WOA_Bull/BullFrontMasse.jpg	live/sculptural-work/wacken-bull/BullFrontMasse.jpg	340c9633b6f3427bf55fb9f44be97816c0b56ea094d44c1d670ef283646e4136	305564	True	sculptures-or-installations
live	sculptural-work	wacken-bull	1047	Wacken Bull 	1535	rgsmoothgallery	2214	fileadmin/s-maj/images/BilderMaja/2012WOA_Bull/vl2.jpg	live/sculptural-work/wacken-bull/vl2.jpg	39c8227f38fb7b827dc13307cd964eea0c532e5cf66ecce8ccc24aaa1ce9c481	213923	True	sculptures-or-installations
live	sculptural-work	wacken-bull	1047	Wacken Bull 	1535	rgsmoothgallery	2215	fileadmin/s-maj/images/BilderMaja/2012WOA_Bull/vl21.jpg	live/sculptural-work/wacken-bull/vl21.jpg	f2989a068cdfaeba629cc205432f047eef145915ef7c8dfe5c0825bf99488040	210548	True	sculptures-or-installations
live	sculptural-work	wacken-skull	1046	Wacken Skull	1533	rgsmoothgallery	2203	fileadmin/s-maj/images/BilderMaja/2012WackenScull/P1110072.jpg	live/sculptural-work/wacken-skull/P1110072.jpg	3a5b4d9ecfe2dbb24983ba47f47b84b3a3d3e1dd6bdedd87300159de256d57fd	206792	True	sculptures-or-installations
live	sculptural-work	wacken-skull	1046	Wacken Skull	1533	rgsmoothgallery	2200	fileadmin/s-maj/images/BilderMaja/2012WackenScull/P1100853.jpg	live/sculptural-work/wacken-skull/P1100853.jpg	b09734132bb4a2f775bca8dc1db8569c8517d67ae17431c536ea7f42ce0aaf66	244306	True	sculptures-or-installations
live	sculptural-work	wacken-skull	1046	Wacken Skull	1533	rgsmoothgallery	2199	fileadmin/s-maj/images/BilderMaja/2012WackenScull/P1100852.jpg	live/sculptural-work/wacken-skull/P1100852.jpg	cb6335a25206c3ac186541cf1632abe6118406d85e78e51b97f90e4ce6b3f0c7	321885	True	sculptures-or-installations
hidden	sculptural-work	bird-sculptures-test	1048	Bird Sculptures - test	1541	rgsmoothgallery	2099	fileadmin/s-maj/images/BilderMaja/2010VogelEffi/dsc_4117.jpg	hidden/sculptural-work/bird-sculptures-test/dsc_4117.jpg	c6b9c5f6ba01622f51d6798d28642e27e4b508b2446c623c396d331b7d063b77	110959	True	sculptures-or-installations
hidden	sculptural-work	bird-sculptures-test	1048	Bird Sculptures - test	1541	rgsmoothgallery	2163	fileadmin/s-maj/images/BilderMaja/2010VogelEffi/effi3_kl.jpg	hidden/sculptural-work/bird-sculptures-test/effi3_kl.jpg	454bf393e9e7e1ac9425d3cde00381101e0786782fd31ee0226bab4ac3ff43f2	155120	True	sculptures-or-installations
hidden	sculptural-work	bird-sculptures-test	1048	Bird Sculptures - test	1541	rgsmoothgallery	2164	fileadmin/s-maj/images/BilderMaja/2010VogelEffi/Effi2_kl.jpg	hidden/sculptural-work/bird-sculptures-test/Effi2_kl.jpg	bc1fbe008ba9a165df031d1e8f2ee513384c683e6acbb7eca50fee39d276a59a	108685	True	sculptures-or-installations
hidden	sculptural-work	bird-sculptures-test	1048	Bird Sculptures - test	1541	rgsmoothgallery	2165	fileadmin/s-maj/images/BilderMaja/2010VogelEffi/effi1_kl.jpg	hidden/sculptural-work/bird-sculptures-test/effi1_kl.jpg	e48237d1ee7d13045495ead257802c418cdfcbb293bcfcc9e52acb4fc58753ce	181060	True	sculptures-or-installations
hidden	sculptural-work	bird-sculptures-test	1048	Bird Sculptures - test	1541	rgsmoothgallery	2096	fileadmin/s-maj/images/BilderMaja/2010VogelEffi/dsc_4111.jpg	hidden/sculptural-work/bird-sculptures-test/dsc_4111.jpg	a8145a5739e11ca11e07238715516dc4b88d56330ba533fe6b3c24f6c83960d3	113992	True	sculptures-or-installations
hidden	sculptural-work	bird-sculptures-test	1048	Bird Sculptures - test	1541	rgsmoothgallery	2105	fileadmin/s-maj/images/BilderMaja/2010VogelEffi/dsc_4073.jpg	hidden/sculptural-work/bird-sculptures-test/dsc_4073.jpg	6a49cf7704f64d820ed2ff9e323f907c25b0e4bb2bbd65ff10651eef70ca1fe7	198690	True	sculptures-or-installations
hidden	sculptural-work	bird-sculptures-test	1048	Bird Sculptures - test	1542	rgsmoothgallery	1760	fileadmin/s-maj/images/BilderMaja/2009vogelpaar/Vogelpaar5.jpg	hidden/sculptural-work/bird-sculptures-test/Vogelpaar5.jpg	5fd9d1a9ba8a9f9f8c966ee03526b3983bf9c6b1b642f8f478c01caef9d127f4	189247	True	sculptures-or-installations
hidden	sculptural-work	bird-sculptures-test	1048	Bird Sculptures - test	1542	rgsmoothgallery	1759	fileadmin/s-maj/images/BilderMaja/2009vogelpaar/Vogelpaar6.jpg	hidden/sculptural-work/bird-sculptures-test/Vogelpaar6.jpg	0024623e3e45d41716fff4a806d40157b4b838b7095d20f76338b2cc6739a22e	164839	True	sculptures-or-installations
hidden	sculptural-work	bird-sculptures-test	1048	Bird Sculptures - test	1542	rgsmoothgallery	1757	fileadmin/s-maj/images/BilderMaja/2009vogelpaar/Vogel2.jpg	hidden/sculptural-work/bird-sculptures-test/Vogel2.jpg	8689cade39a2f2e7d8eae6a92f898daf7af1cfd0f17e9ff25297af314abd2838	151894	True	sculptures-or-installations
hidden	sculptural-work	bird-sculptures-test	1048	Bird Sculptures - test	1542	rgsmoothgallery	1785	fileadmin/s-maj/images/BilderMaja/2009vogelpaar/DSC01253.jpg	hidden/sculptural-work/bird-sculptures-test/DSC01253.jpg	cd46b62450ed8199c7ba9c29b942910346aefe554c8a75734eb425caaab98143	220481	True	sculptures-or-installations
hidden	sculptural-work	bird-sculptures-test	1048	Bird Sculptures - test	1542	rgsmoothgallery	1784	fileadmin/s-maj/images/BilderMaja/2009vogelpaar/DSC01252.jpg	hidden/sculptural-work/bird-sculptures-test/DSC01252.jpg	711540060c2831cf16a74b04baf6d95446fd7b65d7c48b35ffbfaf8bb86051a1	235709	True	sculptures-or-installations
hidden	sculptural-work	bird-sculptures-test	1048	Bird Sculptures - test	1542	rgsmoothgallery	1786	fileadmin/s-maj/images/BilderMaja/2009vogelpaar/DSC01256.jpg	hidden/sculptural-work/bird-sculptures-test/DSC01256.jpg	f8288b2da401a03c16a7d5d715ec9c9db1edad0beb92aede7e342a9ce901bb3a	129401	True	sculptures-or-installations
hidden	sculptural-work	bird-sculptures-test	1048	Bird Sculptures - test	1543	rgsmoothgallery	931	fileadmin/s-maj/images/BilderMaja/2008juraBird/kraehe.jpg	hidden/sculptural-work/bird-sculptures-test/kraehe.jpg	5188bc0dee623685e41aa4f3e3ae9bfafd79ee0278cac5a03e93e1ddf45c854c	385119	True	sculptures-or-installations
hidden	sculptural-work	bird-sculptures-test	1048	Bird Sculptures - test	1543	rgsmoothgallery	933	fileadmin/s-maj/images/BilderMaja/2008juraBird/head1.jpg	hidden/sculptural-work/bird-sculptures-test/head1.jpg	7231303336561d93d17c9bb1db5d7afe0bcb2f8d775eb99b2e68d4f56716fac8	731948	True	sculptures-or-installations
hidden	sculptural-work	bird-sculptures-test	1048	Bird Sculptures - test	1543	rgsmoothgallery	934	fileadmin/s-maj/images/BilderMaja/2008juraBird/bird2.jpg	hidden/sculptural-work/bird-sculptures-test/bird2.jpg	2cca5265322c2ad87c3e595eb7a91f87805b24a92180f3cb9e5577da287c6edf	604807	True	sculptures-or-installations
hidden	sculptural-work	bird-sculptures-test	1048	Bird Sculptures - test	1543	rgsmoothgallery	936	fileadmin/s-maj/images/BilderMaja/2008juraBird/bird1.jpg	hidden/sculptural-work/bird-sculptures-test/bird1.jpg	8008376e5b99d3a269bd4c483ee60288a727db1d65be0f699cefe625962163f5	522178	True	sculptures-or-installations
hidden	sculptural-work	bird-sculptures-test	1048	Bird Sculptures - test	1543	rgsmoothgallery	935	fileadmin/s-maj/images/BilderMaja/2008juraBird/downunder.jpg	hidden/sculptural-work/bird-sculptures-test/downunder.jpg	53d84447a8185331f8d696d7f79c257f2d2a1120589064bf3ff144b4895666ac	435803	True	sculptures-or-installations
hidden	sculptural-work	bird-sculptures-test	1048	Bird Sculptures - test	1543	rgsmoothgallery	937	fileadmin/s-maj/images/BilderMaja/2008juraBird/head2.jpg	hidden/sculptural-work/bird-sculptures-test/head2.jpg	0337bb4db7d8811579b42d75b596673373014471535a6653d7c0ca1059447746	750366	True	sculptures-or-installations
hidden	sculptural-work	bird-sculptures-test	1048	Bird Sculptures - test	1543	rgsmoothgallery	1763	fileadmin/s-maj/images/BilderMaja/2008juraBird/DSC04218.jpg	hidden/sculptural-work/bird-sculptures-test/DSC04218.jpg	d7ba8749cb60c815179ea6bd6b053e8e414adbc6fe690d70825e52f9a82bd620	166089	True	sculptures-or-installations
hidden	sculptural-work	bird-sculptures-test	1048	Bird Sculptures - test	1545	rgsmoothgallery	2106	fileadmin/s-maj/images/BilderMaja/2010VogelSuter/dsc_4109.jpg	hidden/sculptural-work/bird-sculptures-test/dsc_4109.jpg	f697e2c1f4757adbc20ecf158b2b54f391accfe612a5bf219c76600d3dc9e5e2	71939	True	sculptures-or-installations
hidden	sculptural-work	bird-sculptures-test	1048	Bird Sculptures - test	1545	rgsmoothgallery	2107	fileadmin/s-maj/images/BilderMaja/2010VogelSuter/dsc_4097.jpg	hidden/sculptural-work/bird-sculptures-test/dsc_4097.jpg	23ee914ac7cd55a6959113d3e63d28b6a7904859d012bf33b81cd54961a098e0	78020	True	sculptures-or-installations
hidden	sculptural-work	bird-sculptures-test	1048	Bird Sculptures - test	1545	rgsmoothgallery	2109	fileadmin/s-maj/images/BilderMaja/2010VogelSuter/dsc_4100.jpg	hidden/sculptural-work/bird-sculptures-test/dsc_4100.jpg	5f86582a66e9baba32fe1b71ad86a787cd63f74a85d82d502892eb3d898625f8	87452	True	sculptures-or-installations
hidden	sculptural-work	bird-sculptures-test	1048	Bird Sculptures - test	1545	rgsmoothgallery	2110	fileadmin/s-maj/images/BilderMaja/2010VogelSuter/suter1.jpg	hidden/sculptural-work/bird-sculptures-test/suter1.jpg	7e90319b21f10987023ffb7629674f2c3c1a67f70452f5863066da57ac9b68ce	102085	True	sculptures-or-installations
hidden	sculptural-work	bird-sculptures-test	1048	Bird Sculptures - test	1545	rgsmoothgallery	2111	fileadmin/s-maj/images/BilderMaja/2010VogelSuter/dsc_4095.jpg	hidden/sculptural-work/bird-sculptures-test/dsc_4095.jpg	0491305b960c3f01255f6b4c2986ad87c665d0258a69c9463dc66f41528ba8bf	126823	True	sculptures-or-installations
hidden	sculptural-work	bird-sculptures-test	1048	Bird Sculptures - test	1545	rgsmoothgallery	2112	fileadmin/s-maj/images/BilderMaja/2010VogelSuter/dsc_4093.jpg	hidden/sculptural-work/bird-sculptures-test/dsc_4093.jpg	3f53563b6620b8395871e87a20323d6b19050be43dd312ce57856bbd918c0b7f	100752	True	sculptures-or-installations
hidden	sculptural-work	bird-sculptures-test	1048	Bird Sculptures - test	1545	rgsmoothgallery	2102	fileadmin/s-maj/images/BilderMaja/2010VogelEffi/dsc_4090.jpg	hidden/sculptural-work/bird-sculptures-test/dsc_4090.jpg	918ff327fdfbed3d4408056e9ce33c23cfa10b5c41d39164c1a7ba494a6e1c27	73395	True	sculptures-or-installations
live	sculptural-work	wacken-bull	1047	Wacken Bull 	1535	rgsmoothgallery	2239	fileadmin/s-maj/images/BilderMaja/2012WOA_Bull/Werkstatt1.jpg	live/sculptural-work/wacken-bull/Werkstatt1.jpg	9324c7f14602a18d520528a4d83d123ab988a82a466759b8fe7eb8299057fa13	345656	True	sculptures-or-installations
live	sculptural-work	the-fifth-estate	1053	The Fifth Estate	1562	rgsmoothgallery	2287	fileadmin/s-maj/images/BilderMaja/2013FifthEstate/TableAndLamp.jpg	live/sculptural-work/the-fifth-estate/TableAndLamp.jpg	b14238f8a424e4f380eed1fda13745aa3c60f9938b1133ae9cdb138dd2f2bc82	227187	True	sculptures-or-installations
live	sculptural-work	tube-ghosts	1051	Tube Ghosts	1558	rgsmoothgallery	2261	fileadmin/s-maj/images/BilderMaja/2013TubeRail/Tube_Rail11.jpg	live/sculptural-work/tube-ghosts/Tube_Rail11.jpg	026e90490dca5a74ae152e5b9ba343f63f2dbafb1a041148515701984c781295	112609	True	sculptures-or-installations
live	sculptural-work	the-fifth-estate	1053	The Fifth Estate	1562	rgsmoothgallery	2280	fileadmin/s-maj/images/BilderMaja/2013FifthEstate/chair1.jpg	live/sculptural-work/the-fifth-estate/chair1.jpg	f340f999ce694dfe9a4dc31a39cf2f8afeffff2afdf2b389efbef47929f7c432	336372	True	sculptures-or-installations
live	sculptural-work	the-fifth-estate	1053	The Fifth Estate	1562	rgsmoothgallery	2282	fileadmin/s-maj/images/BilderMaja/2013FifthEstate/chair3.jpg	live/sculptural-work/the-fifth-estate/chair3.jpg	55e3a49d6d1f101d1588334fccec4872e172a20872932feefef18a024c16c3ad	282514	True	sculptures-or-installations
live	sculptural-work	the-fifth-estate	1053	The Fifth Estate	1562	rgsmoothgallery	2281	fileadmin/s-maj/images/BilderMaja/2013FifthEstate/chair2.jpg	live/sculptural-work/the-fifth-estate/chair2.jpg	f10a2545e7a4d800cad6314189b3754169fc911f073989d952b4b94b0ff6bd18	284936	True	sculptures-or-installations
live	sculptural-work	the-fifth-estate	1053	The Fifth Estate	1562	rgsmoothgallery	2283	fileadmin/s-maj/images/BilderMaja/2013FifthEstate/Chair4.jpg	live/sculptural-work/the-fifth-estate/Chair4.jpg	8efee999afae1695c09d52908631ba94231b276facfbea243aab8799a8b27672	270206	True	sculptures-or-installations
live	sculptural-work	the-fifth-estate	1053	The Fifth Estate	1562	rgsmoothgallery	2284	fileadmin/s-maj/images/BilderMaja/2013FifthEstate/ChairGroup.jpg	live/sculptural-work/the-fifth-estate/ChairGroup.jpg	3934e5b3d50aa3c183f619b0cfe765d0e5982fb6d9b5def8da7502983576eacb	270335	True	sculptures-or-installations
live	sculptural-work	tube-ghosts	1051	Tube Ghosts	1558	rgsmoothgallery	2262	fileadmin/s-maj/images/BilderMaja/2013TubeRail/Tube_Rail44.jpg	live/sculptural-work/tube-ghosts/Tube_Rail44.jpg	7a758a0a871f7fd8c5acdfadfb0f19af2c5536e301c8860b567ca4888dfb0c42	175345	True	sculptures-or-installations
live	sculptural-work	tube-ghosts	1051	Tube Ghosts	1558	rgsmoothgallery	2250	fileadmin/s-maj/images/BilderMaja/2013TubeRail/Figure2.jpg	live/sculptural-work/tube-ghosts/Figure2.jpg	3d3cc2453ea82618ae75e58d14f6ffd0a09abd0d4e39fb76d4ad97c4d97efe10	260901	True	sculptures-or-installations
live	sculptural-work	tube-ghosts	1051	Tube Ghosts	1558	rgsmoothgallery	2249	fileadmin/s-maj/images/BilderMaja/2013TubeRail/Figure2_sky.jpg	live/sculptural-work/tube-ghosts/Figure2_sky.jpg	2f5c5ef48640c76c113ed9a3ee81a25ae9ca39e91c72eaf92a6ad47780678800	180133	True	sculptures-or-installations
live	sculptural-work	tube-ghosts	1051	Tube Ghosts	1558	rgsmoothgallery	2248	fileadmin/s-maj/images/BilderMaja/2013TubeRail/Figure1_sky.jpg	live/sculptural-work/tube-ghosts/Figure1_sky.jpg	35b0d053ebd466d2d178999b181244fbb35c7ded4c012dec59fc8bc706c8e9a9	222652	True	sculptures-or-installations
live	sculptural-work	tube-ghosts	1051	Tube Ghosts	1558	rgsmoothgallery	2247	fileadmin/s-maj/images/BilderMaja/2013TubeRail/Figure1_rail.jpg	live/sculptural-work/tube-ghosts/Figure1_rail.jpg	ece94dca2a174ff84968e2d5b8979e9b2a12f8862e06016892352b49428f093e	316885	True	sculptures-or-installations
live	sculptural-work	tube-ghosts	1051	Tube Ghosts	1558	rgsmoothgallery	2246	fileadmin/s-maj/images/BilderMaja/2013TubeRail/Figure1_forest.jpg	live/sculptural-work/tube-ghosts/Figure1_forest.jpg	cccbcc7aae16875a0a5eefd02d90dd6a6f2bb832b0b2743134fa79bb5bc74d89	372247	True	sculptures-or-installations
live	sculptural-work	tube-ghosts	1051	Tube Ghosts	1558	rgsmoothgallery	2245	fileadmin/s-maj/images/BilderMaja/2013TubeRail/Figure1_1.jpg	live/sculptural-work/tube-ghosts/Figure1_1.jpg	5b2d3d9840d6504aebc2a89e7b8fd1448df8586736a6dd4fc53658d91dccbf88	277087	True	sculptures-or-installations
live	sculptural-work	tube-ghosts	1051	Tube Ghosts	1558	rgsmoothgallery	2251	fileadmin/s-maj/images/BilderMaja/2013TubeRail/Figure3_1.jpg	live/sculptural-work/tube-ghosts/Figure3_1.jpg	6075b7d25a12a915833a198945f890f3a8b577a6d326a67a09d4ef469104c059	173568	True	sculptures-or-installations
live	sculptural-work	tube-ghosts	1051	Tube Ghosts	1558	rgsmoothgallery	2253	fileadmin/s-maj/images/BilderMaja/2013TubeRail/Figure3_making1.jpg	live/sculptural-work/tube-ghosts/Figure3_making1.jpg	b2d3c6c1b7f9f19f33e7da56ec7d5829ee011c589c22f8ea6a443fdf9d5e19a1	401754	True	sculptures-or-installations
live	sculptural-work	tube-ghosts	1051	Tube Ghosts	1558	rgsmoothgallery	2256	fileadmin/s-maj/images/BilderMaja/2013TubeRail/Figure3_weld.jpg	live/sculptural-work/tube-ghosts/Figure3_weld.jpg	a6a550ad619af8ab7fba2367a78eece9566fec8aa766aab5733b9d24f899fa24	282936	True	sculptures-or-installations
live	sculptural-work	tube-ghosts	1051	Tube Ghosts	1558	rgsmoothgallery	2255	fileadmin/s-maj/images/BilderMaja/2013TubeRail/Figure3_sky2.jpg	live/sculptural-work/tube-ghosts/Figure3_sky2.jpg	22f30568d60e54badc25bdbc6f6849ea0e54db47afae14bbd8a0791e6e362f17	233306	True	sculptures-or-installations
live	sculptural-work	tube-ghosts	1051	Tube Ghosts	1558	rgsmoothgallery	2252	fileadmin/s-maj/images/BilderMaja/2013TubeRail/Figure3_bau.jpg	live/sculptural-work/tube-ghosts/Figure3_bau.jpg	ce347f00e9e561b29c38a5e1dae60a1c06322e4629c43a4326226a3423d1600d	256384	True	sculptures-or-installations
live	sculptural-work	tube-ghosts	1051	Tube Ghosts	1558	rgsmoothgallery	2257	fileadmin/s-maj/images/BilderMaja/2013TubeRail/Rail1.jpg	live/sculptural-work/tube-ghosts/Rail1.jpg	6ab25fa6cb16be46d9cfd6daa48050bf75535b813f191a9276386c5b103feb98	294882	True	sculptures-or-installations
live	sculptural-work	tube-ghosts	1051	Tube Ghosts	1558	rgsmoothgallery	2254	fileadmin/s-maj/images/BilderMaja/2013TubeRail/Figure3_sky.jpg	live/sculptural-work/tube-ghosts/Figure3_sky.jpg	dd971ad5e1a373369f2e2e4720de31cb3630725706c312159fc4214a22045c62	163227	True	sculptures-or-installations
live	sculptural-work	tube-ghosts	1051	Tube Ghosts	1558	rgsmoothgallery	2258	fileadmin/s-maj/images/BilderMaja/2013TubeRail/Rail2.jpg	live/sculptural-work/tube-ghosts/Rail2.jpg	ea9ab5de9ea4cda15c5562077c2c56615a7d94d51c6b59b668f06856f38c7725	262484	True	sculptures-or-installations
live	sculptural-work	tube-ghosts	1051	Tube Ghosts	1558	rgsmoothgallery	2259	fileadmin/s-maj/images/BilderMaja/2013TubeRail/Rail3.jpg	live/sculptural-work/tube-ghosts/Rail3.jpg	f33aff8a963d3dd13efe22fdd351b0115ced2f30412d749226d25772e3f74362	321525	True	sculptures-or-installations
live	sculptural-work	tube-ghosts	1051	Tube Ghosts	1558	rgsmoothgallery	2260	fileadmin/s-maj/images/BilderMaja/2013TubeRail/Rail4.jpg	live/sculptural-work/tube-ghosts/Rail4.jpg	95f361bbf605d4b86290ef68ed9e46d3012d6da8a7b451f05bf91d39d406490a	248070	True	sculptures-or-installations
live	sculptural-work	the-fifth-estate	1053	The Fifth Estate	1562	rgsmoothgallery	2285	fileadmin/s-maj/images/BilderMaja/2013FifthEstate/Sofa.jpg	live/sculptural-work/the-fifth-estate/Sofa.jpg	1710b589b79cfd960452fb287d6fd5cad822cbc0e89f452fa050a5063627bcef	375555	True	sculptures-or-installations
live	sculptural-work	sisyphos-gate	1052	Sisyphos Gate	1560	rgsmoothgallery	2271	fileadmin/s-maj/images/BilderMaja/2013SisyphosGate/DjangoKnoth_Gate_37.jpg	live/sculptural-work/sisyphos-gate/DjangoKnoth_Gate_37.jpg	b72b5735270fbb24a55df568724f53f3655d796374fa8a20c29560923a823529	482381	True	sculptures-or-installations
live	sculptural-work	sisyphos-gate	1052	Sisyphos Gate	1560	rgsmoothgallery	2272	fileadmin/s-maj/images/BilderMaja/2013SisyphosGate/Duck_gate_1.jpg	live/sculptural-work/sisyphos-gate/Duck_gate_1.jpg	4961156516ffafc3b2e11ba82fd314e52816e8cff0c5df78732be99bc877ed73	290914	True	sculptures-or-installations
live	sculptural-work	sisyphos-gate	1052	Sisyphos Gate	1560	rgsmoothgallery	2269	fileadmin/s-maj/images/BilderMaja/2013SisyphosGate/DjangoKnoth_Gate_30.jpg	live/sculptural-work/sisyphos-gate/DjangoKnoth_Gate_30.jpg	116f8ee07dc2d615911037ad12c906d620783bfbadb85654466a34250ed9979b	350498	True	sculptures-or-installations
live	sculptural-work	sisyphos-gate	1052	Sisyphos Gate	1560	rgsmoothgallery	2270	fileadmin/s-maj/images/BilderMaja/2013SisyphosGate/DjangoKnoth_Gate_33.jpg	live/sculptural-work/sisyphos-gate/DjangoKnoth_Gate_33.jpg	41e93fed4c6950f98a9b205b532d65e8b2fb1ce48573162355835fde04f261b0	364802	True	sculptures-or-installations
live	sculptural-work	sisyphos-gate	1052	Sisyphos Gate	1560	rgsmoothgallery	2275	fileadmin/s-maj/images/BilderMaja/2013SisyphosGate/IMG_1286.JPG	live/sculptural-work/sisyphos-gate/IMG_1286.JPG	8bcb2c0b0da0db3428e06284038a633a181ae7c1affe02aee4d7c1c83cef398b	337509	True	sculptures-or-installations
live	sculptural-work	sisyphos-gate	1052	Sisyphos Gate	1560	rgsmoothgallery	2266	fileadmin/s-maj/images/BilderMaja/2013SisyphosGate/_0016160-Bearbeitet.jpg	live/sculptural-work/sisyphos-gate/_0016160-Bearbeitet.jpg	924f8e01f5494f83e69a8200d68b8780cfac7e7dbe2fb45a369c083d9877f152	380170	True	sculptures-or-installations
live	sculptural-work	sisyphos-gate	1052	Sisyphos Gate	1560	rgsmoothgallery	2273	fileadmin/s-maj/images/BilderMaja/2013SisyphosGate/Ducks_gate.jpg	live/sculptural-work/sisyphos-gate/Ducks_gate.jpg	b89d07efaef0e187324552e08ca68a8fad75b7318fc92f92f2e170372c0ef1c0	237367	True	sculptures-or-installations
live	sculptural-work	sisyphos-gate	1052	Sisyphos Gate	1560	rgsmoothgallery	2268	fileadmin/s-maj/images/BilderMaja/2013SisyphosGate/DjangoKnoth_Gate_03.jpg	live/sculptural-work/sisyphos-gate/DjangoKnoth_Gate_03.jpg	816537715bee3d7b6c581572067550a4f6bdbe28bbe19fd6749980169518b7e6	373499	True	sculptures-or-installations
live	sculptural-work	sisyphos-gate	1052	Sisyphos Gate	1560	rgsmoothgallery	2267	fileadmin/s-maj/images/BilderMaja/2013SisyphosGate/DjangoKnoth_Gate_01.jpg	live/sculptural-work/sisyphos-gate/DjangoKnoth_Gate_01.jpg	1d3b5dd8b615369e0971cb3aa1d2b5847e04edf164e59de97a6d0e9fd093f932	347098	True	sculptures-or-installations
live	sculptural-work	flower-power	1072	Flower Power	1633	rgsmoothgallery	2599	fileadmin/s-maj/images/BilderMaja/2019_Flowerpower/008_IMGP5139_s.JPG	live/sculptural-work/flower-power/008_IMGP5139_s.JPG	9dcb2dc62ca4843fdd9995dec9d1ddd2a855f3b3311231de05565689b915eb31	221602	True	sculptures-or-installations
hidden	recent-work	sculptures	1055	Sculptures	1575	rgsmoothgallery	913	fileadmin/s-maj/images/BilderMaja/2008soldierErico/head4.jpg	hidden/recent-work/sculptures/head4.jpg	5b27673d8ff78395f143ccd6d0b96ffcd1192b7f82d5971904ce25c194e31032	317656	True	UNMAPPED
hidden	recent-work	sculptures	1055	Sculptures	1575	rgsmoothgallery	908	fileadmin/s-maj/images/BilderMaja/2008soldierErico/head3.jpg	hidden/recent-work/sculptures/head3.jpg	f128940a3c5856452893e278da867a7b73d90809d44a48e924bc4ba2cfb94883	290487	True	UNMAPPED
hidden	recent-work	sculptures	1055	Sculptures	1575	rgsmoothgallery	910	fileadmin/s-maj/images/BilderMaja/2008soldierErico/head5.jpg	hidden/recent-work/sculptures/head5.jpg	576a251adcd21d744acaf438b7c5bebf20fa992c1d8687e12dbac9c3fdcd90b0	303713	True	UNMAPPED
hidden	recent-work	sculptures	1055	Sculptures	1575	rgsmoothgallery	930	fileadmin/s-maj/images/BilderMaja/2008juraBird/birdsHome.jpg	hidden/recent-work/sculptures/birdsHome.jpg	a427972f768f22a139defdc49b24aaab72638e0c7715228bb2df6316d67c9f36	701346	True	UNMAPPED
hidden	recent-work	sculptures	1055	Sculptures	1575	rgsmoothgallery	929	fileadmin/s-maj/images/BilderMaja/2008juraBird/vogelSW.jpg	hidden/recent-work/sculptures/vogelSW.jpg	e1b6513a60cac13ba047339ae7c60810fb0173553e31330a4b5eb4f0a66efbe3	437354	True	UNMAPPED
hidden	recent-work	sculptures	1055	Sculptures	1575	rgsmoothgallery	937	fileadmin/s-maj/images/BilderMaja/2008juraBird/head2.jpg	hidden/recent-work/sculptures/head2.jpg	0337bb4db7d8811579b42d75b596673373014471535a6653d7c0ca1059447746	750366	True	UNMAPPED
hidden	recent-work	sculptures	1055	Sculptures	1575	rgsmoothgallery	935	fileadmin/s-maj/images/BilderMaja/2008juraBird/downunder.jpg	hidden/recent-work/sculptures/downunder.jpg	53d84447a8185331f8d696d7f79c257f2d2a1120589064bf3ff144b4895666ac	435803	True	UNMAPPED
live	collaborations	destroy-hiv	1054	Destroy HIV	1564	rgsmoothgallery	2294	fileadmin/s-maj/images/BilderMaja/2013Schutzengel/379679_726045454091027_1293523986_n.jpg	live/collaborations/destroy-hiv/379679_726045454091027_1293523986_n.jpg	a113207ce71bd9a0faac78f1e6d35a108b3bfe3148305d9522f59e7c63b8a73f	62210	True	UNMAPPED
live	collaborations	destroy-hiv	1054	Destroy HIV	1564	rgsmoothgallery	2296	fileadmin/s-maj/images/BilderMaja/2013Schutzengel/1422512_726948264000746_1114160109_n.jpg	live/collaborations/destroy-hiv/1422512_726948264000746_1114160109_n.jpg	2e066cb85163a7787a33bc5ed7eec1087f9746ba63c4ecba35980a30302a4e8f	63636	True	UNMAPPED
hidden	recent-work	sculptures	1055	Sculptures	1575	rgsmoothgallery	924	fileadmin/s-maj/images/BilderMaja/2008geier/vultureonbg.JPG	hidden/recent-work/sculptures/vultureonbg.JPG	4e00ad22bea88e1f77e99fd1671c567a170a42011f0eaf7ef5143d4041b38706	533824	True	UNMAPPED
hidden	recent-work	sculptures	1055	Sculptures	1575	rgsmoothgallery	936	fileadmin/s-maj/images/BilderMaja/2008juraBird/bird1.jpg	hidden/recent-work/sculptures/bird1.jpg	8008376e5b99d3a269bd4c483ee60288a727db1d65be0f699cefe625962163f5	522178	True	UNMAPPED
hidden	recent-work	sculptures	1055	Sculptures	1575	rgsmoothgallery	932	fileadmin/s-maj/images/BilderMaja/2008juraBird/feet.jpg	hidden/recent-work/sculptures/feet.jpg	d221b3476cd7d3f6c6a1fd1f1d5a1a6251483509c61f8449a50789c5afdf69cb	646715	True	UNMAPPED
hidden	recent-work	sculptures	1055	Sculptures	1575	rgsmoothgallery	934	fileadmin/s-maj/images/BilderMaja/2008juraBird/bird2.jpg	hidden/recent-work/sculptures/bird2.jpg	2cca5265322c2ad87c3e595eb7a91f87805b24a92180f3cb9e5577da287c6edf	604807	True	UNMAPPED
hidden	recent-work	sculptures	1055	Sculptures	1575	rgsmoothgallery	933	fileadmin/s-maj/images/BilderMaja/2008juraBird/head1.jpg	hidden/recent-work/sculptures/head1.jpg	7231303336561d93d17c9bb1db5d7afe0bcb2f8d775eb99b2e68d4f56716fac8	731948	True	UNMAPPED
hidden	recent-work	sculptures	1055	Sculptures	1575	rgsmoothgallery	931	fileadmin/s-maj/images/BilderMaja/2008juraBird/kraehe.jpg	hidden/recent-work/sculptures/kraehe.jpg	5188bc0dee623685e41aa4f3e3ae9bfafd79ee0278cac5a03e93e1ddf45c854c	385119	True	UNMAPPED
hidden	recent-work	sculptures	1055	Sculptures	1575	rgsmoothgallery	921	fileadmin/s-maj/images/BilderMaja/2008geier/jamon.JPG	hidden/recent-work/sculptures/jamon.JPG	b96456b50ced7a6e18156bad07d28215b6be0b8f9c523147d93149952ea7d9c3	757975	True	UNMAPPED
hidden	recent-work	sculptures	1055	Sculptures	1575	rgsmoothgallery	928	fileadmin/s-maj/images/BilderMaja/2008geier/cv1.JPG	hidden/recent-work/sculptures/cv1.JPG	ffa5f6d06adde1250fe07bde70b79d230f3fe098e8d91d5c180fc91b149886cd	580153	True	UNMAPPED
hidden	recent-work	sculptures	1055	Sculptures	1575	rgsmoothgallery	926	fileadmin/s-maj/images/BilderMaja/2008geier/vulturebackshot.JPG	hidden/recent-work/sculptures/vulturebackshot.JPG	9e06c84e979fa3522e3ed76cdc3d07e0806955a4113e7a740a64453ae6950df6	577480	True	UNMAPPED
hidden	recent-work	sculptures	1055	Sculptures	1575	rgsmoothgallery	925	fileadmin/s-maj/images/BilderMaja/2008geier/geierDrin1.jpg	hidden/recent-work/sculptures/geierDrin1.jpg	c53715ef2e4276ead2510e82eec3fe42d100c1f51f9b53d07da45fa9d6807754	601690	True	UNMAPPED
hidden	recent-work	sculptures	1055	Sculptures	1575	rgsmoothgallery	920	fileadmin/s-maj/images/BilderMaja/2008geier/geierSW.jpg	hidden/recent-work/sculptures/geierSW.jpg	d410780ebf37306d7ed868706a3304b3bb2009eb83d078b541a7df0219bd2d9f	317772	True	UNMAPPED
hidden	recent-work	sculptures	1055	Sculptures	1575	rgsmoothgallery	922	fileadmin/s-maj/images/BilderMaja/2008geier/geierDrin.jpg	hidden/recent-work/sculptures/geierDrin.jpg	ad550923aebf8f5b8fd21062fee3dc238576181fda4c89cf398769db6f93f6e4	676743	True	UNMAPPED
live	collaborations	destroy-hiv	1054	Destroy HIV	1564	rgsmoothgallery	2311	fileadmin/s-maj/images/BilderMaja/2013Schutzengel/Debris2.jpg	live/collaborations/destroy-hiv/Debris2.jpg	ddf746c3e34bcd57f667b6ad84312d2dcac571d908ab44a8e7825df8a6e3e5b8	420876	True	UNMAPPED
hidden	recent-work	sculptures	1055	Sculptures	1575	rgsmoothgallery	927	fileadmin/s-maj/images/BilderMaja/2008geier/geier1.jpg	hidden/recent-work/sculptures/geier1.jpg	d7b8c9ea513d394d581a75a9cb6c6076788caa13a870b29e009b5d1b920aa9ad	494082	True	UNMAPPED
live	collaborations	destroy-hiv	1054	Destroy HIV	1564	rgsmoothgallery	2303	fileadmin/s-maj/images/BilderMaja/2013Schutzengel/HIV_jungs.jpg	live/collaborations/destroy-hiv/HIV_jungs.jpg	69a72d171b12e66b1748b9b95fb650eeec218c3baf3a9dd9f7946ac62c4288e8	294202	True	UNMAPPED
live	collaborations	destroy-hiv	1054	Destroy HIV	1564	rgsmoothgallery	2302	fileadmin/s-maj/images/BilderMaja/2013Schutzengel/HIV_destroy33.jpg	live/collaborations/destroy-hiv/HIV_destroy33.jpg	2c53fc87689b20b5994ebc93e6b8a1e275904abca8b7dc51a25adac6a5fcc919	231459	True	UNMAPPED
live	collaborations	destroy-hiv	1054	Destroy HIV	1564	rgsmoothgallery	2304	fileadmin/s-maj/images/BilderMaja/2013Schutzengel/Schutzengel_Fluegel1.jpg	live/collaborations/destroy-hiv/Schutzengel_Fluegel1.jpg	a145bccd9943391b5e32bfb14cac81ac539986f89a430d4fdbe2b307cab050c4	193464	True	UNMAPPED
hidden	recent-work	sculptures	1055	Sculptures	1573	rgsmoothgallery	1085	fileadmin/s-maj/images/page/flame2.gif	hidden/recent-work/sculptures/flame2.gif	bd3c093cc449d98338bfb20a388a4a29b1d364e591b65cdc076d80d6cd854133	11347	True	UNMAPPED
live	collaborations	destroy-hiv	1054	Destroy HIV	1564	rgsmoothgallery	2308	fileadmin/s-maj/images/BilderMaja/2013Schutzengel/Schutzengel_Fluegel4.jpg	live/collaborations/destroy-hiv/Schutzengel_Fluegel4.jpg	863a9fa597846985d1a98f53be3f083e30cfbdad9e74e007f78a5d33a14ad24b	270852	True	UNMAPPED
live	collaborations	destroy-hiv	1054	Destroy HIV	1564	rgsmoothgallery	2309	fileadmin/s-maj/images/BilderMaja/2013Schutzengel/Schutzengel_total.jpg	live/collaborations/destroy-hiv/Schutzengel_total.jpg	9bf556ee7dd22c399810ce629e0ee97d2a08112a3973e7c8922cb290b99eb944	191872	True	UNMAPPED
hidden	recent-work	sculptures	1055	Sculptures	1575	rgsmoothgallery	915	fileadmin/s-maj/images/BilderMaja/2008soldierErico/headf3.jpg	hidden/recent-work/sculptures/headf3.jpg	c668f7260a13f24224410e89cc5e9cc0b146ce14b520319b15ec32e7841ac4f7	257727	True	UNMAPPED
hidden	recent-work	sculptures	1055	Sculptures	1575	rgsmoothgallery	914	fileadmin/s-maj/images/BilderMaja/2008soldierErico/headf6.jpg	hidden/recent-work/sculptures/headf6.jpg	d068ca2f6036d416529492c068d49cda3ac1bff402fe5e94cc79aedfa53b8032	235426	True	UNMAPPED
hidden	recent-work	sculptures	1055	Sculptures	1575	rgsmoothgallery	906	fileadmin/s-maj/images/BilderMaja/2008soldierErico/headf1.jpg	hidden/recent-work/sculptures/headf1.jpg	a5ebd5dd3123b5c85b8d78170b6bda94e2efaad6e206130b5d72d79c1037474f	277833	True	UNMAPPED
hidden	recent-work	sculptures	1055	Sculptures	1575	rgsmoothgallery	911	fileadmin/s-maj/images/BilderMaja/2008soldierErico/headf5.jpg	hidden/recent-work/sculptures/headf5.jpg	282af9100346f8596d0ebedaf4d908c0375972e6dc0c0bbfcd74ac3b1d6ff3ee	224606	True	UNMAPPED
hidden	recent-work	sculptures	1055	Sculptures	1575	rgsmoothgallery	905	fileadmin/s-maj/images/BilderMaja/2008soldierErico/soldier2.jpg	hidden/recent-work/sculptures/soldier2.jpg	c93dda818979dc71573c8ad4e8530f4a945165c7d84483656b8c8273d5ed23a6	439497	True	UNMAPPED
hidden	recent-work	sculptures	1055	Sculptures	1575	rgsmoothgallery	918	fileadmin/s-maj/images/BilderMaja/2008soldierErico/soldier5.jpg	hidden/recent-work/sculptures/soldier5.jpg	14fcdda738c310c7a95ff972f7e5c41e8c5a1b18b1a221e6d72a37a9ccaa82e4	363769	True	UNMAPPED
hidden	recent-work	sculptures	1055	Sculptures	1575	rgsmoothgallery	912	fileadmin/s-maj/images/BilderMaja/2008soldierErico/soldier3.jpg	hidden/recent-work/sculptures/soldier3.jpg	fa4fe307483a85845544873d8200887d587a48829e376c8a5c787ace7c47dfb2	620674	True	UNMAPPED
hidden	recent-work	sculptures	1055	Sculptures	1575	rgsmoothgallery	907	fileadmin/s-maj/images/BilderMaja/2008soldierErico/soldier4.jpg	hidden/recent-work/sculptures/soldier4.jpg	8c0ae64da3ad5573668986929f571c250ea733198d57f488036611b6be97a3e3	653159	True	UNMAPPED
hidden	recent-work	sculptures	1055	Sculptures	1575	rgsmoothgallery	909	fileadmin/s-maj/images/BilderMaja/2008soldierErico/soldier.jpg	hidden/recent-work/sculptures/soldier.jpg	93e46b15c2adad04843b045d314d49885105240f95ecaa62927f9068f06ed8e0	803878	True	UNMAPPED
hidden	recent-work	sculptures	1055	Sculptures	1575	rgsmoothgallery	917	fileadmin/s-maj/images/BilderMaja/2008soldierErico/shield.jpg	hidden/recent-work/sculptures/shield.jpg	9dc07a504c35f742baf9e0bb9f2f05334372f253afc38ca7cfab0c437024cdab	696874	True	UNMAPPED
hidden	recent-work	sculptures	1055	Sculptures	1575	rgsmoothgallery	916	fileadmin/s-maj/images/BilderMaja/2008soldierErico/shield1.JPG	hidden/recent-work/sculptures/shield1.JPG	35fb5726dfd6d62ac5d4f7d513fd052355c73cd930de353897deefde66364e4b	716775	True	UNMAPPED
live	sculptural-work	bill-parooka	1062	Bill Parooka	1597	rgsmoothgallery	2451	fileadmin/s-maj/images/BilderMaja/2016BillParooka/BP_ME_A1_010.JPG	live/sculptural-work/bill-parooka/BP_ME_A1_010.JPG	83d8aeba3cdcab07eafdf58525ed392520a56e775b98a39e219c04b4b700d70f	330114	True	sculptures-or-installations
live	sculptural-work	apocalyptic-fence	1059	Apocalyptic Fence	1590	rgsmoothgallery	2375	fileadmin/s-maj/images/BilderMaja/2014ApocaypseFence/IMG_0171.JPG	live/sculptural-work/apocalyptic-fence/IMG_0171.JPG	9118f8bdd61b0e0c9e4adb7701456fc24869996e0ed83203016bd5e3b967bbfc	404212	True	sculptures-or-installations
live	sculptural-work	apocalyptic-fence	1059	Apocalyptic Fence	1590	rgsmoothgallery	2374	fileadmin/s-maj/images/BilderMaja/2014ApocaypseFence/IMG_0170.JPG	live/sculptural-work/apocalyptic-fence/IMG_0170.JPG	0a750a2917b2f80456eba092417b9957ce32a7e9b39358a646a81e555fe84a3f	342251	True	sculptures-or-installations
deleted	sculptural-work	die-weglampen-2015	1060	Die Weglampen 2015	1593	rgsmoothgallery	2429	fileadmin/s-maj/images/BilderMaja/2015Weglampen/Lamp09_07-.jpg	deleted/sculptural-work/die-weglampen-2015/Lamp09_07-.jpg	7053e0bcb1aab8983c7c2f253a516fb6519895760c5ba024d2cf2f1467041ed3	203512	True	sculptures-or-installations
deleted	sculptural-work	die-weglampen-2015	1060	Die Weglampen 2015	1593	rgsmoothgallery	2430	fileadmin/s-maj/images/BilderMaja/2015Weglampen/Lamp10_02-.jpg	deleted/sculptural-work/die-weglampen-2015/Lamp10_02-.jpg	03f3a41e5191d303c3c7db5af7a07fbe06e98f48bc233c7492ad8dd1526dee56	247437	True	sculptures-or-installations
deleted	sculptural-work	die-weglampen-2015	1060	Die Weglampen 2015	1593	rgsmoothgallery	2431	fileadmin/s-maj/images/BilderMaja/2015Weglampen/Lamp13_01-.jpg	deleted/sculptural-work/die-weglampen-2015/Lamp13_01-.jpg	1cbf1c30acd89767ebacd7caa2ab9ea3e9379097e58ee7a444915f91577db0da	244975	True	sculptures-or-installations
live	performance	the-sea-monster	1056	The Sea Monster	1583	rgsmoothgallery	2329	fileadmin/s-maj/images/BilderMaja/2014Seamonster/P1020610.jpg	live/performance/the-sea-monster/P1020610.jpg	dedf6c0966e8549d433305e7caee3c6e0aa40835052289318b481bc257357c12	179881	True	performance
deleted	sculptural-work	die-weglampen-2015	1060	Die Weglampen 2015	1593	rgsmoothgallery	2428	fileadmin/s-maj/images/BilderMaja/2015Weglampen/Lamp07_04-.jpg	deleted/sculptural-work/die-weglampen-2015/Lamp07_04-.jpg	23616a182fc2b4542eff73f18169375433328d185bca676a4e112e97794f3589	265735	True	sculptures-or-installations
deleted	sculptural-work	die-weglampen-2015	1060	Die Weglampen 2015	1593	rgsmoothgallery	2423	fileadmin/s-maj/images/BilderMaja/2015Weglampen/Lamp03_08-.jpg	deleted/sculptural-work/die-weglampen-2015/Lamp03_08-.jpg	8ff697706542d4507fad54c6fe84becdfc06cb2007f28395523001dab4855407	216073	True	sculptures-or-installations
deleted	sculptural-work	die-weglampen-2015	1060	Die Weglampen 2015	1593	rgsmoothgallery	2421	fileadmin/s-maj/images/BilderMaja/2015Weglampen/Lamp02_05-.jpg	deleted/sculptural-work/die-weglampen-2015/Lamp02_05-.jpg	57635848a3dedc771ced6098b5c9ad701d4de311ee8300640d4dda2f82d4d805	220263	True	sculptures-or-installations
live	performance	the-sea-monster	1056	The Sea Monster	1583	rgsmoothgallery	2312	fileadmin/s-maj/images/BilderMaja/2014Seamonster/45_045_Baustelle_m_207.JPG	live/performance/the-sea-monster/45_045_Baustelle_m_207.JPG	62a98c17855e3cfd0431e99714a2a01c6994287c475b78b1dcd339c7b0c6eb6b	204372	True	performance
live	performance	the-sea-monster	1056	The Sea Monster	1583	rgsmoothgallery	2313	fileadmin/s-maj/images/BilderMaja/2014Seamonster/56_056_Baustelle_m_247.JPG	live/performance/the-sea-monster/56_056_Baustelle_m_247.JPG	f4fce7d73a52ca556bb158a83bc4648342680635bca9abe65a021d5714786516	354390	True	performance
live	performance	the-sea-monster	1056	The Sea Monster	1583	rgsmoothgallery	2314	fileadmin/s-maj/images/BilderMaja/2014Seamonster/59_060_Baustelle_m_283.JPG	live/performance/the-sea-monster/59_060_Baustelle_m_283.JPG	968519d471f1262bbe3a8556391bfaadd92b5d25511edc9b71f6326270d359c3	358797	True	performance
live	performance	the-sea-monster	1056	The Sea Monster	1583	rgsmoothgallery	2315	fileadmin/s-maj/images/BilderMaja/2014Seamonster/Baustelle_m_028.jpg	live/performance/the-sea-monster/Baustelle_m_028.jpg	1e055db819a3dac264beebec94ed4709e5b175269d0b398b0adf171a8d15cf1a	381330	True	performance
live	performance	the-sea-monster	1056	The Sea Monster	1583	rgsmoothgallery	2316	fileadmin/s-maj/images/BilderMaja/2014Seamonster/Herbs_OTR_177.jpg	live/performance/the-sea-monster/Herbs_OTR_177.jpg	fe7a58a9f6b36ab8f327455a95830595d49d6b1795d11a1a68a0c3d9145dd895	186785	True	performance
deleted	sculptural-work	die-weglampen-2015	1060	Die Weglampen 2015	1593	rgsmoothgallery	2426	fileadmin/s-maj/images/BilderMaja/2015Weglampen/Lamp01_01-.jpg	deleted/sculptural-work/die-weglampen-2015/Lamp01_01-.jpg	069788877ce6c020d8eba5edadd7b92d732f9bef1c1d104e70b251ee9135eddd	229501	True	sculptures-or-installations
live	performance	the-sea-monster	1056	The Sea Monster	1583	rgsmoothgallery	2318	fileadmin/s-maj/images/BilderMaja/2014Seamonster/MonstaNachtTest1_m.jpg	live/performance/the-sea-monster/MonstaNachtTest1_m.jpg	ce6d5df3d728c9d8fcdd943e4e9900009ba1eed25cf40f09caa6c2a140012ba6	166492	True	performance
live	performance	the-sea-monster	1056	The Sea Monster	1583	rgsmoothgallery	2319	fileadmin/s-maj/images/BilderMaja/2014Seamonster/MonstaSide22_m.jpg	live/performance/the-sea-monster/MonstaSide22_m.jpg	c606b79e8000f5e5d5dd7938b2ef3378da97ba4fc4ceafd40af0086444cbfb63	339864	True	performance
live	performance	the-sea-monster	1056	The Sea Monster	1583	rgsmoothgallery	2320	fileadmin/s-maj/images/BilderMaja/2014Seamonster/MonstaSide31_m.jpg	live/performance/the-sea-monster/MonstaSide31_m.jpg	b04f84feaaca8f4ebeccdf1e2b026dad5f2fef444eebff865be3ca3b0c3ad845	309280	True	performance
live	performance	the-sea-monster	1056	The Sea Monster	1583	rgsmoothgallery	2321	fileadmin/s-maj/images/BilderMaja/2014Seamonster/MonstaTest22_m.jpg	live/performance/the-sea-monster/MonstaTest22_m.jpg	0083eb7a4d47141b674a72d396a325b7f8ebb7a5d4c89f94d6673113f17c104e	301720	True	performance
live	performance	the-sea-monster	1056	The Sea Monster	1583	rgsmoothgallery	2322	fileadmin/s-maj/images/BilderMaja/2014Seamonster/Night1_m.jpg	live/performance/the-sea-monster/Night1_m.jpg	55a33326871e35947ac4eb575d5524524dce44e6d5a3460694000af70221dbfb	254201	True	performance
live	performance	the-sea-monster	1056	The Sea Monster	1583	rgsmoothgallery	2323	fileadmin/s-maj/images/BilderMaja/2014Seamonster/Night3_m.jpg	live/performance/the-sea-monster/Night3_m.jpg	04758425efad7d51800c2541b9406d0ef850d7bd36df720f3db5a691eed4e17f	362962	True	performance
live	performance	the-sea-monster	1056	The Sea Monster	1583	rgsmoothgallery	2324	fileadmin/s-maj/images/BilderMaja/2014Seamonster/Night7_f.jpg	live/performance/the-sea-monster/Night7_f.jpg	96aa5e65c4571c09dd3c58c0dc655c7ac884ad9720b707c231a3476700350e5e	195636	True	performance
live	performance	the-sea-monster	1056	The Sea Monster	1583	rgsmoothgallery	2325	fileadmin/s-maj/images/BilderMaja/2014Seamonster/Night9_h.jpg	live/performance/the-sea-monster/Night9_h.jpg	2e4caf32c4ec98ea579c64797244eb140f11f961f79325dc2d8acd8298384979	269052	True	performance
live	performance	the-sea-monster	1056	The Sea Monster	1583	rgsmoothgallery	2326	fileadmin/s-maj/images/BilderMaja/2014Seamonster/Sea21_m.jpg	live/performance/the-sea-monster/Sea21_m.jpg	bce50671267664691d5b5ddf9b4fcf3d527482bc114f2cd56029888a9c399f70	245053	True	performance
live	sculptural-work	lionfish-door	1057	Lionfish Door	1586	rgsmoothgallery	2344	fileadmin/s-maj/images/BilderMaja/2014Lionfish/aussen2.jpg	live/sculptural-work/lionfish-door/aussen2.jpg	a9ab2c439fe0d4e6522802c65d64830c6b2c84128b6182a2e7a6b33e8a91378c	299546	True	sculptures-or-installations
live	sculptural-work	lionfish-door	1057	Lionfish Door	1586	rgsmoothgallery	2346	fileadmin/s-maj/images/BilderMaja/2014Lionfish/innen.jpg	live/sculptural-work/lionfish-door/innen.jpg	40360673b01aef06315ad72b475d40b02bea907ca2ea250383e8e04c476ef174	398407	True	sculptures-or-installations
live	sculptural-work	lionfish-door	1057	Lionfish Door	1586	rgsmoothgallery	2348	fileadmin/s-maj/images/BilderMaja/2014Lionfish/offen.jpg	live/sculptural-work/lionfish-door/offen.jpg	4cfebff4a512f1bdbc25f3ac1fb19e8275b4eed83b8418438b53485d4c5b9b8e	477447	True	sculptures-or-installations
live	sculptural-work	lionfish-door	1057	Lionfish Door	1586	rgsmoothgallery	2350	fileadmin/s-maj/images/BilderMaja/2014Lionfish/werkstatt.jpg	live/sculptural-work/lionfish-door/werkstatt.jpg	8f0c15f5eb17e5f35b42ecdbde451d871323f25100e396ab9e9513dd554119b2	369872	True	sculptures-or-installations
live	sculptural-work	lionfish-door	1057	Lionfish Door	1586	rgsmoothgallery	2347	fileadmin/s-maj/images/BilderMaja/2014Lionfish/Neu.jpg	live/sculptural-work/lionfish-door/Neu.jpg	e335997100ab494e91b246bfbe6b9687e007c9464441cb1cde6c22aae8dc55de	299515	True	sculptures-or-installations
live	sculptural-work	lionfish-door	1057	Lionfish Door	1586	rgsmoothgallery	2349	fileadmin/s-maj/images/BilderMaja/2014Lionfish/Vorlage.jpg	live/sculptural-work/lionfish-door/Vorlage.jpg	fe6bd93dc8909e64e899483a7efe11856a6702c81f4280362d0a047b035ad90e	283664	True	sculptures-or-installations
live	sculptural-work	lionfish-door	1057	Lionfish Door	1586	rgsmoothgallery	2345	fileadmin/s-maj/images/BilderMaja/2014Lionfish/Einzelteile.jpg	live/sculptural-work/lionfish-door/Einzelteile.jpg	6e38ee947c05d03249a66fcd1669db927a402d31ae3ee49c021a20f905cd067e	396174	True	sculptures-or-installations
live	sculptural-work	lionfish-door	1057	Lionfish Door	1586	rgsmoothgallery	2351	fileadmin/s-maj/images/BilderMaja/2014Lionfish/Zeichnung.jpg	live/sculptural-work/lionfish-door/Zeichnung.jpg	b5121359d000b08db93e8923e1a6191b47934f730862086db92e9dc2e581d16f	298800	True	sculptures-or-installations
live	sculptural-work	bill-parooka	1062	Bill Parooka	1597	rgsmoothgallery	2456	fileadmin/s-maj/images/BilderMaja/2016BillParooka/BP_ME_A1_023_n.jpg	live/sculptural-work/bill-parooka/BP_ME_A1_023_n.jpg	9ab6e40074ecccd6c0b708f31390dcc6027635265afb2d608352e080d7213612	164059	True	sculptures-or-installations
live	sculptural-work	bill-parooka	1062	Bill Parooka	1597	rgsmoothgallery	2455	fileadmin/s-maj/images/BilderMaja/2016BillParooka/BP_ME_A1_019.JPG	live/sculptural-work/bill-parooka/BP_ME_A1_019.JPG	65fd3f754a37bc5215f82dece5a934cdd43205e2e01b7cf0f19129b0dc4f7a9c	176888	True	sculptures-or-installations
live	sculptural-work	apocalyptic-fence	1059	Apocalyptic Fence	1590	rgsmoothgallery	2387	fileadmin/s-maj/images/BilderMaja/2014ApocaypseFence/white_trash_fast_food_apocalyptic_zen_beergarten1_high_res_photo_credits_to_felicia_kubieziel_635x400.jpg	live/sculptural-work/apocalyptic-fence/white_trash_fast_food_apocalyptic_zen_beergarten1_high_res_photo_credits_to_felicia_kubieziel_635x400.jpg	bf85cd823328a4aa85de550875e7ffc0b828cbef8986cb9f65bf1c84e8aafeff	196021	True	sculptures-or-installations
live	collaborations	gong-trophy	1058	Gong Trophy	1588	rgsmoothgallery	2362	fileadmin/s-maj/images/BilderMaja/2015GongTrophy/IMG_0042.JPG	live/collaborations/gong-trophy/IMG_0042.JPG	84259de0cf85b8854fc3248692fdc6ee9ac772a06ac2a017c9fc654ba8c8388f	393817	True	UNMAPPED
live	sculptural-work	apocalyptic-fence	1059	Apocalyptic Fence	1590	rgsmoothgallery	2389	fileadmin/s-maj/images/BilderMaja/2014ApocaypseFence/carWreckFire.jpg	live/sculptural-work/apocalyptic-fence/carWreckFire.jpg	d3545a253e94056dadcfeec167e716fbd966906fe2db1dd74f5f8f302f35b5ac	208723	True	sculptures-or-installations
live	collaborations	gong-trophy	1058	Gong Trophy	1588	rgsmoothgallery	2364	fileadmin/s-maj/images/BilderMaja/2015GongTrophy/IMG_0055.JPG	live/collaborations/gong-trophy/IMG_0055.JPG	9027babf0f1c5ac830d39ff2b7530b37d39d58ce407c38a2ea46b231671056c3	375931	True	UNMAPPED
live	collaborations	gong-trophy	1058	Gong Trophy	1588	rgsmoothgallery	2366	fileadmin/s-maj/images/BilderMaja/2015GongTrophy/IMG_0059.JPG	live/collaborations/gong-trophy/IMG_0059.JPG	a5c66ad44364ac890bcbb21a139efc95180996e4723448695f942baf3ed0b88c	275136	True	UNMAPPED
live	sculptural-work	apocalyptic-fence	1059	Apocalyptic Fence	1590	rgsmoothgallery	2385	fileadmin/s-maj/images/BilderMaja/2014ApocaypseFence/1978666_708308875882050_8168664418240007550_n.jpg	live/sculptural-work/apocalyptic-fence/1978666_708308875882050_8168664418240007550_n.jpg	8733ff3eabd859d5d5897ed706ad12eac1302f773f2a9742a74ed9dd5f9b0b34	77340	True	sculptures-or-installations
live	sculptural-work	bill-parooka	1062	Bill Parooka	1597	rgsmoothgallery	2454	fileadmin/s-maj/images/BilderMaja/2016BillParooka/BP_ME_A1_018.JPG	live/sculptural-work/bill-parooka/BP_ME_A1_018.JPG	fc2df07a4e0a34e01b85b850716d396aa4c6338d390b1fcce12c0815659b59b9	219968	True	sculptures-or-installations
live	sculptural-work	apocalyptic-fence	1059	Apocalyptic Fence	1590	rgsmoothgallery	2386	fileadmin/s-maj/images/BilderMaja/2014ApocaypseFence/slider_white-trash-fast-food_treptow_betreiber.jpg	live/sculptural-work/apocalyptic-fence/slider_white-trash-fast-food_treptow_betreiber.jpg	af2b866ce85173f10e2534a6a4bbe5021d5e3576e79c8579cdb75ec28d2f05cd	57669	True	sculptures-or-installations
live	collaborations	gong-trophy	1058	Gong Trophy	1588	rgsmoothgallery	2357	fileadmin/s-maj/images/BilderMaja/2015GongTrophy/gong_engrave01.jpg	live/collaborations/gong-trophy/gong_engrave01.jpg	98daa845a7450d04c33c97bc47988af844c8e66e75ad679b16623769211f7218	103260	True	UNMAPPED
live	collaborations	gong-trophy	1058	Gong Trophy	1588	rgsmoothgallery	2368	fileadmin/s-maj/images/BilderMaja/2015GongTrophy/Bonchan1.jpg	live/collaborations/gong-trophy/Bonchan1.jpg	74af805c081e05caa53c6cf5fddf62faaa0ed19d0a760a29d23dab9afca7b6bc	305741	True	UNMAPPED
live	collaborations	gong-trophy	1058	Gong Trophy	1588	rgsmoothgallery	2367	fileadmin/s-maj/images/BilderMaja/2015GongTrophy/bonchan-red-bull-kumite-tournoi-vainqueur.jpg	live/collaborations/gong-trophy/bonchan-red-bull-kumite-tournoi-vainqueur.jpg	67fcbfe29a0915b4ae418e0c41e8bceee1f97eb30afbdf9340264dfac067d25e	403780	True	UNMAPPED
live	collaborations	gong-trophy	1058	Gong Trophy	1588	rgsmoothgallery	2369	fileadmin/s-maj/images/BilderMaja/2015GongTrophy/red-bull-kumite-tournoi-champion-bonchan.jpg	live/collaborations/gong-trophy/red-bull-kumite-tournoi-champion-bonchan.jpg	65832616d442779d6b53b9085dfb3542f9127764f1cb7b53b19a2554db028385	337776	True	UNMAPPED
live	collaborations	gong-trophy	1058	Gong Trophy	1588	rgsmoothgallery	2370	fileadmin/s-maj/images/BilderMaja/2015GongTrophy/url.jpg	live/collaborations/gong-trophy/url.jpg	9ba586eb0dd63065edebd1e157a1a001c568da4957fd0f3b9b05fa97f3798cb6	174271	True	UNMAPPED
live	sculptural-work	lionfish-door	1057	Lionfish Door	1586	rgsmoothgallery	2396	fileadmin/s-maj/images/BilderMaja/2014Lionfish/Lyon3.jpg	live/sculptural-work/lionfish-door/Lyon3.jpg	9f56ae93c99ef9f7806c8edb3aa1317f1942428ebc83f80a9796cbdbac06c327	289084	True	sculptures-or-installations
live	sculptural-work	apocalyptic-fence	1059	Apocalyptic Fence	1590	rgsmoothgallery	2372	fileadmin/s-maj/images/BilderMaja/2014ApocaypseFence/IMG_0163.JPG	live/sculptural-work/apocalyptic-fence/IMG_0163.JPG	b83a9b9c563c858071d81cb466f4a2198ab8ae778268ff4faebde3cae06014e9	299586	True	sculptures-or-installations
live	sculptural-work	apocalyptic-fence	1059	Apocalyptic Fence	1590	rgsmoothgallery	2378	fileadmin/s-maj/images/BilderMaja/2014ApocaypseFence/IMG_0192.JPG	live/sculptural-work/apocalyptic-fence/IMG_0192.JPG	fcd5f2eec670922af7db59941793ac6ce1fa7f30257bc8147cfc80ba7c1a8c73	311002	True	sculptures-or-installations
live	sculptural-work	apocalyptic-fence	1059	Apocalyptic Fence	1590	rgsmoothgallery	2379	fileadmin/s-maj/images/BilderMaja/2014ApocaypseFence/IMG_0194.JPG	live/sculptural-work/apocalyptic-fence/IMG_0194.JPG	f589bb44ae8f1ea5cf04dd596310e79268a37c92099c53191c432c5295762956	329166	True	sculptures-or-installations
live	sculptural-work	flower-power	1072	Flower Power	1633	rgsmoothgallery	2598	fileadmin/s-maj/images/BilderMaja/2019_Flowerpower/007_IMGP5127_s.JPG	live/sculptural-work/flower-power/007_IMGP5127_s.JPG	ec46e094d114e56848b46a018a57792f46831f322dbbd6d77b9dbf1141751bb7	125297	True	sculptures-or-installations
live	sculptural-work	apocalyptic-fence	1059	Apocalyptic Fence	1590	rgsmoothgallery	2380	fileadmin/s-maj/images/BilderMaja/2014ApocaypseFence/RIMG1695.JPG	live/sculptural-work/apocalyptic-fence/RIMG1695.JPG	cd9be797f169cb65b74a61e5b7f32968e75fd2a9415be01b84b429260c21f07b	238213	True	sculptures-or-installations
live	sculptural-work	apocalyptic-fence	1059	Apocalyptic Fence	1590	rgsmoothgallery	2381	fileadmin/s-maj/images/BilderMaja/2014ApocaypseFence/RIMG1709.JPG	live/sculptural-work/apocalyptic-fence/RIMG1709.JPG	c4a5f31cbc9be77caa2fa235ae0d54a544cd321c881341d2183991cc8d8d8b8d	268080	True	sculptures-or-installations
live	sculptural-work	apocalyptic-fence	1059	Apocalyptic Fence	1590	rgsmoothgallery	2382	fileadmin/s-maj/images/BilderMaja/2014ApocaypseFence/RIMG1714.JPG	live/sculptural-work/apocalyptic-fence/RIMG1714.JPG	38cd90b732ad1538f5ce7c9a8261e17c74eba2cd2f96a63cd0d4c7521252e6f5	270317	True	sculptures-or-installations
live	sculptural-work	lionfish-door	1057	Lionfish Door	1586	rgsmoothgallery	2395	fileadmin/s-maj/images/BilderMaja/2014Lionfish/Lyon22.jpg	live/sculptural-work/lionfish-door/Lyon22.jpg	bfd0c35c32ae1811611d70f37a8ae45a72158754fa7747387e4bee432dce9399	306182	True	sculptures-or-installations
deleted	sculptural-work	die-weglampen-2015	1060	Die Weglampen 2015	1593	rgsmoothgallery	2425	fileadmin/s-maj/images/BilderMaja/2015Weglampen/Lamp06_07-.jpg	deleted/sculptural-work/die-weglampen-2015/Lamp06_07-.jpg	58e2e90342db2bfbd4a459435ea52d3883c6e48805674471eee02269da8cc325	246408	True	sculptures-or-installations
deleted	sculptural-work	die-weglampen-2015	1060	Die Weglampen 2015	1593	rgsmoothgallery	2433	fileadmin/s-maj/images/BilderMaja/2015Weglampen/Lamp15_03-.jpg	deleted/sculptural-work/die-weglampen-2015/Lamp15_03-.jpg	15216a24ef5eff58992ec8d45de20551902416d957afee30b8b25c8b2b098bda	254520	True	sculptures-or-installations
live	sculptural-work	flower-power	1072	Flower Power	1633	rgsmoothgallery	2594	fileadmin/s-maj/images/BilderMaja/2019_Flowerpower/003_IMGP5099_s.JPG	live/sculptural-work/flower-power/003_IMGP5099_s.JPG	109c5bc44306476653eceaf29edae4f6ec11b82ae67775bef27279a6efe75893	175799	True	sculptures-or-installations
live	sculptural-work	bill-parooka	1062	Bill Parooka	1597	rgsmoothgallery	2460	fileadmin/s-maj/images/BilderMaja/2016BillParooka/BP_MEMob_A_10_n.jpg	live/sculptural-work/bill-parooka/BP_MEMob_A_10_n.jpg	0815fd5bc855a678219dcccfabed368766d87748c8f9f4f27f1bf09debc194e7	316094	True	sculptures-or-installations
deleted	sculptural-work	die-weglampen-2015	1060	Die Weglampen 2015	1593	rgsmoothgallery	2432	fileadmin/s-maj/images/BilderMaja/2015Weglampen/Lamp14_01-.jpg	deleted/sculptural-work/die-weglampen-2015/Lamp14_01-.jpg	f8a662acce43740fa09fda03d58e24d9bfdd6a9e1216101523ea4a69f13f141e	218169	True	sculptures-or-installations
deleted	sculptural-work	die-weglampen-2015	1060	Die Weglampen 2015	1593	rgsmoothgallery	2424	fileadmin/s-maj/images/BilderMaja/2015Weglampen/Lamp05_03-.jpg	deleted/sculptural-work/die-weglampen-2015/Lamp05_03-.jpg	0f43683f9baf7138bb6bbd16d7d5d7f32af904050b2ecaae8db8d1187970ac17	211474	True	sculptures-or-installations
live	sculptural-work	bill-parooka	1062	Bill Parooka	1597	rgsmoothgallery	2447	fileadmin/s-maj/images/BilderMaja/2016BillParooka/Bill_PV_n.jpg	live/sculptural-work/bill-parooka/Bill_PV_n.jpg	8904faead62a5cf1eb67ef3bef8acd0629437829c98fe9c3b286ccc67a6a0cb3	269751	True	sculptures-or-installations
live	sculptural-work	bill-parooka	1062	Bill Parooka	1597	rgsmoothgallery	2465	fileadmin/s-maj/images/BilderMaja/2016BillParooka/BP_ME_A1_017.JPG	live/sculptural-work/bill-parooka/BP_ME_A1_017.JPG	cf96253cd25283f07a468a36df2c3cf0ff2ba1769e86db9d516494f35fe7fea3	223540	True	sculptures-or-installations
live	sculptural-work	bill-parooka	1062	Bill Parooka	1597	rgsmoothgallery	2458	fileadmin/s-maj/images/BilderMaja/2016BillParooka/BP_ME_A2_025.jpg	live/sculptural-work/bill-parooka/BP_ME_A2_025.jpg	d2b6c6efdaf4c052ca34e2998637a70dddc792bdb8c8488a9aa6605f84b20af2	234520	True	sculptures-or-installations
live	sculptural-work	bill-parooka	1062	Bill Parooka	1597	rgsmoothgallery	2462	fileadmin/s-maj/images/BilderMaja/2016BillParooka/HenningKoestler_8644.jpg	live/sculptural-work/bill-parooka/HenningKoestler_8644.jpg	df891b46b1252a0514192847c8c32b8c9b572d152deaf83ba26e568e55449e21	773620	True	sculptures-or-installations
live	sculptural-work	nova-two	1061	Nova Two	1595	rgsmoothgallery	2437	fileadmin/s-maj/images/BilderMaja/2015NovaTwo/img496.1.jpg	live/sculptural-work/nova-two/img496.1.jpg	360b123ffe9b7b83bd13190d96fc9bd6b760660d0776a052724b12eb3fcfdbd3	142589	True	sculptures-or-installations
live	sculptural-work	bill-parooka	1062	Bill Parooka	1597	rgsmoothgallery	2466	fileadmin/s-maj/images/BilderMaja/2016BillParooka/BP_ME_A1_021.JPG	live/sculptural-work/bill-parooka/BP_ME_A1_021.JPG	eab578f11b9283ce15169c5c3f4427700a99208d67db59262e74bb47393c9f4a	303551	True	sculptures-or-installations
live	sculptural-work	nova-two	1061	Nova Two	1595	rgsmoothgallery	2435	fileadmin/s-maj/images/BilderMaja/2015NovaTwo/_0017248_HDR-Bearbeitet-1.jpg	live/sculptural-work/nova-two/_0017248_HDR-Bearbeitet-1.jpg	ad5b56e8e22d502ef29c4a71da10a4021c32e405aaea6f48bd64bcd0405b0099	345559	True	sculptures-or-installations
live	sculptural-work	nova-two	1061	Nova Two	1595	rgsmoothgallery	2434	fileadmin/s-maj/images/BilderMaja/2015NovaTwo/_0017241_HDR-Bearbeitet-1.jpg	live/sculptural-work/nova-two/_0017241_HDR-Bearbeitet-1.jpg	982ba9e68e1c9cbdbb37adad9ab93b7c0982f71d13da7bbf95aa131df22daf95	347887	True	sculptures-or-installations
live	sculptural-work	flower-power	1072	Flower Power	1633	rgsmoothgallery	2596	fileadmin/s-maj/images/BilderMaja/2019_Flowerpower/005_IMGP5107_w_s.jpg	live/sculptural-work/flower-power/005_IMGP5107_w_s.jpg	9a3aec2cd901e3ea4bafc75e3a892586c425bc2cb771cb00351b794285541b37	258905	True	sculptures-or-installations
live	sculptural-work	nova-two	1061	Nova Two	1595	rgsmoothgallery	2442	fileadmin/s-maj/images/BilderMaja/2015NovaTwo/Nova2_06.jpg	live/sculptural-work/nova-two/Nova2_06.jpg	240f68dc33d86431b9e385a88afabece83840f80c0b76b28a44f6b2fa8c5679c	293741	True	sculptures-or-installations
live	sculptural-work	nova-two	1061	Nova Two	1595	rgsmoothgallery	2441	fileadmin/s-maj/images/BilderMaja/2015NovaTwo/Nova2_05.jpg	live/sculptural-work/nova-two/Nova2_05.jpg	6fed5ace7d2dd50e46abb8b1cfa7a9955d83ad04a6a4859c1635c5c47cb155d7	272020	True	sculptures-or-installations
live	sculptural-work	nova-two	1061	Nova Two	1595	rgsmoothgallery	2439	fileadmin/s-maj/images/BilderMaja/2015NovaTwo/Nova2_03.jpg	live/sculptural-work/nova-two/Nova2_03.jpg	5a072ad04132c1afd4d05b7c4d7918e504bd91751c54a26916a7b6dc84977aae	261516	True	sculptures-or-installations
live	sculptural-work	nova-two	1061	Nova Two	1595	rgsmoothgallery	2438	fileadmin/s-maj/images/BilderMaja/2015NovaTwo/Nova2_01.jpg	live/sculptural-work/nova-two/Nova2_01.jpg	0743dbc23039e38775f2a3c5bfc8b65e3d1d4de2b99b7ece2712e72392a65df5	257804	True	sculptures-or-installations
live	sculptural-work	flower-power	1072	Flower Power	1633	rgsmoothgallery	2608	fileadmin/s-maj/images/BilderMaja/2019_Flowerpower/004_IMGP5039_s.JPG	live/sculptural-work/flower-power/004_IMGP5039_s.JPG	4b9500ec8470d9bc94a8fd604ed858270f4dc08e908728ff4f005a1caba606aa	152365	True	sculptures-or-installations
live	sculptural-work	bill-parooka	1062	Bill Parooka	1597	rgsmoothgallery	2453	fileadmin/s-maj/images/BilderMaja/2016BillParooka/BP_ME_A1_013.JPG	live/sculptural-work/bill-parooka/BP_ME_A1_013.JPG	a7cc4da29c4f2ad6b3cb5418071a3410bc65fe4b12fb72d4e1735db99c1b4712	165054	True	sculptures-or-installations
live	sculptural-work	bill-parooka	1062	Bill Parooka	1597	rgsmoothgallery	2457	fileadmin/s-maj/images/BilderMaja/2016BillParooka/BP_ME_A2_023.jpg	live/sculptural-work/bill-parooka/BP_ME_A2_023.jpg	3d437c55b55f101aaf04edfc76278b65c89c74b41294c7d1f9e99c1d3d96221e	177518	True	sculptures-or-installations
live	sculptural-work	bill-parooka	1062	Bill Parooka	1597	rgsmoothgallery	2459	fileadmin/s-maj/images/BilderMaja/2016BillParooka/BP_ME_A2_026.jpg	live/sculptural-work/bill-parooka/BP_ME_A2_026.jpg	475f26c03da3e9224fb615f761d4d10df4f2acce891b188a05883f492dd9150d	232461	True	sculptures-or-installations
live	sculptural-work	bill-parooka	1062	Bill Parooka	1597	rgsmoothgallery	2448	fileadmin/s-maj/images/BilderMaja/2016BillParooka/Bill_neu_vl.jpg	live/sculptural-work/bill-parooka/Bill_neu_vl.jpg	0b0e334f575ada2a4d88cbd5d2771836d9eb6c57d76ac182b71b7900b1a87267	123503	True	sculptures-or-installations
live	sculptural-work	bill-parooka	1062	Bill Parooka	1597	rgsmoothgallery	2449	fileadmin/s-maj/images/BilderMaja/2016BillParooka/Bill_new_f.jpg	live/sculptural-work/bill-parooka/Bill_new_f.jpg	fa682ae21d32557b9a1d9c176e7b7357ec6b47ef6dc7eb2d88c50ecefe140b0a	155531	True	sculptures-or-installations
live	sculptural-work	bill-parooka	1062	Bill Parooka	1597	rgsmoothgallery	2450	fileadmin/s-maj/images/BilderMaja/2016BillParooka/Bill_new_situation.jpg	live/sculptural-work/bill-parooka/Bill_new_situation.jpg	1fdb12fa10211f95734b687d7ca6e56b54d112416117832bce47d389813fdfad	123329	True	sculptures-or-installations
live	sculptural-work	sisyphos-gate	1052	Sisyphos Gate	1560	rgsmoothgallery	2504	fileadmin/s-maj/images/BilderMaja/2013SisyphosGate/sis_Overtrol15-4.JPG	live/sculptural-work/sisyphos-gate/sis_Overtrol15-4.JPG	fadbc258c63ca0adcbaa3d2c461cb15b5e4e027fda6d05f3b63b18e3a70ce7f7	327744	True	sculptures-or-installations
live	sculptural-work	flower-power	1072	Flower Power	1633	rgsmoothgallery	2593	fileadmin/s-maj/images/BilderMaja/2019_Flowerpower/002_IMGP5177_w2_s.jpg	live/sculptural-work/flower-power/002_IMGP5177_w2_s.jpg	8c57a24738726d95d3cbdc3a692f47c0b59dc39e7bcd52335bfe00abd0bab618	215825	True	sculptures-or-installations
live	sculptural-work	sisyphos-gate	1052	Sisyphos Gate	1560	rgsmoothgallery	2502	fileadmin/s-maj/images/BilderMaja/2013SisyphosGate/sis_Overtrol15-2.JPG	live/sculptural-work/sisyphos-gate/sis_Overtrol15-2.JPG	1279443809505e9e55b2a7fb84a4f0c3998cf8d59642a13adba83abd759d9a40	417604	True	sculptures-or-installations
live	sculptural-work	sisyphos-gate	1052	Sisyphos Gate	1560	rgsmoothgallery	2506	fileadmin/s-maj/images/BilderMaja/2013SisyphosGate/sis_Overtrol15-7.JPG	live/sculptural-work/sisyphos-gate/sis_Overtrol15-7.JPG	a190a92e13c9fd2a41e643dea505192fa382f51fe596be9d825cc397a53268fc	440108	True	sculptures-or-installations
live	sculptural-work	die-weglampen	1063	Die Weglampen 	1602	rgsmoothgallery	2494	fileadmin/s-maj/images/BilderMaja/2017Weglampen/17Wl_neu/Weg_22_d.jpg	live/sculptural-work/die-weglampen/Weg_22_d.jpg	24844900eb0e688f2fcb67c20ada575b5847480bd4b0ffe5b0be453625f37817	336879	True	sculptures-or-installations
live	sculptural-work	die-weglampen	1063	Die Weglampen 	1602	rgsmoothgallery	2493	fileadmin/s-maj/images/BilderMaja/2017Weglampen/17Wl_neu/A5_02.JPG	live/sculptural-work/die-weglampen/A5_02.JPG	dbe8b874c4aee739f7eee73269c1cb6e5f070874ea98ac93796ad20a7ab91eb7	271298	True	sculptures-or-installations
live	sculptural-work	die-weglampen	1063	Die Weglampen 	1602	rgsmoothgallery	2492	fileadmin/s-maj/images/BilderMaja/2017Weglampen/17Wl_neu/A4_09_d1.jpg	live/sculptural-work/die-weglampen/A4_09_d1.jpg	6be75b209848c9fe60a9e0b55ac5e0a607e680040f127071fce4244c3c27b7b3	254363	True	sculptures-or-installations
live	sculptural-work	die-weglampen	1063	Die Weglampen 	1602	rgsmoothgallery	2476	fileadmin/s-maj/images/BilderMaja/2017Weglampen/A5_B_Susana_04_d2.jpg	live/sculptural-work/die-weglampen/A5_B_Susana_04_d2.jpg	30b44dbf059668ad06611fd1cdd1b8f678d435c4d2e281de7708a57b56cf1652	472666	True	sculptures-or-installations
live	sculptural-work	die-weglampen	1063	Die Weglampen 	1602	rgsmoothgallery	2477	fileadmin/s-maj/images/BilderMaja/2017Weglampen/A6_07_d1.jpg	live/sculptural-work/die-weglampen/A6_07_d1.jpg	0bd02ea6001795591ae76e89fd4c1c96f962ad302be942daf32542998c2af24f	283615	True	sculptures-or-installations
live	sculptural-work	die-weglampen	1063	Die Weglampen 	1602	rgsmoothgallery	2478	fileadmin/s-maj/images/BilderMaja/2017Weglampen/A6_11_d.jpg	live/sculptural-work/die-weglampen/A6_11_d.jpg	01793567078e869526327d7a62da3cc4cd776ddf12c9504abf5e329f6e0d3ee8	223522	True	sculptures-or-installations
live	sculptural-work	die-weglampen	1063	Die Weglampen 	1602	rgsmoothgallery	2489	fileadmin/s-maj/images/BilderMaja/2017Weglampen/17Wl_neu/A2_14_d.jpg	live/sculptural-work/die-weglampen/A2_14_d.jpg	724dc4863c4bbe14116c94b1460c03e0db215b89cfdefe582df7ec2ef381e03b	229544	True	sculptures-or-installations
live	sculptural-work	die-weglampen	1063	Die Weglampen 	1602	rgsmoothgallery	2479	fileadmin/s-maj/images/BilderMaja/2017Weglampen/A7_08_d.jpg	live/sculptural-work/die-weglampen/A7_08_d.jpg	0d166ca6632d4c0d0fc25f400410d4a1d063ef76823ace2c70980d3eabc71164	389015	True	sculptures-or-installations
live	sculptural-work	die-weglampen	1063	Die Weglampen 	1602	rgsmoothgallery	2470	fileadmin/s-maj/images/BilderMaja/2017Weglampen/A3_09.JPG	live/sculptural-work/die-weglampen/A3_09.JPG	d2082da8e7827649a99945da0e5057c36ebee3511ab0d693833eb282b15f497d	388179	True	sculptures-or-installations
live	sculptural-work	die-weglampen	1063	Die Weglampen 	1602	rgsmoothgallery	2471	fileadmin/s-maj/images/BilderMaja/2017Weglampen/A4_07_d4.jpg	live/sculptural-work/die-weglampen/A4_07_d4.jpg	7133f76c7b637804ecdd539da70edec00faf1425e028f44488e79a96973d8971	381781	True	sculptures-or-installations
live	sculptural-work	die-weglampen	1063	Die Weglampen 	1602	rgsmoothgallery	2491	fileadmin/s-maj/images/BilderMaja/2017Weglampen/17Wl_neu/A3_12.JPG	live/sculptural-work/die-weglampen/A3_12.JPG	0d86fdf923e09d91afcf0947b1518ee8e671c8dcc76c89b326634bd5be7b85c1	311652	True	sculptures-or-installations
live	sculptural-work	die-weglampen	1063	Die Weglampen 	1602	rgsmoothgallery	2469	fileadmin/s-maj/images/BilderMaja/2017Weglampen/A2_01_d.jpg	live/sculptural-work/die-weglampen/A2_01_d.jpg	6caa378471089b821874c7d4d9d0411c1de1dab9993ffd6dc446a62735063a5f	483060	True	sculptures-or-installations
live	sculptural-work	die-weglampen	1063	Die Weglampen 	1602	rgsmoothgallery	2490	fileadmin/s-maj/images/BilderMaja/2017Weglampen/17Wl_neu/A2_17.JPG	live/sculptural-work/die-weglampen/A2_17.JPG	089f19eec3f11c9ef5aeec0523e5de797c11b0f68a8621307a7a69739b9813b6	221815	True	sculptures-or-installations
live	sculptural-work	die-weglampen	1063	Die Weglampen 	1602	rgsmoothgallery	2475	fileadmin/s-maj/images/BilderMaja/2017Weglampen/A5_B_Susana_02_d.jpg	live/sculptural-work/die-weglampen/A5_B_Susana_02_d.jpg	af01200091ce508e45be7202b02875bf6121fa59f3cc26e199be0942bd27f803	181833	True	sculptures-or-installations
live	sculptural-work	die-weglampen	1063	Die Weglampen 	1602	rgsmoothgallery	2480	fileadmin/s-maj/images/BilderMaja/2017Weglampen/A8_09_d1.jpg	live/sculptural-work/die-weglampen/A8_09_d1.jpg	00150ec124ac3e4e5f9a3fb5740e223a242029b032a9a83a3c47f26de49760f4	417006	True	sculptures-or-installations
live	sculptural-work	die-weglampen	1063	Die Weglampen 	1602	rgsmoothgallery	2481	fileadmin/s-maj/images/BilderMaja/2017Weglampen/B3_01.JPG	live/sculptural-work/die-weglampen/B3_01.JPG	679e48067acedd4aa15f2820607bad58a55808aec707a50378e1c38376e22973	422292	True	sculptures-or-installations
live	sculptural-work	die-weglampen	1063	Die Weglampen 	1602	rgsmoothgallery	2482	fileadmin/s-maj/images/BilderMaja/2017Weglampen/B4_01.JPG	live/sculptural-work/die-weglampen/B4_01.JPG	de0d25f01498acf5f8e36cef6ae40fcdd957ad7345098e8697923c1a2f0effc3	306200	True	sculptures-or-installations
live	sculptural-work	die-weglampen	1063	Die Weglampen 	1602	rgsmoothgallery	2483	fileadmin/s-maj/images/BilderMaja/2017Weglampen/B4_09_d3.jpg	live/sculptural-work/die-weglampen/B4_09_d3.jpg	277f6a37a72fd236fcfff3575b1010cec35344a998ecc5a335303206673c7bbe	435936	True	sculptures-or-installations
live	sculptural-work	die-weglampen	1063	Die Weglampen 	1602	rgsmoothgallery	2484	fileadmin/s-maj/images/BilderMaja/2017Weglampen/B7_03_d.jpg	live/sculptural-work/die-weglampen/B7_03_d.jpg	aa2c989371512c36bf5972532e4b286d51cbc19aeb02f5428270784794355f97	351834	True	sculptures-or-installations
live	sculptural-work	die-weglampen	1063	Die Weglampen 	1602	rgsmoothgallery	2485	fileadmin/s-maj/images/BilderMaja/2017Weglampen/B7_06_d.jpg	live/sculptural-work/die-weglampen/B7_06_d.jpg	b814e6119d745e129b87109dec22cf65aa250a6bc991558fa9f819330eabe5f2	266467	True	sculptures-or-installations
live	sculptural-work	die-weglampen	1063	Die Weglampen 	1602	rgsmoothgallery	2486	fileadmin/s-maj/images/BilderMaja/2017Weglampen/B8_02_d.jpg	live/sculptural-work/die-weglampen/B8_02_d.jpg	8064a88fb426b4e07b9561ff8719ef5f8b5a3b5f8d40e40b9add171d776cdbf5	328556	True	sculptures-or-installations
live	sculptural-work	die-weglampen	1063	Die Weglampen 	1602	rgsmoothgallery	2487	fileadmin/s-maj/images/BilderMaja/2017Weglampen/Weg_09_d.jpg	live/sculptural-work/die-weglampen/Weg_09_d.jpg	3ca7725e820d0cdb8e2997166fdac90296ed1cd3ef534b8498980641b79701c2	510488	True	sculptures-or-installations
live	sculptural-work	die-weglampen	1063	Die Weglampen 	1602	rgsmoothgallery	2488	fileadmin/s-maj/images/BilderMaja/2017Weglampen/Weg_11_d.jpg	live/sculptural-work/die-weglampen/Weg_11_d.jpg	216acc373467fc8474be27587b0e91313e129e45195da79559531f23094a49ed	368089	True	sculptures-or-installations
live	sculptural-work	flower-power	1072	Flower Power	1633	rgsmoothgallery	2592	fileadmin/s-maj/images/BilderMaja/2019_Flowerpower/001_IMGP5150_w2_s.jpg	live/sculptural-work/flower-power/001_IMGP5150_w2_s.jpg	bf202153500f3bc11f2e92be9691c4971e3901f9fae980e222bdf0cdcddc4219	210484	True	sculptures-or-installations
live	sculptural-work	the-wolf	1071	The Wolf	1631	rgsmoothgallery	2591	fileadmin/s-maj/images/BilderMaja/2019_Wolf/014_IMG_4521_w_s.jpg	live/sculptural-work/the-wolf/014_IMG_4521_w_s.jpg	b55bab431957c277d2e4e0a7fc26bbe34092d3683c0ab929039ffd00352ff906	364986	True	sculptures-or-installations
live	sculptural-work	the-wolf	1071	The Wolf	1631	rgsmoothgallery	2590	fileadmin/s-maj/images/BilderMaja/2019_Wolf/013_IMG_4519_w_s.jpg	live/sculptural-work/the-wolf/013_IMG_4519_w_s.jpg	d4141d6a90e909273d67b447198c460eb6a5f15fbca0ff3b11ae4d9715da5fd4	356356	True	sculptures-or-installations
live	sculptural-work	k-the	1070	Käthe	1629	rgsmoothgallery	2568	fileadmin/s-maj/images/BilderMaja/2018_Portrait/Käthe_Kollwitz/KaetheKollwitz5_s.jpg	live/sculptural-work/k-the/KaetheKollwitz5_s.jpg			False	sculptures-or-installations
live	sculptural-work	k-the	1070	Käthe	1629	rgsmoothgallery	2567	fileadmin/s-maj/images/BilderMaja/2018_Portrait/Käthe_Kollwitz/KaetheKollwitz3_s.jpg	live/sculptural-work/k-the/KaetheKollwitz3_s.jpg			False	sculptures-or-installations
live	sculptural-work	k-the	1070	Käthe	1629	rgsmoothgallery	2566	fileadmin/s-maj/images/BilderMaja/2018_Portrait/Käthe_Kollwitz/KaetheKollwitz4_n_s.jpg	live/sculptural-work/k-the/KaetheKollwitz4_n_s.jpg			False	sculptures-or-installations
live	sculptural-work	k-the	1070	Käthe	1629	rgsmoothgallery	2565	fileadmin/s-maj/images/BilderMaja/2018_Portrait/Käthe_Kollwitz/KaetheKollwitz2_s.jpg	live/sculptural-work/k-the/KaetheKollwitz2_s.jpg			False	sculptures-or-installations
live	sculptural-work	alberto	1067	Alberto	1623	rgsmoothgallery	2515	fileadmin/s-maj/images/BilderMaja/2018_Portrait/Alberto_Giacometti/Alberto_U1_as.jpg	live/sculptural-work/alberto/Alberto_U1_as.jpg	fed087c96dd2fdf7359f616888f59bc8179f77580671af401ccc038b0b12316e	246331	True	sculptures-or-installations
live	sculptural-work	alberto	1067	Alberto	1623	rgsmoothgallery	2513	fileadmin/s-maj/images/BilderMaja/2018_Portrait/Alberto_Giacometti/Alberto_U2_as.jpg	live/sculptural-work/alberto/Alberto_U2_as.jpg	ec75dbafdc63944107460904a204e8321c05c29974b7790bd55a854653b1a7a9	241856	True	sculptures-or-installations
live	sculptural-work	alberto	1067	Alberto	1623	rgsmoothgallery	2517	fileadmin/s-maj/images/BilderMaja/2018_Portrait/Alberto_Giacometti/IMG_9684_as.jpg	live/sculptural-work/alberto/IMG_9684_as.jpg	52580342a0425b9bb7d9b499b6ca710a4e8abc5d51f7b33bb644e0e1dc355dca	110027	True	sculptures-or-installations
live	sculptural-work	alberto	1067	Alberto	1623	rgsmoothgallery	2518	fileadmin/s-maj/images/BilderMaja/2018_Portrait/Alberto_Giacometti/IMG_9688_as.jpg	live/sculptural-work/alberto/IMG_9688_as.jpg	564263a57ac8a13ca0e78a43aadd4fdc497b03dd578c171228e2000a69aad4c9	129257	True	sculptures-or-installations
live	sculptural-work	alberto	1067	Alberto	1623	rgsmoothgallery	2519	fileadmin/s-maj/images/BilderMaja/2018_Portrait/Alberto_Giacometti/IMG_9690_2_as.jpg	live/sculptural-work/alberto/IMG_9690_2_as.jpg	16242035f3559c9a43d10b9451c7b5a8de4fceb27e51a11a1e6ac226fcdfef88	114608	True	sculptures-or-installations
live	sculptural-work	alberto	1067	Alberto	1623	rgsmoothgallery	2521	fileadmin/s-maj/images/BilderMaja/2018_Portrait/Alberto_Giacometti/IMG_9695_as.jpg	live/sculptural-work/alberto/IMG_9695_as.jpg	6471ae71e1a4942b4a71ca6924aaa72d0bcb5dbf6fd912d9cf443b89e3afc5d8	119098	True	sculptures-or-installations
live	sculptural-work	alberto	1067	Alberto	1623	rgsmoothgallery	2522	fileadmin/s-maj/images/BilderMaja/2018_Portrait/Alberto_Giacometti/IMG_9703_2_as.jpg	live/sculptural-work/alberto/IMG_9703_2_as.jpg	ee78f0382ae56a6969497820cc09306d729600adfc2af698aedd510c235109ed	112121	True	sculptures-or-installations
live	sculptural-work	alberto	1067	Alberto	1623	rgsmoothgallery	2523	fileadmin/s-maj/images/BilderMaja/2018_Portrait/Alberto_Giacometti/IMG_9713_as.jpg	live/sculptural-work/alberto/IMG_9713_as.jpg	2966d13b816ae88dacef91b4c36e7e01311bbf17693d127c368e325bf471ecbd	139401	True	sculptures-or-installations
live	sculptural-work	alberto	1067	Alberto	1623	rgsmoothgallery	2524	fileadmin/s-maj/images/BilderMaja/2018_Portrait/Alberto_Giacometti/IMG_9738_as.jpg	live/sculptural-work/alberto/IMG_9738_as.jpg	b371c30fcfbfa2accf32193a054cb6920cb14099fbb55ed79a34fad47ce25dc9	156129	True	sculptures-or-installations
live	sculptural-work	alberto	1067	Alberto	1623	rgsmoothgallery	2525	fileadmin/s-maj/images/BilderMaja/2018_Portrait/Alberto_Giacometti/IMG_9818_as.jpg	live/sculptural-work/alberto/IMG_9818_as.jpg	f7a50303164f9ea4ab7f2f0d0b85ba9263d14460b038611183fc9fc0f1c39fdf	126091	True	sculptures-or-installations
live	sculptural-work	alberto	1067	Alberto	1623	rgsmoothgallery	2526	fileadmin/s-maj/images/BilderMaja/2018_Portrait/Alberto_Giacometti/IMG_9821_as.jpg	live/sculptural-work/alberto/IMG_9821_as.jpg	76ed66e259e94cd17acd5b7c75ca65ef494b7f9e637940e9bca2dd9f45b353ff	167381	True	sculptures-or-installations
live	sculptural-work	alberto	1067	Alberto	1623	rgsmoothgallery	2527	fileadmin/s-maj/images/BilderMaja/2018_Portrait/Alberto_Giacometti/IMG_9825_as.jpg	live/sculptural-work/alberto/IMG_9825_as.jpg	ccdc8b9c1955c78b1bc29620a3ba63a82a33610e50aa87041072c3185e776b49	139967	True	sculptures-or-installations
live	sculptural-work	alberto	1067	Alberto	1623	rgsmoothgallery	2512	fileadmin/s-maj/images/BilderMaja/2018_Portrait/Alberto_Giacometti/AG_Werkstatt2_s.jpg	live/sculptural-work/alberto/AG_Werkstatt2_s.jpg	a50d65bb4da225448557e3d9d47afe3455606fb35d1965e6a1335245e9e96e1f	316629	True	sculptures-or-installations
live	sculptural-work	alberto	1067	Alberto	1623	rgsmoothgallery	2511	fileadmin/s-maj/images/BilderMaja/2018_Portrait/Alberto_Giacometti/AG_Werkstatt_CH_s.jpg	live/sculptural-work/alberto/AG_Werkstatt_CH_s.jpg	c34e8d533eeb0fa1a56bfb21a5178698ae7934da99bcae2b807b76446b85b124	281061	True	sculptures-or-installations
live	sculptural-work	alberto	1067	Alberto	1623	rgsmoothgallery	2516	fileadmin/s-maj/images/BilderMaja/2018_Portrait/Alberto_Giacometti/Alberto_U4_s.jpg	live/sculptural-work/alberto/Alberto_U4_s.jpg	0d9f288d3ad128b36363887faf122dfe5b6b15b6d89cbcbf620f333a282c2f4f	290901	True	sculptures-or-installations
live	sculptural-work	flower-power	1072	Flower Power	1633	rgsmoothgallery	2603	fileadmin/s-maj/images/BilderMaja/2019_Flowerpower/012_IMGP5186_w_s.jpg	live/sculptural-work/flower-power/012_IMGP5186_w_s.jpg	30c57359040505c9cf812e1c687b588ea642bd3cd23efef9e463bde8b05929f9	211520	True	sculptures-or-installations
live	sculptural-work	flower-power	1072	Flower Power	1633	rgsmoothgallery	2602	fileadmin/s-maj/images/BilderMaja/2019_Flowerpower/011_IMGP5182_w_s.jpg	live/sculptural-work/flower-power/011_IMGP5182_w_s.jpg	56ce632e155012f15d1031e22a5d154e9e7531a49b56469b9a670621e1b160c6	225932	True	sculptures-or-installations
live	sculptural-work	alberto	1067	Alberto	1623	rgsmoothgallery	2530	fileadmin/s-maj/images/BilderMaja/2018_Portrait/Alberto_Giacometti/IMG_20170927_182436_s.jpg	live/sculptural-work/alberto/IMG_20170927_182436_s.jpg	43f31f33750e9d02909b69a355acf9dbf1fed2fe06810fef47e74e9406bbd050	285435	True	sculptures-or-installations
live	sculptural-work	alberto	1067	Alberto	1623	rgsmoothgallery	2531	fileadmin/s-maj/images/BilderMaja/2018_Portrait/Alberto_Giacometti/IMG_20170927_182444_s.jpg	live/sculptural-work/alberto/IMG_20170927_182444_s.jpg	c07af9681faddb5896a8fce1a49beb2265c06d2b1504e6319389d02b91fe66b6	258868	True	sculptures-or-installations
live	sculptural-work	alberto	1067	Alberto	1623	rgsmoothgallery	2532	fileadmin/s-maj/images/BilderMaja/2018_Portrait/Alberto_Giacometti/IMG_20170930_155034_s.jpg	live/sculptural-work/alberto/IMG_20170930_155034_s.jpg	d0ba455ab47d4ced031162690cad0b836cfcab186c0841e32a840fd3a644f9e9	264322	True	sculptures-or-installations
live	sculptural-work	affenbande	1073	Affenbande	1635	rgsmoothgallery	2730	fileadmin/s-maj/images/BilderMaja/2022_Affenbande/IMG_9133_2.jpg	live/sculptural-work/affenbande/IMG_9133_2.jpg	08f4154f6fe30c25e1a80470558c703e8cada97a0bfcb98b2d0c9914c9f99b8c	314912	True	sculptures-or-installations
live	sculptural-work	alberto	1067	Alberto	1623	rgsmoothgallery	2534	fileadmin/s-maj/images/BilderMaja/2018_Portrait/Alberto_Giacometti/IMG_20180206_193751_s.jpg	live/sculptural-work/alberto/IMG_20180206_193751_s.jpg	f2ddcba52bd2c8757786aa93131f650ae457333eaf253c472f1eba7ac4509915	328527	True	sculptures-or-installations
live	sculptural-work	alberto	1067	Alberto	1623	rgsmoothgallery	2535	fileadmin/s-maj/images/BilderMaja/2018_Portrait/Alberto_Giacometti/IMG_20180206_193850_s.jpg	live/sculptural-work/alberto/IMG_20180206_193850_s.jpg	da90e1ff4b7d20add2f909f7574fcd64ea4b939dda4b464fc0cdacc65c8fb2e0	286823	True	sculptures-or-installations
live	sculptural-work	alberto	1067	Alberto	1623	rgsmoothgallery	2536	fileadmin/s-maj/images/BilderMaja/2018_Portrait/Alberto_Giacometti/IMG_20180206_194631_s.jpg	live/sculptural-work/alberto/IMG_20180206_194631_s.jpg	4d17685a9458ec0a165b709e37c1f1fd8d1225846d179c5f44c219fd3cb645ec	305696	True	sculptures-or-installations
live	sculptural-work	alberto	1067	Alberto	1623	rgsmoothgallery	2514	fileadmin/s-maj/images/BilderMaja/2018_Portrait/Alberto_Giacometti/Alberto_U3_as.jpg	live/sculptural-work/alberto/Alberto_U3_as.jpg	8f826a9a0e5f19733ea3cc342ce2f8c101513eb17599ac7bb92a350ea55b7fbe	344157	True	sculptures-or-installations
hidden	sculptural-work	affenbande	1073	Affenbande	1648	rgsmoothgallery	2615	fileadmin/s-maj/images/BilderMaja/2020_Affenhorde/affe_s_-4.JPG	hidden/sculptural-work/affenbande/affe_s_-4.JPG	a6eef1f786652e7e260c0cf4451142a94baa2d28e2784a6ffd1d41092f40f5c6	150959	True	sculptures-or-installations
live	sculptural-work	k-the	1070	Käthe	1629	rgsmoothgallery	2563	fileadmin/s-maj/images/BilderMaja/2018_Portrait/Käthe_Kollwitz/Kaethe_U3_s.jpg	live/sculptural-work/k-the/Kaethe_U3_s.jpg			False	sculptures-or-installations
live	sculptural-work	k-the	1070	Käthe	1629	rgsmoothgallery	2562	fileadmin/s-maj/images/BilderMaja/2018_Portrait/Käthe_Kollwitz/IMG_9832_n_s.jpg	live/sculptural-work/k-the/IMG_9832_n_s.jpg			False	sculptures-or-installations
hidden	sculptural-work	hinwil	1077	Hinwil	1650	rgsmoothgallery	2632	fileadmin/s-maj/images/BilderMaja/2020_Affenhorde/affe_s_-31.jpg	hidden/sculptural-work/hinwil/affe_s_-31.jpg	0910d256fba3c6f71cfc5b47ed6987f5431276cdaa448d2d24e8817e9c108007	340389	True	sculptures-or-installations
live	sculptural-work	k-the	1070	Käthe	1629	rgsmoothgallery	2560	fileadmin/s-maj/images/BilderMaja/2018_Portrait/Käthe_Kollwitz/IMG_9830_n_s.jpg	live/sculptural-work/k-the/IMG_9830_n_s.jpg			False	sculptures-or-installations
live	sculptural-work	k-the	1070	Käthe	1629	rgsmoothgallery	2559	fileadmin/s-maj/images/BilderMaja/2018_Portrait/Käthe_Kollwitz/IMG_9829_n_s.jpg	live/sculptural-work/k-the/IMG_9829_n_s.jpg			False	sculptures-or-installations
live	sculptural-work	k-the	1070	Käthe	1629	rgsmoothgallery	2558	fileadmin/s-maj/images/BilderMaja/2018_Portrait/Käthe_Kollwitz/IMG_9785_n_s.jpg	live/sculptural-work/k-the/IMG_9785_n_s.jpg			False	sculptures-or-installations
live	sculptural-work	k-the	1070	Käthe	1629	rgsmoothgallery	2557	fileadmin/s-maj/images/BilderMaja/2018_Portrait/Käthe_Kollwitz/IMG_4890_s.JPG	live/sculptural-work/k-the/IMG_4890_s.JPG			False	sculptures-or-installations
live	sculptural-work	k-the	1070	Käthe	1629	rgsmoothgallery	2556	fileadmin/s-maj/images/BilderMaja/2018_Portrait/Käthe_Kollwitz/IMG_4884_s.JPG	live/sculptural-work/k-the/IMG_4884_s.JPG			False	sculptures-or-installations
live	sculptural-work	k-the	1070	Käthe	1629	rgsmoothgallery	2555	fileadmin/s-maj/images/BilderMaja/2018_Portrait/Käthe_Kollwitz/IMG_4856_s.JPG	live/sculptural-work/k-the/IMG_4856_s.JPG			False	sculptures-or-installations
live	sculptural-work	k-the	1070	Käthe	1629	rgsmoothgallery	2554	fileadmin/s-maj/images/BilderMaja/2018_Portrait/Käthe_Kollwitz/IMG_4851_s.JPG	live/sculptural-work/k-the/IMG_4851_s.JPG			False	sculptures-or-installations
live	sculptural-work	k-the	1070	Käthe	1629	rgsmoothgallery	2553	fileadmin/s-maj/images/BilderMaja/2018_Portrait/Käthe_Kollwitz/IMG_4850_s.JPG	live/sculptural-work/k-the/IMG_4850_s.JPG			False	sculptures-or-installations
live	sculptural-work	the-wolf	1071	The Wolf	1631	rgsmoothgallery	2583	fileadmin/s-maj/images/BilderMaja/2019_Wolf/006_IMG_4617_w2_s.jpg	live/sculptural-work/the-wolf/006_IMG_4617_w2_s.jpg	793bc2447f33d275f4e31462a66a407f9546f2d526e65531b3101743cde71a8a	421803	True	sculptures-or-installations
live	sculptural-work	the-wolf	1071	The Wolf	1631	rgsmoothgallery	2582	fileadmin/s-maj/images/BilderMaja/2019_Wolf/005_IMG_4601_w_s.jpg	live/sculptural-work/the-wolf/005_IMG_4601_w_s.jpg	bab47db7f95ff08ffeaf55fd0f251f236309b62350a8a08f16b4651e8a171034	400849	True	sculptures-or-installations
live	sculptural-work	the-wolf	1071	The Wolf	1631	rgsmoothgallery	2581	fileadmin/s-maj/images/BilderMaja/2019_Wolf/004_IMG_4597_w_s.jpg	live/sculptural-work/the-wolf/004_IMG_4597_w_s.jpg	d13b031d583d507da5ac91be7e51278a496b227a22b9e51b81be15b6aaf705ba	426420	True	sculptures-or-installations
live	sculptural-work	the-wolf	1071	The Wolf	1631	rgsmoothgallery	2579	fileadmin/s-maj/images/BilderMaja/2019_Wolf/002_IMG_4584_w_s.jpg	live/sculptural-work/the-wolf/002_IMG_4584_w_s.jpg	e34f0c4d90d89832fe6262ce2368b5ed24c4988b04fae84ccb147e2831a2c099	435329	True	sculptures-or-installations
live	sculptural-work	the-wolf	1071	The Wolf	1631	rgsmoothgallery	2578	fileadmin/s-maj/images/BilderMaja/2019_Wolf/001_IMG_4586_w_s.jpg	live/sculptural-work/the-wolf/001_IMG_4586_w_s.jpg	6211baa1f92688e7e3712d5c59c272c4a5217ad8a38a8ea39c31e08f794cb0b4	419520	True	sculptures-or-installations
live	sculptural-work	the-wolf	1071	The Wolf	1631	rgsmoothgallery	2588	fileadmin/s-maj/images/BilderMaja/2019_Wolf/011_Wolf_Luka_023_w_s.jpg	live/sculptural-work/the-wolf/011_Wolf_Luka_023_w_s.jpg	918ef38c5a05fbaa7546c6190b357cc4a1f3929d6c7f931ef4770f18dd114ecb	313431	True	sculptures-or-installations
live	sculptural-work	the-wolf	1071	The Wolf	1631	rgsmoothgallery	2587	fileadmin/s-maj/images/BilderMaja/2019_Wolf/010_Wolf_Luka_020_w_s.jpg	live/sculptural-work/the-wolf/010_Wolf_Luka_020_w_s.jpg	a188e90e61b1e0a95d40050dae0b67237cc06fe5f71113c57b0b3370cece2f3e	338065	True	sculptures-or-installations
live	sculptural-work	the-wolf	1071	The Wolf	1631	rgsmoothgallery	2580	fileadmin/s-maj/images/BilderMaja/2019_Wolf/003_IMG_4605_w_s.jpg	live/sculptural-work/the-wolf/003_IMG_4605_w_s.jpg	6fd15693c1a133c0b1e2d16d45f1ebb081d786c8bf35a6530280bf9bdfb14dc7	396400	True	sculptures-or-installations
live	sculptural-work	the-wolf	1071	The Wolf	1631	rgsmoothgallery	2586	fileadmin/s-maj/images/BilderMaja/2019_Wolf/009_Wolf_Luka_013_w_s.jpg	live/sculptural-work/the-wolf/009_Wolf_Luka_013_w_s.jpg	3dcb98b633bf74034ff215946f408dd25b8ffbd35e84aefd07f35cd0f7ae3077	361904	True	sculptures-or-installations
live	sculptural-work	the-wolf	1071	The Wolf	1631	rgsmoothgallery	2585	fileadmin/s-maj/images/BilderMaja/2019_Wolf/008_Wolf_Luka_014_w_s.jpg	live/sculptural-work/the-wolf/008_Wolf_Luka_014_w_s.jpg	6c0ad20e06196f8235078eedb02ad8c3032e51d5fad2b10778551c37710b2386	400776	True	sculptures-or-installations
live	sculptural-work	the-wolf	1071	The Wolf	1631	rgsmoothgallery	2584	fileadmin/s-maj/images/BilderMaja/2019_Wolf/007_Wolf_Luka_002_1_s.jpg	live/sculptural-work/the-wolf/007_Wolf_Luka_002_1_s.jpg	caa98db06506c49dde9c6838ef81d53242a9b3cafb6cf8b7e38a755a23d04c1a	418770	True	sculptures-or-installations
live	sculptural-work	the-wolf	1071	The Wolf	1631	rgsmoothgallery	2589	fileadmin/s-maj/images/BilderMaja/2019_Wolf/012_Wolf_Luka_017_w_s.jpg	live/sculptural-work/the-wolf/012_Wolf_Luka_017_w_s.jpg	9f1feeada8ed3e58cb2620b87115ae37e9e1e7a7de244347a5b1af84b7aac5bd	411846	True	sculptures-or-installations
hidden	sculptural-work	hinwil	1077	Hinwil	1650	rgsmoothgallery	2613	fileadmin/s-maj/images/BilderMaja/2020_Affenhorde/affe_s_-2.jpg	hidden/sculptural-work/hinwil/affe_s_-2.jpg	1de10de408f812437324501827286cabbb30e360c4c110ec4ce47ff959991a75	130063	True	sculptures-or-installations
hidden	sculptural-work	hinwil	1077	Hinwil	1650	rgsmoothgallery	2625	fileadmin/s-maj/images/BilderMaja/2020_Affenhorde/affe_s_-24.jpg	hidden/sculptural-work/hinwil/affe_s_-24.jpg	b5f602ca1aeadd7dbf49f2afc8f1760f15d9ffc60a80caa0b8570d8c508dd76d	116880	True	sculptures-or-installations
live	sculptural-work	affenbande	1073	Affenbande	1635	rgsmoothgallery	2723	fileadmin/s-maj/images/BilderMaja/2022_Affenbande/IMG_1351.jpg	live/sculptural-work/affenbande/IMG_1351.jpg	209a3d5aa967ea35915da010a8749888c08872143ef6fc7165a3529e6660055b	329864	True	sculptures-or-installations
live	sculptural-work	affenbande	1073	Affenbande	1635	rgsmoothgallery	2636	fileadmin/s-maj/images/BilderMaja/2020_Affenhorde/affe_s_-35.jpg	live/sculptural-work/affenbande/affe_s_-35.jpg	49666998f2cab43475ceb9200c76299a69c46e90293e25efac13a7817476fbde	317582	True	sculptures-or-installations
live	sculptural-work	affenbande	1073	Affenbande	1635	rgsmoothgallery	2637	fileadmin/s-maj/images/BilderMaja/2020_Affenhorde/Rauschen_statt_Lauschen_Flyer.jpeg	live/sculptural-work/affenbande/Rauschen_statt_Lauschen_Flyer.jpeg	c09805c3f381628cd8418f45a3af4f71b83e3d193cfd2f053f25409d02a6cfde	289926	True	sculptures-or-installations
live	sculptural-work	affenbande	1073	Affenbande	1635	rgsmoothgallery	2633	fileadmin/s-maj/images/BilderMaja/2020_Affenhorde/affe_s_-32.jpg	live/sculptural-work/affenbande/affe_s_-32.jpg	43da111c827c66a19638368a14c4e2b2b5f9b1a7f59d08f28f973facee1708e3	173057	True	sculptures-or-installations
live	sculptural-work	affenbande	1073	Affenbande	1635	rgsmoothgallery	2632	fileadmin/s-maj/images/BilderMaja/2020_Affenhorde/affe_s_-31.jpg	live/sculptural-work/affenbande/affe_s_-31.jpg	0910d256fba3c6f71cfc5b47ed6987f5431276cdaa448d2d24e8817e9c108007	340389	True	sculptures-or-installations
live	sculptural-work	affenbande	1073	Affenbande	1635	rgsmoothgallery	2617	fileadmin/s-maj/images/BilderMaja/2020_Affenhorde/affe_s_-6.JPG	live/sculptural-work/affenbande/affe_s_-6.JPG	e444d58ca54f2a51d504a8e3b09d4d8215603f75b63a8583d644b9c23403777a	212396	True	sculptures-or-installations
hidden	sculptural-work	hinwil	1077	Hinwil	1650	rgsmoothgallery	2624	fileadmin/s-maj/images/BilderMaja/2020_Affenhorde/affe_s_-23.jpg	hidden/sculptural-work/hinwil/affe_s_-23.jpg	7369373bce95cbb2e80aa9b1cd4c2a2f49066806842d799f98b65387c9364b33	337744	True	sculptures-or-installations
live	sculptural-work	flower-power	1072	Flower Power	1633	rgsmoothgallery	2597	fileadmin/s-maj/images/BilderMaja/2019_Flowerpower/006_IMGP5045_s.JPG	live/sculptural-work/flower-power/006_IMGP5045_s.JPG	515d7e65c2ae1716054e0f207f112f61e03ddfdff2829c113b0e60904623ae4e	198757	True	sculptures-or-installations
live	sculptural-work	k-the	1070	Käthe	1629	rgsmoothgallery	2570	fileadmin/s-maj/images/BilderMaja/2018_Portrait/Käthe_Kollwitz/KaetheKollwitz1_cut_s.jpg	live/sculptural-work/k-the/KaetheKollwitz1_cut_s.jpg			False	sculptures-or-installations
live	sculptural-work	k-the	1070	Käthe	1629	rgsmoothgallery	2569	fileadmin/s-maj/images/BilderMaja/2018_Portrait/Käthe_Kollwitz/Kaethe_U1_n_s.jpg	live/sculptural-work/k-the/Kaethe_U1_n_s.jpg			False	sculptures-or-installations
live	sculptural-work	bernhard	1069	Bernhard	1627	rgsmoothgallery	2541	fileadmin/s-maj/images/BilderMaja/2018_Portrait/Bernhard_Luginbühl/20180317_190351_s.jpg	live/sculptural-work/bernhard/20180317_190351_s.jpg			False	sculptures-or-installations
live	sculptural-work	bernhard	1069	Bernhard	1627	rgsmoothgallery	2542	fileadmin/s-maj/images/BilderMaja/2018_Portrait/Bernhard_Luginbühl/Bernhard_U1_s.jpg	live/sculptural-work/bernhard/Bernhard_U1_s.jpg			False	sculptures-or-installations
live	sculptural-work	bernhard	1069	Bernhard	1627	rgsmoothgallery	2543	fileadmin/s-maj/images/BilderMaja/2018_Portrait/Bernhard_Luginbühl/BernhardLuginbuehl_1_s.jpg	live/sculptural-work/bernhard/BernhardLuginbuehl_1_s.jpg			False	sculptures-or-installations
live	sculptural-work	bernhard	1069	Bernhard	1627	rgsmoothgallery	2544	fileadmin/s-maj/images/BilderMaja/2018_Portrait/Bernhard_Luginbühl/BernhardLuginbuehl_3_s.jpg	live/sculptural-work/bernhard/BernhardLuginbuehl_3_s.jpg			False	sculptures-or-installations
live	sculptural-work	bernhard	1069	Bernhard	1627	rgsmoothgallery	2545	fileadmin/s-maj/images/BilderMaja/2018_Portrait/Bernhard_Luginbühl/BernhardLuginbuehl_2_s.jpg	live/sculptural-work/bernhard/BernhardLuginbuehl_2_s.jpg			False	sculptures-or-installations
live	sculptural-work	bernhard	1069	Bernhard	1627	rgsmoothgallery	2546	fileadmin/s-maj/images/BilderMaja/2018_Portrait/Bernhard_Luginbühl/BernhardLuginbuehl_back_s.jpg	live/sculptural-work/bernhard/BernhardLuginbuehl_back_s.jpg			False	sculptures-or-installations
live	sculptural-work	bernhard	1069	Bernhard	1627	rgsmoothgallery	2547	fileadmin/s-maj/images/BilderMaja/2018_Portrait/Bernhard_Luginbühl/BernhardLuginbuehl_CloseUp_s.jpg	live/sculptural-work/bernhard/BernhardLuginbuehl_CloseUp_s.jpg			False	sculptures-or-installations
live	sculptural-work	bernhard	1069	Bernhard	1627	rgsmoothgallery	2548	fileadmin/s-maj/images/BilderMaja/2018_Portrait/Bernhard_Luginbühl/IMG_5052_s.JPG	live/sculptural-work/bernhard/IMG_5052_s.JPG			False	sculptures-or-installations
live	sculptural-work	bernhard	1069	Bernhard	1627	rgsmoothgallery	2549	fileadmin/s-maj/images/BilderMaja/2018_Portrait/Bernhard_Luginbühl/IMG_5061_s.JPG	live/sculptural-work/bernhard/IMG_5061_s.JPG			False	sculptures-or-installations
live	sculptural-work	bernhard	1069	Bernhard	1627	rgsmoothgallery	2550	fileadmin/s-maj/images/BilderMaja/2018_Portrait/Bernhard_Luginbühl/IMG_5062_s.JPG	live/sculptural-work/bernhard/IMG_5062_s.JPG			False	sculptures-or-installations
live	sculptural-work	bernhard	1069	Bernhard	1627	rgsmoothgallery	2551	fileadmin/s-maj/images/BilderMaja/2018_Portrait/Bernhard_Luginbühl/IMG_9802_lh_s.jpg	live/sculptural-work/bernhard/IMG_9802_lh_s.jpg			False	sculptures-or-installations
live	sculptural-work	bernhard	1069	Bernhard	1627	rgsmoothgallery	2552	fileadmin/s-maj/images/BilderMaja/2018_Portrait/Bernhard_Luginbühl/IMG_9807_l_s.jpg	live/sculptural-work/bernhard/IMG_9807_l_s.jpg			False	sculptures-or-installations
live	sculptural-work	flower-power	1072	Flower Power	1633	rgsmoothgallery	2600	fileadmin/s-maj/images/BilderMaja/2019_Flowerpower/009_IMGP5157_w_s.jpg	live/sculptural-work/flower-power/009_IMGP5157_w_s.jpg	f75e7b93530e388849f82f2b1a23cbaeddee64380d1c3f15ea4f101500194b74	205656	True	sculptures-or-installations
live	sculptural-work	flower-power	1072	Flower Power	1633	rgsmoothgallery	2601	fileadmin/s-maj/images/BilderMaja/2019_Flowerpower/010_IMGP5195_s.JPG	live/sculptural-work/flower-power/010_IMGP5195_s.JPG	de685ac0afb175c4fcdf25d9f63c5d833bf3b1b60a3f1a1a10b145a5a5d983c3	176684	True	sculptures-or-installations
hidden	sculptural-work	hinwil	1077	Hinwil	1650	rgsmoothgallery	2623	fileadmin/s-maj/images/BilderMaja/2020_Affenhorde/affe_s_-22.jpg	hidden/sculptural-work/hinwil/affe_s_-22.jpg	09ed08171e7b1bca8bf026fc463911d45cb2aff29f89f8819037a866e50d3d85	316423	True	sculptures-or-installations
hidden	sculptural-work	hinwil	1077	Hinwil	1650	rgsmoothgallery	2612	fileadmin/s-maj/images/BilderMaja/2020_Affenhorde/affe_s_-1.jpg	hidden/sculptural-work/hinwil/affe_s_-1.jpg	476f38016b925df3be210267f1dc49496b03ab716ded60db2fbe5a359840c23c	193763	True	sculptures-or-installations
live	sculptural-work	affenbande	1073	Affenbande	1635	rgsmoothgallery	2615	fileadmin/s-maj/images/BilderMaja/2020_Affenhorde/affe_s_-4.JPG	live/sculptural-work/affenbande/affe_s_-4.JPG	a6eef1f786652e7e260c0cf4451142a94baa2d28e2784a6ffd1d41092f40f5c6	150959	True	sculptures-or-installations
live	sculptural-work	affenbande	1073	Affenbande	1635	rgsmoothgallery	2612	fileadmin/s-maj/images/BilderMaja/2020_Affenhorde/affe_s_-1.jpg	live/sculptural-work/affenbande/affe_s_-1.jpg	476f38016b925df3be210267f1dc49496b03ab716ded60db2fbe5a359840c23c	193763	True	sculptures-or-installations
live	about	press	981	press	1455	rgsmoothgallery	2645	fileadmin/s-maj/images/BilderMaja/presse/2013_Destroy_HIV.pdf	live/about/press/2013_Destroy_HIV.pdf	b8b42c74c8bcd6d5db786c8e04c397eac59d1d2991dc8b3b562decc0bf67f02a	444786	True	
live	sculptural-work	affenbande	1073	Affenbande	1635	rgsmoothgallery	2625	fileadmin/s-maj/images/BilderMaja/2020_Affenhorde/affe_s_-24.jpg	live/sculptural-work/affenbande/affe_s_-24.jpg	b5f602ca1aeadd7dbf49f2afc8f1760f15d9ffc60a80caa0b8570d8c508dd76d	116880	True	sculptures-or-installations
hidden	sculptural-work	affenbande	1073	Affenbande	1648	rgsmoothgallery	2727	fileadmin/s-maj/images/BilderMaja/2022_Affenbande/IMG_2566.jpg	hidden/sculptural-work/affenbande/IMG_2566.jpg	7b1558b2a2d346d52b1ad54c4ed4172f8ece3dea00f5e6d59def9e522b697326	299835	True	sculptures-or-installations
hidden	sculptural-work	affenbande	1073	Affenbande	1648	rgsmoothgallery	2726	fileadmin/s-maj/images/BilderMaja/2022_Affenbande/IMG_2563_2.jpg	hidden/sculptural-work/affenbande/IMG_2563_2.jpg	43f0a43390b3493acdf4881a5a627556899b969a1f65e4eb11bb0e23f47a637a	340521	True	sculptures-or-installations
hidden	sculptural-work	affenbande	1073	Affenbande	1648	rgsmoothgallery	2725	fileadmin/s-maj/images/BilderMaja/2022_Affenbande/IMG_2562_1.jpg	hidden/sculptural-work/affenbande/IMG_2562_1.jpg	45e251d0dff41db19241ec2ead6619b6930f4e14694dc8aa9ef74671cdc882e7	346659	True	sculptures-or-installations
live	about	press	981	press	1455	rgsmoothgallery	2647	fileadmin/s-maj/images/BilderMaja/presse/2018_ZürcherOberländer2.jpg	live/about/press/2018_ZürcherOberländer2.jpg			False	
live	about	press	981	press	1455	rgsmoothgallery	2648	fileadmin/s-maj/images/BilderMaja/presse/2018_ZürcherOberländer.jpg	live/about/press/2018_ZürcherOberländer.jpg			False	
hidden	sculptural-work	affenbande	1073	Affenbande	1648	rgsmoothgallery	2636	fileadmin/s-maj/images/BilderMaja/2020_Affenhorde/affe_s_-35.jpg	hidden/sculptural-work/affenbande/affe_s_-35.jpg	49666998f2cab43475ceb9200c76299a69c46e90293e25efac13a7817476fbde	317582	True	sculptures-or-installations
hidden	sculptural-work	affenbande	1073	Affenbande	1648	rgsmoothgallery	2635	fileadmin/s-maj/images/BilderMaja/2020_Affenhorde/affe_s_-34.jpg	hidden/sculptural-work/affenbande/affe_s_-34.jpg	f09a3daccc13c3024ca42e7e35dbd3d1b493bab251a0bd23c29f1b20c93a9824	191251	True	sculptures-or-installations
hidden	sculptural-work	affenbande	1073	Affenbande	1648	rgsmoothgallery	2637	fileadmin/s-maj/images/BilderMaja/2020_Affenhorde/Rauschen_statt_Lauschen_Flyer.jpeg	hidden/sculptural-work/affenbande/Rauschen_statt_Lauschen_Flyer.jpeg	c09805c3f381628cd8418f45a3af4f71b83e3d193cfd2f053f25409d02a6cfde	289926	True	sculptures-or-installations
hidden	sculptural-work	affenbande	1073	Affenbande	1648	rgsmoothgallery	2724	fileadmin/s-maj/images/BilderMaja/2022_Affenbande/IMG_2561.jpg	hidden/sculptural-work/affenbande/IMG_2561.jpg	cb842e84a71c4f539a76b27a1cb4876a89043e807a1f6eb79c50f19a33e50701	366133	True	sculptures-or-installations
live	sculptural-work	affenbande	1073	Affenbande	1635	rgsmoothgallery	2722	fileadmin/s-maj/images/BilderMaja/2022_Affenbande/IMG_0995_1.jpg	live/sculptural-work/affenbande/IMG_0995_1.jpg	b059a1e6bd81a2182e6e6699f2d0f082c963e4ea99b094887ba4ea1b000b1535	459806	True	sculptures-or-installations
live	sculptural-work	affenbande	1073	Affenbande	1635	rgsmoothgallery	2728	fileadmin/s-maj/images/BilderMaja/2022_Affenbande/IMG_9129_4.jpg	live/sculptural-work/affenbande/IMG_9129_4.jpg	cecd245198ee3fee372c75f71ebc0635adcfaaf2bcd61dd6011a781eb5b91857	569975	True	sculptures-or-installations
live	sculptural-work	affenbande	1073	Affenbande	1635	rgsmoothgallery	2729	fileadmin/s-maj/images/BilderMaja/2022_Affenbande/IMG_9131_3.jpg	live/sculptural-work/affenbande/IMG_9131_3.jpg	e7a152c73b045cca3c7ccfbd835f3849db9c3cf148114d4ab8b8d8d234cfe95a	650501	True	sculptures-or-installations
live	sculptural-work	blumenwolke	1074	Blumenwolke	1638	rgsmoothgallery	2651	fileadmin/s-maj/images/BilderMaja/2021BlumenWolke/BlumenWolke_s_-1.jpg	live/sculptural-work/blumenwolke/BlumenWolke_s_-1.jpg	6f75f34dad3f9b69430a5238d52e9882dfbe5293422240ed595a4cd8581f1e6d	237240	True	sculptures-or-installations
live	sculptural-work	blumenwolke	1074	Blumenwolke	1638	rgsmoothgallery	2652	fileadmin/s-maj/images/BilderMaja/2021BlumenWolke/BlumenWolke_s_-2.jpg	live/sculptural-work/blumenwolke/BlumenWolke_s_-2.jpg	019ba066f68fe1dd404f0f120eea501322fe985c39a06411fd30123ce4f2f45e	201602	True	sculptures-or-installations
live	sculptural-work	blumenwolke	1074	Blumenwolke	1638	rgsmoothgallery	2653	fileadmin/s-maj/images/BilderMaja/2021BlumenWolke/BlumenWolke_s_-3.jpg	live/sculptural-work/blumenwolke/BlumenWolke_s_-3.jpg	eb6d18201ab2f2cc16b4ea29589f7811a30ba34c363130b54f254aff2e3bbb93	212947	True	sculptures-or-installations
live	sculptural-work	blumenwolke	1074	Blumenwolke	1638	rgsmoothgallery	2655	fileadmin/s-maj/images/BilderMaja/2021BlumenWolke/BlumenWolke_s_-5.jpg	live/sculptural-work/blumenwolke/BlumenWolke_s_-5.jpg	5b2602dae2f1305ea2fd6311a347d9e583de630fa299616ce3e779c1e5ac3d54	287697	True	sculptures-or-installations
live	sculptural-work	blumenwolke	1074	Blumenwolke	1638	rgsmoothgallery	2656	fileadmin/s-maj/images/BilderMaja/2021BlumenWolke/BlumenWolke_s_-6.jpg	live/sculptural-work/blumenwolke/BlumenWolke_s_-6.jpg	17a464bc04366e1c3d60bbcca8f0a0ebdaaff294cce26bb3028de153be591696	260993	True	sculptures-or-installations
live	sculptural-work	blumenwolke	1074	Blumenwolke	1638	rgsmoothgallery	2657	fileadmin/s-maj/images/BilderMaja/2021BlumenWolke/BlumenWolke_s_-7.jpg	live/sculptural-work/blumenwolke/BlumenWolke_s_-7.jpg	43374c9a71a7e1d3c8484700d512d9a43380432263aebac70f9e0febfffd58e5	232053	True	sculptures-or-installations
live	sculptural-work	blumenwolke	1074	Blumenwolke	1638	rgsmoothgallery	2658	fileadmin/s-maj/images/BilderMaja/2021BlumenWolke/BlumenWolke_s_-8.jpg	live/sculptural-work/blumenwolke/BlumenWolke_s_-8.jpg	4d77ba26a163ab5583f9e78eaa3f4fd9373f0c1123b410fcb05491cd9fa239df	242216	True	sculptures-or-installations
live	sculptural-work	blumenwolke	1074	Blumenwolke	1638	rgsmoothgallery	2659	fileadmin/s-maj/images/BilderMaja/2021BlumenWolke/BlumenWolke_s_-9.jpg	live/sculptural-work/blumenwolke/BlumenWolke_s_-9.jpg	7e919166f8a527cf1350423059e7e72d6e681e5d9e5ac0d9a3f991a63203fd36	224542	True	sculptures-or-installations
live	sculptural-work	blumenwolke	1074	Blumenwolke	1638	rgsmoothgallery	2660	fileadmin/s-maj/images/BilderMaja/2021BlumenWolke/BlumenWolke_s_-10.jpg	live/sculptural-work/blumenwolke/BlumenWolke_s_-10.jpg	d2e4206f93d34d30400a81a48b2e8e9103ae7c0fbe8366543cf0765126a972af	292467	True	sculptures-or-installations
live	sculptural-work	blumenwolke	1074	Blumenwolke	1638	rgsmoothgallery	2661	fileadmin/s-maj/images/BilderMaja/2021BlumenWolke/BlumenWolke_s_-11.jpg	live/sculptural-work/blumenwolke/BlumenWolke_s_-11.jpg	8e84cdd3faf37cc17cadc2dbbe4213331022dfe9fa57a90d6812717436dbdb4b	346239	True	sculptures-or-installations
live	sculptural-work	blumenwolke	1074	Blumenwolke	1638	rgsmoothgallery	2662	fileadmin/s-maj/images/BilderMaja/2021BlumenWolke/BlumenWolke_s_-12.jpg	live/sculptural-work/blumenwolke/BlumenWolke_s_-12.jpg	7b8f1168f4016f2c45fd9ed83cbd08967b0478a01563f18ac2a1e98d1e2628c5	436562	True	sculptures-or-installations
live	sculptural-work	blumenwolke	1074	Blumenwolke	1638	rgsmoothgallery	2663	fileadmin/s-maj/images/BilderMaja/2021BlumenWolke/BlumenWolke_s_-13.jpg	live/sculptural-work/blumenwolke/BlumenWolke_s_-13.jpg	8d506cae32326541abc2eb17543279c0a8ff019ac68e21b912ff0a819423e449	317653	True	sculptures-or-installations
live	sculptural-work	blumenwolke	1074	Blumenwolke	1638	rgsmoothgallery	2664	fileadmin/s-maj/images/BilderMaja/2021BlumenWolke/BlumenWolke_s_-14.jpg	live/sculptural-work/blumenwolke/BlumenWolke_s_-14.jpg	9af38f2112bd6626617e0a4a1216c3736c3911b643ccba6df2d1d3c5d5c72072	318804	True	sculptures-or-installations
live	sculptural-work	blumenwolke	1074	Blumenwolke	1638	rgsmoothgallery	2665	fileadmin/s-maj/images/BilderMaja/2021BlumenWolke/BlumenWolke_s_-15.jpg	live/sculptural-work/blumenwolke/BlumenWolke_s_-15.jpg	bb2b343f44e03f4d15cae11700626511e79f34d6792c88cc57fcf22c07b550b5	397993	True	sculptures-or-installations
live	sculptural-work	blumenwolke	1074	Blumenwolke	1638	rgsmoothgallery	2666	fileadmin/s-maj/images/BilderMaja/2021BlumenWolke/BlumenWolke_s_-16.JPG	live/sculptural-work/blumenwolke/BlumenWolke_s_-16.JPG	6559c5bddb6405744f6de07f924a062b0d9d5e4a6afb415afd9bae24d630403b	219463	True	sculptures-or-installations
live	sculptural-work	blumenwolke	1074	Blumenwolke	1638	rgsmoothgallery	2667	fileadmin/s-maj/images/BilderMaja/2021BlumenWolke/BlumenWolke_s_-17.JPG	live/sculptural-work/blumenwolke/BlumenWolke_s_-17.JPG	98fac7adf42af6368e586d1d599f1da99830f402927e4a1611d84c1b3993e4b9	252491	True	sculptures-or-installations
live	sculptural-work	blumenwolke	1074	Blumenwolke	1638	rgsmoothgallery	2668	fileadmin/s-maj/images/BilderMaja/2021BlumenWolke/BlumenWolke_s_-18.JPG	live/sculptural-work/blumenwolke/BlumenWolke_s_-18.JPG	84b7ba24cf16f23a13d1ff0433bae84ec2e4ed233614b9e655831390b2f0ef7d	191617	True	sculptures-or-installations
live	sculptural-work	blumenwolke	1074	Blumenwolke	1638	rgsmoothgallery	2669	fileadmin/s-maj/images/BilderMaja/2021BlumenWolke/BlumenWolke_s_-19.JPG	live/sculptural-work/blumenwolke/BlumenWolke_s_-19.JPG	b28c57e5213db28218472fb5aacd5f1faef625e254306a2836a0a1d4a6803024	196348	True	sculptures-or-installations
live	sculptural-work	blumenwolke	1074	Blumenwolke	1638	rgsmoothgallery	2670	fileadmin/s-maj/images/BilderMaja/2021BlumenWolke/BlumenWolke_s_-20.JPG	live/sculptural-work/blumenwolke/BlumenWolke_s_-20.JPG	57017e66f844219f7a3d7b2214f275980d1e743eadf00c783068adf4dfc204bc	201274	True	sculptures-or-installations
live	sculptural-work	blumenwolke	1074	Blumenwolke	1638	rgsmoothgallery	2671	fileadmin/s-maj/images/BilderMaja/2021BlumenWolke/BlumenWolke_s_-21.JPG	live/sculptural-work/blumenwolke/BlumenWolke_s_-21.JPG	8e6481c6fe1bb1c34726b83d67d4f3473f2aafc2b1b257894a5b84f9dac2c9dd	180331	True	sculptures-or-installations
live	sculptural-work	blumenwolke	1074	Blumenwolke	1638	rgsmoothgallery	2672	fileadmin/s-maj/images/BilderMaja/2021BlumenWolke/BlumenWolke_s_-22.JPG	live/sculptural-work/blumenwolke/BlumenWolke_s_-22.JPG	ed20cacff3b9da3a8a5b4cb6582651d12e570442752fcc6b999344c842778e80	239453	True	sculptures-or-installations
live	sculptural-work	blumenwolke	1074	Blumenwolke	1638	rgsmoothgallery	2673	fileadmin/s-maj/images/BilderMaja/2021BlumenWolke/BlumenWolke_s_-23.JPG	live/sculptural-work/blumenwolke/BlumenWolke_s_-23.JPG	5f7b57ec1cf59e8c95ebf8fdf29654e7dc4e46ce3a7b405a64edb6a8e1c45b61	179090	True	sculptures-or-installations
live	sculptural-work	blumenwolke	1074	Blumenwolke	1638	rgsmoothgallery	2675	fileadmin/s-maj/images/BilderMaja/2021BlumenWolke/BlumenWolke_s_-25.JPG	live/sculptural-work/blumenwolke/BlumenWolke_s_-25.JPG	8a740bc401188f496d0a943ebbcdd31145af131bfe629e750e227a6f75426bc3	160245	True	sculptures-or-installations
hidden	sculptural-work	affenbande	1073	Affenbande	1648	rgsmoothgallery	2614	fileadmin/s-maj/images/BilderMaja/2020_Affenhorde/affe_s_-3.JPG	hidden/sculptural-work/affenbande/affe_s_-3.JPG	d9772813d64ad56dd3f30730c88c97997bab03f82d32a02fc70aee705779f9d0	161390	True	sculptures-or-installations
hidden	sculptural-work	affenbande	1073	Affenbande	1648	rgsmoothgallery	2630	fileadmin/s-maj/images/BilderMaja/2020_Affenhorde/affe_s_-29.JPG	hidden/sculptural-work/affenbande/affe_s_-29.JPG	b48f9af80c241039b2e1a01b0b189f574edf1f177bed2acf10b2b8e2be168b1d	178441	True	sculptures-or-installations
hidden	sculptural-work	affenbande	1073	Affenbande	1648	rgsmoothgallery	2627	fileadmin/s-maj/images/BilderMaja/2020_Affenhorde/affe_s_-26.JPG	hidden/sculptural-work/affenbande/affe_s_-26.JPG	e6e02913d44415ff347bd4121377117ccbef855b58ac82f28321f3989aed0292	200542	True	sculptures-or-installations
hidden	sculptural-work	affenbande	1073	Affenbande	1648	rgsmoothgallery	2626	fileadmin/s-maj/images/BilderMaja/2020_Affenhorde/affe_s_-25.JPG	hidden/sculptural-work/affenbande/affe_s_-25.JPG	145c2bad2b44a5dcdd43ac0d9440e63a4acb36252601ec56983a45419e22ad75	193021	True	sculptures-or-installations
hidden	sculptural-work	affenbande	1073	Affenbande	1648	rgsmoothgallery	2629	fileadmin/s-maj/images/BilderMaja/2020_Affenhorde/affe_s_-28.JPG	hidden/sculptural-work/affenbande/affe_s_-28.JPG	6a973c86713630a1084fcae95fe20465f9b75d229d1add9deecf04bc4dfadd92	158315	True	sculptures-or-installations
hidden	sculptural-work	affenbande	1073	Affenbande	1648	rgsmoothgallery	2633	fileadmin/s-maj/images/BilderMaja/2020_Affenhorde/affe_s_-32.jpg	hidden/sculptural-work/affenbande/affe_s_-32.jpg	43da111c827c66a19638368a14c4e2b2b5f9b1a7f59d08f28f973facee1708e3	173057	True	sculptures-or-installations
hidden	sculptural-work	affenbande	1073	Affenbande	1648	rgsmoothgallery	2617	fileadmin/s-maj/images/BilderMaja/2020_Affenhorde/affe_s_-6.JPG	hidden/sculptural-work/affenbande/affe_s_-6.JPG	e444d58ca54f2a51d504a8e3b09d4d8215603f75b63a8583d644b9c23403777a	212396	True	sculptures-or-installations
hidden	sculptural-work	affenbande	1073	Affenbande	1648	rgsmoothgallery	2628	fileadmin/s-maj/images/BilderMaja/2020_Affenhorde/affe_s_-27.jpg	hidden/sculptural-work/affenbande/affe_s_-27.jpg	0af21a8033dcf32165bb4cb0550c1de1756b4272bf522bd78af53dfe3cafba70	227713	True	sculptures-or-installations
hidden	sculptural-work	affenbande	1073	Affenbande	1648	rgsmoothgallery	2634	fileadmin/s-maj/images/BilderMaja/2020_Affenhorde/affe_s_-33.jpg	hidden/sculptural-work/affenbande/affe_s_-33.jpg	b1f7a2e8f7f452bb56c90117915f61b49d97c0375749303a4f8967709f6bf8cc	354980	True	sculptures-or-installations
hidden	sculptural-work	affenbande	1073	Affenbande	1648	rgsmoothgallery	2623	fileadmin/s-maj/images/BilderMaja/2020_Affenhorde/affe_s_-22.jpg	hidden/sculptural-work/affenbande/affe_s_-22.jpg	09ed08171e7b1bca8bf026fc463911d45cb2aff29f89f8819037a866e50d3d85	316423	True	sculptures-or-installations
hidden	sculptural-work	affenbande	1073	Affenbande	1648	rgsmoothgallery	2624	fileadmin/s-maj/images/BilderMaja/2020_Affenhorde/affe_s_-23.jpg	hidden/sculptural-work/affenbande/affe_s_-23.jpg	7369373bce95cbb2e80aa9b1cd4c2a2f49066806842d799f98b65387c9364b33	337744	True	sculptures-or-installations
hidden	sculptural-work	affenbande	1073	Affenbande	1648	rgsmoothgallery	2612	fileadmin/s-maj/images/BilderMaja/2020_Affenhorde/affe_s_-1.jpg	hidden/sculptural-work/affenbande/affe_s_-1.jpg	476f38016b925df3be210267f1dc49496b03ab716ded60db2fbe5a359840c23c	193763	True	sculptures-or-installations
hidden	sculptural-work	affenbande	1073	Affenbande	1648	rgsmoothgallery	2625	fileadmin/s-maj/images/BilderMaja/2020_Affenhorde/affe_s_-24.jpg	hidden/sculptural-work/affenbande/affe_s_-24.jpg	b5f602ca1aeadd7dbf49f2afc8f1760f15d9ffc60a80caa0b8570d8c508dd76d	116880	True	sculptures-or-installations
hidden	sculptural-work	affenbande	1073	Affenbande	1648	rgsmoothgallery	2613	fileadmin/s-maj/images/BilderMaja/2020_Affenhorde/affe_s_-2.jpg	hidden/sculptural-work/affenbande/affe_s_-2.jpg	1de10de408f812437324501827286cabbb30e360c4c110ec4ce47ff959991a75	130063	True	sculptures-or-installations
live	sculptural-work	schiffszimmer	1076	Schiffszimmer	1646	rgsmoothgallery	2679	fileadmin/s-maj/images/BilderMaja/1994muralsFassaden/2022_Schiffszimmer/Hafen_Toale.jpg	live/sculptural-work/schiffszimmer/Hafen_Toale.jpg	c9d4e9a3ef487134e3789c7258d65430f7287c35a8ea96abfcc8600a01dbc98f	156007	True	sculptures-or-installations
live	sculptural-work	schiffszimmer	1076	Schiffszimmer	1646	rgsmoothgallery	2680	fileadmin/s-maj/images/BilderMaja/1994muralsFassaden/2022_Schiffszimmer/Hafen1.jpg	live/sculptural-work/schiffszimmer/Hafen1.jpg	82cbd63fec79e65df9cc8ebf5f438be176809b28231738861fb6371e53436c4a	146522	True	sculptures-or-installations
live	sculptural-work	schiffszimmer	1076	Schiffszimmer	1646	rgsmoothgallery	2681	fileadmin/s-maj/images/BilderMaja/1994muralsFassaden/2022_Schiffszimmer/Hochbett.jpg	live/sculptural-work/schiffszimmer/Hochbett.jpg	2c7246bb39c77596108afa9b097a29276c48da3bfab5112c4ba588a2d6a015ea	167378	True	sculptures-or-installations
live	sculptural-work	schiffszimmer	1076	Schiffszimmer	1646	rgsmoothgallery	2682	fileadmin/s-maj/images/BilderMaja/1994muralsFassaden/2022_Schiffszimmer/IMG_1704.jpg	live/sculptural-work/schiffszimmer/IMG_1704.jpg	ac0d96742732a04134ff26d3c7ec14944508c6d476bea82d7ddcc23ad7f06a5b	266900	True	sculptures-or-installations
live	sculptural-work	schiffszimmer	1076	Schiffszimmer	1646	rgsmoothgallery	2683	fileadmin/s-maj/images/BilderMaja/1994muralsFassaden/2022_Schiffszimmer/IMG_1742.jpg	live/sculptural-work/schiffszimmer/IMG_1742.jpg	1f45daa35351c438f4da4389ac98b16e8de84b67896f50156d2fb81d522ec169	130612	True	sculptures-or-installations
live	sculptural-work	schiffszimmer	1076	Schiffszimmer	1646	rgsmoothgallery	2684	fileadmin/s-maj/images/BilderMaja/1994muralsFassaden/2022_Schiffszimmer/IMG_1743.jpg	live/sculptural-work/schiffszimmer/IMG_1743.jpg	f04d50f46f1b3e9360cfb74b522bdcb77f27a7744dd49e9fd0e6841217a040cb	146238	True	sculptures-or-installations
hidden	sculptural-work	affenbande	1073	Affenbande	1648	rgsmoothgallery	2632	fileadmin/s-maj/images/BilderMaja/2020_Affenhorde/affe_s_-31.jpg	hidden/sculptural-work/affenbande/affe_s_-31.jpg	0910d256fba3c6f71cfc5b47ed6987f5431276cdaa448d2d24e8817e9c108007	340389	True	sculptures-or-installations
live	sculptural-work	schiffszimmer	1076	Schiffszimmer	1646	rgsmoothgallery	2686	fileadmin/s-maj/images/BilderMaja/1994muralsFassaden/2022_Schiffszimmer/IMG_1758_1.jpg	live/sculptural-work/schiffszimmer/IMG_1758_1.jpg	93ba10a88babee6917d07005923728732d76a73f885047e7723a843ebcbe5545	201718	True	sculptures-or-installations
live	sculptural-work	schiffszimmer	1076	Schiffszimmer	1646	rgsmoothgallery	2687	fileadmin/s-maj/images/BilderMaja/1994muralsFassaden/2022_Schiffszimmer/IMG_1762.jpg	live/sculptural-work/schiffszimmer/IMG_1762.jpg	3dea63d9ecdc173bc166ce878adb3d1e5095ace7bd589c3f737923757df98c2e	236524	True	sculptures-or-installations
live	sculptural-work	schiffszimmer	1076	Schiffszimmer	1646	rgsmoothgallery	2688	fileadmin/s-maj/images/BilderMaja/1994muralsFassaden/2022_Schiffszimmer/Rettungsboot.jpg	live/sculptural-work/schiffszimmer/Rettungsboot.jpg	58c22ced15aecd7a497b0335220946de908cacc72654b1aeb62ad45c974ab2e0	133100	True	sculptures-or-installations
live	sculptural-work	schiffszimmer	1076	Schiffszimmer	1646	rgsmoothgallery	2689	fileadmin/s-maj/images/BilderMaja/1994muralsFassaden/2022_Schiffszimmer/Zimmer.jpg	live/sculptural-work/schiffszimmer/Zimmer.jpg	092f698ebd4133c450f4495086542b00f591459c1f067e39697e786941bcd4d9	172272	True	sculptures-or-installations
hidden	sculptural-work	affenbande	1073	Affenbande	1648	rgsmoothgallery	2742	fileadmin/s-maj/images/BilderMaja/2022_Affenbande/P1040438_2.jpg	hidden/sculptural-work/affenbande/P1040438_2.jpg	60cc0f764eca6c8771d8186272725da4c6a96ebd4cc5c8c8a2ed0402bfd58184	477790	True	sculptures-or-installations
live	sculptural-work	affenbande	1073	Affenbande	1635	rgsmoothgallery	2732	fileadmin/s-maj/images/BilderMaja/2022_Affenbande/IMG_9998_2.jpg	live/sculptural-work/affenbande/IMG_9998_2.jpg	fa2ec3e4a5182a9432979e89c8f872a6d01d03701c657b7a8d4c569d97f1df49	485106	True	sculptures-or-installations
live	sculptural-work	affenbande	1073	Affenbande	1635	rgsmoothgallery	2733	fileadmin/s-maj/images/BilderMaja/2022_Affenbande/IMGP0463_2Test43.jpg	live/sculptural-work/affenbande/IMGP0463_2Test43.jpg	e28b07761052f745a48090b266e081c004dea36b2e578ea4fb090c857d5e840c	258111	True	sculptures-or-installations
hidden	sculptural-work	affenbande	1073	Affenbande	1648	rgsmoothgallery	2741	fileadmin/s-maj/images/BilderMaja/2022_Affenbande/P1040435_2.jpg	hidden/sculptural-work/affenbande/P1040435_2.jpg	e07985a311543d2785e03a3e2bea01dbd7f7c6024bff3538f2013ac03c5a14a5	556953	True	sculptures-or-installations
hidden	sculptural-work	affenbande	1073	Affenbande	1648	rgsmoothgallery	2740	fileadmin/s-maj/images/BilderMaja/2022_Affenbande/P1040425_2.jpg	hidden/sculptural-work/affenbande/P1040425_2.jpg	20288c719c23d0861ef10b69e6a2a1385998e00649e8857582bcbdb422e543c1	506350	True	sculptures-or-installations
hidden	sculptural-work	affenbande	1073	Affenbande	1648	rgsmoothgallery	2739	fileadmin/s-maj/images/BilderMaja/2022_Affenbande/P1040416_2.jpg	hidden/sculptural-work/affenbande/P1040416_2.jpg	a51012210e16524f078472f812a0695309681ce6060e55a44f335030e91a06a0	288744	True	sculptures-or-installations
live	sculptural-work	affenbande	1073	Affenbande	1635	rgsmoothgallery	2737	fileadmin/s-maj/images/BilderMaja/2022_Affenbande/IMGP0582_2Test4-3.jpg	live/sculptural-work/affenbande/IMGP0582_2Test4-3.jpg	76e9542872e93bf45d9a12b81a03b9c786a7a8a27876f27f9f52a5ffdf46910a	240567	True	sculptures-or-installations
live	sculptural-work	affenbande	1073	Affenbande	1635	rgsmoothgallery	2738	fileadmin/s-maj/images/BilderMaja/2022_Affenbande/IMGP9940_2Test43.jpg	live/sculptural-work/affenbande/IMGP9940_2Test43.jpg	ba1a9d1d545d21d517e76115ee4a12e32632a83620aea37050655aa52907474d	142011	True	sculptures-or-installations
live	sculptural-work	affenbande	1073	Affenbande	1635	rgsmoothgallery	2743	fileadmin/s-maj/images/BilderMaja/2022_Affenbande/P1040449_2.jpg	live/sculptural-work/affenbande/P1040449_2.jpg	ebcae48dc50d571f6b720d8e0cd91de7071aacab316a03e055de623de2846254	323302	True	sculptures-or-installations
live	sculptural-work	affenbande	1073	Affenbande	1635	rgsmoothgallery	2744	fileadmin/s-maj/images/BilderMaja/2022_Affenbande/P1040456_2.jpg	live/sculptural-work/affenbande/P1040456_2.jpg	0c7415ed7a049cb972f7d02a184fd72b4997ed66b821e2f19bc4bbd9e5054374	178969	True	sculptures-or-installations
hidden	sculptural-work	affenbande	1073	Affenbande	1648	rgsmoothgallery	2723	fileadmin/s-maj/images/BilderMaja/2022_Affenbande/IMG_1351.jpg	hidden/sculptural-work/affenbande/IMG_1351.jpg	209a3d5aa967ea35915da010a8749888c08872143ef6fc7165a3529e6660055b	329864	True	sculptures-or-installations
live	sculptural-work	affenbande	1073	Affenbande	1635	rgsmoothgallery	2746	fileadmin/s-maj/images/BilderMaja/2022_Affenbande/P1040545_2.jpg	live/sculptural-work/affenbande/P1040545_2.jpg	a35e15e4c4c177af94e0e2085e78bb539a851d878441948d30ace8a007e5fc5d	266584	True	sculptures-or-installations
live	sculptural-work	affenbande	1073	Affenbande	1635	rgsmoothgallery	2747	fileadmin/s-maj/images/BilderMaja/2022_Affenbande/P1040568-Test4.jpg	live/sculptural-work/affenbande/P1040568-Test4.jpg	83c0af420729ce3f35410aa8e7fc6587e2a42ab2f66ac7859368e74209121ebe	385655	True	sculptures-or-installations
live	sculptural-work	affenbande	1073	Affenbande	1635	rgsmoothgallery	2741	fileadmin/s-maj/images/BilderMaja/2022_Affenbande/P1040435_2.jpg	live/sculptural-work/affenbande/P1040435_2.jpg	e07985a311543d2785e03a3e2bea01dbd7f7c6024bff3538f2013ac03c5a14a5	556953	True	sculptures-or-installations
live	sculptural-work	affenbande	1073	Affenbande	1635	rgsmoothgallery	2742	fileadmin/s-maj/images/BilderMaja/2022_Affenbande/P1040438_2.jpg	live/sculptural-work/affenbande/P1040438_2.jpg	60cc0f764eca6c8771d8186272725da4c6a96ebd4cc5c8c8a2ed0402bfd58184	477790	True	sculptures-or-installations
hidden	sculptural-work	hinwil	1077	Hinwil	1650	rgsmoothgallery	2634	fileadmin/s-maj/images/BilderMaja/2020_Affenhorde/affe_s_-33.jpg	hidden/sculptural-work/hinwil/affe_s_-33.jpg	b1f7a2e8f7f452bb56c90117915f61b49d97c0375749303a4f8967709f6bf8cc	354980	True	sculptures-or-installations
hidden	sculptural-work	hinwil	1077	Hinwil	1650	rgsmoothgallery	2628	fileadmin/s-maj/images/BilderMaja/2020_Affenhorde/affe_s_-27.jpg	hidden/sculptural-work/hinwil/affe_s_-27.jpg	0af21a8033dcf32165bb4cb0550c1de1756b4272bf522bd78af53dfe3cafba70	227713	True	sculptures-or-installations
hidden	sculptural-work	hinwil	1077	Hinwil	1650	rgsmoothgallery	2617	fileadmin/s-maj/images/BilderMaja/2020_Affenhorde/affe_s_-6.JPG	hidden/sculptural-work/hinwil/affe_s_-6.JPG	e444d58ca54f2a51d504a8e3b09d4d8215603f75b63a8583d644b9c23403777a	212396	True	sculptures-or-installations
hidden	sculptural-work	hinwil	1077	Hinwil	1650	rgsmoothgallery	2633	fileadmin/s-maj/images/BilderMaja/2020_Affenhorde/affe_s_-32.jpg	hidden/sculptural-work/hinwil/affe_s_-32.jpg	43da111c827c66a19638368a14c4e2b2b5f9b1a7f59d08f28f973facee1708e3	173057	True	sculptures-or-installations
hidden	sculptural-work	hinwil	1077	Hinwil	1650	rgsmoothgallery	2629	fileadmin/s-maj/images/BilderMaja/2020_Affenhorde/affe_s_-28.JPG	hidden/sculptural-work/hinwil/affe_s_-28.JPG	6a973c86713630a1084fcae95fe20465f9b75d229d1add9deecf04bc4dfadd92	158315	True	sculptures-or-installations
hidden	sculptural-work	hinwil	1077	Hinwil	1650	rgsmoothgallery	2626	fileadmin/s-maj/images/BilderMaja/2020_Affenhorde/affe_s_-25.JPG	hidden/sculptural-work/hinwil/affe_s_-25.JPG	145c2bad2b44a5dcdd43ac0d9440e63a4acb36252601ec56983a45419e22ad75	193021	True	sculptures-or-installations
hidden	sculptural-work	hinwil	1077	Hinwil	1650	rgsmoothgallery	2627	fileadmin/s-maj/images/BilderMaja/2020_Affenhorde/affe_s_-26.JPG	hidden/sculptural-work/hinwil/affe_s_-26.JPG	e6e02913d44415ff347bd4121377117ccbef855b58ac82f28321f3989aed0292	200542	True	sculptures-or-installations
hidden	sculptural-work	hinwil	1077	Hinwil	1650	rgsmoothgallery	2630	fileadmin/s-maj/images/BilderMaja/2020_Affenhorde/affe_s_-29.JPG	hidden/sculptural-work/hinwil/affe_s_-29.JPG	b48f9af80c241039b2e1a01b0b189f574edf1f177bed2acf10b2b8e2be168b1d	178441	True	sculptures-or-installations
hidden	sculptural-work	hinwil	1077	Hinwil	1650	rgsmoothgallery	2614	fileadmin/s-maj/images/BilderMaja/2020_Affenhorde/affe_s_-3.JPG	hidden/sculptural-work/hinwil/affe_s_-3.JPG	d9772813d64ad56dd3f30730c88c97997bab03f82d32a02fc70aee705779f9d0	161390	True	sculptures-or-installations
hidden	sculptural-work	hinwil	1077	Hinwil	1650	rgsmoothgallery	2615	fileadmin/s-maj/images/BilderMaja/2020_Affenhorde/affe_s_-4.JPG	hidden/sculptural-work/hinwil/affe_s_-4.JPG	a6eef1f786652e7e260c0cf4451142a94baa2d28e2784a6ffd1d41092f40f5c6	150959	True	sculptures-or-installations
hidden	sculptural-work	hinwil	1077	Hinwil	1650	rgsmoothgallery	2636	fileadmin/s-maj/images/BilderMaja/2020_Affenhorde/affe_s_-35.jpg	hidden/sculptural-work/hinwil/affe_s_-35.jpg	49666998f2cab43475ceb9200c76299a69c46e90293e25efac13a7817476fbde	317582	True	sculptures-or-installations
hidden	sculptural-work	hinwil	1077	Hinwil	1650	rgsmoothgallery	2635	fileadmin/s-maj/images/BilderMaja/2020_Affenhorde/affe_s_-34.jpg	hidden/sculptural-work/hinwil/affe_s_-34.jpg	f09a3daccc13c3024ca42e7e35dbd3d1b493bab251a0bd23c29f1b20c93a9824	191251	True	sculptures-or-installations
hidden	sculptural-work	hinwil	1077	Hinwil	1650	rgsmoothgallery	2637	fileadmin/s-maj/images/BilderMaja/2020_Affenhorde/Rauschen_statt_Lauschen_Flyer.jpeg	hidden/sculptural-work/hinwil/Rauschen_statt_Lauschen_Flyer.jpeg	c09805c3f381628cd8418f45a3af4f71b83e3d193cfd2f053f25409d02a6cfde	289926	True	sculptures-or-installations
hidden	sculptural-work	hinwil	1077	Hinwil	1650	rgsmoothgallery	2723	fileadmin/s-maj/images/BilderMaja/2022_Affenbande/IMG_1351.jpg	hidden/sculptural-work/hinwil/IMG_1351.jpg	209a3d5aa967ea35915da010a8749888c08872143ef6fc7165a3529e6660055b	329864	True	sculptures-or-installations
hidden	sculptural-work	hinwil	1077	Hinwil	1650	rgsmoothgallery	2739	fileadmin/s-maj/images/BilderMaja/2022_Affenbande/P1040416_2.jpg	hidden/sculptural-work/hinwil/P1040416_2.jpg	a51012210e16524f078472f812a0695309681ce6060e55a44f335030e91a06a0	288744	True	sculptures-or-installations
hidden	sculptural-work	hinwil	1077	Hinwil	1650	rgsmoothgallery	2740	fileadmin/s-maj/images/BilderMaja/2022_Affenbande/P1040425_2.jpg	hidden/sculptural-work/hinwil/P1040425_2.jpg	20288c719c23d0861ef10b69e6a2a1385998e00649e8857582bcbdb422e543c1	506350	True	sculptures-or-installations
hidden	sculptural-work	hinwil	1077	Hinwil	1650	rgsmoothgallery	2741	fileadmin/s-maj/images/BilderMaja/2022_Affenbande/P1040435_2.jpg	hidden/sculptural-work/hinwil/P1040435_2.jpg	e07985a311543d2785e03a3e2bea01dbd7f7c6024bff3538f2013ac03c5a14a5	556953	True	sculptures-or-installations
hidden	sculptural-work	hinwil	1077	Hinwil	1650	rgsmoothgallery	2742	fileadmin/s-maj/images/BilderMaja/2022_Affenbande/P1040438_2.jpg	hidden/sculptural-work/hinwil/P1040438_2.jpg	60cc0f764eca6c8771d8186272725da4c6a96ebd4cc5c8c8a2ed0402bfd58184	477790	True	sculptures-or-installations
hidden	sculptural-work	hinwil	1077	Hinwil	1650	rgsmoothgallery	2724	fileadmin/s-maj/images/BilderMaja/2022_Affenbande/IMG_2561.jpg	hidden/sculptural-work/hinwil/IMG_2561.jpg	cb842e84a71c4f539a76b27a1cb4876a89043e807a1f6eb79c50f19a33e50701	366133	True	sculptures-or-installations
hidden	sculptural-work	hinwil	1077	Hinwil	1650	rgsmoothgallery	2725	fileadmin/s-maj/images/BilderMaja/2022_Affenbande/IMG_2562_1.jpg	hidden/sculptural-work/hinwil/IMG_2562_1.jpg	45e251d0dff41db19241ec2ead6619b6930f4e14694dc8aa9ef74671cdc882e7	346659	True	sculptures-or-installations
hidden	sculptural-work	hinwil	1077	Hinwil	1650	rgsmoothgallery	2726	fileadmin/s-maj/images/BilderMaja/2022_Affenbande/IMG_2563_2.jpg	hidden/sculptural-work/hinwil/IMG_2563_2.jpg	43f0a43390b3493acdf4881a5a627556899b969a1f65e4eb11bb0e23f47a637a	340521	True	sculptures-or-installations
hidden	sculptural-work	hinwil	1077	Hinwil	1650	rgsmoothgallery	2727	fileadmin/s-maj/images/BilderMaja/2022_Affenbande/IMG_2566.jpg	hidden/sculptural-work/hinwil/IMG_2566.jpg	7b1558b2a2d346d52b1ad54c4ed4172f8ece3dea00f5e6d59def9e522b697326	299835	True	sculptures-or-installations
hidden	collaborations	metal-group-xix	1078	Metal Group XIX	1655	rgsmoothgallery	1251	fileadmin/s-maj/images/BilderMaja/1995EurokotXiX/eisen4.jpg	hidden/collaborations/metal-group-xix/eisen4.jpg	8454e129c7fe74c5b3b7ef662d5f4bec6a416078ece1120a45097a9636d1215f	108327	True	UNMAPPED
hidden	collaborations	metal-group-xix	1078	Metal Group XIX	1655	rgsmoothgallery	1247	fileadmin/s-maj/images/BilderMaja/1995EurokotXiX/eisen7.jpg	hidden/collaborations/metal-group-xix/eisen7.jpg	3cd0214003fc6520ae358123d1d42eb67e02b606a2bacf7cce750a81540bce82	135657	True	UNMAPPED
hidden	collaborations	metal-group-xix	1078	Metal Group XIX	1655	rgsmoothgallery	1254	fileadmin/s-maj/images/BilderMaja/1995EurokotXiX/eurokot38.jpg	hidden/collaborations/metal-group-xix/eurokot38.jpg	6c4d3c690c5e4dc039b8305692c51480f44d45fd47bb49b98cab8ff9d128d58d	187547	True	UNMAPPED
hidden	collaborations	metal-group-xix	1078	Metal Group XIX	1655	rgsmoothgallery	1256	fileadmin/s-maj/images/BilderMaja/1995EurokotXiX/eisen2.jpg	hidden/collaborations/metal-group-xix/eisen2.jpg	93b935ea86ed0aa85157e7075b62279f173ad53633ebbc225ac853c00da0b2bf	500204	True	UNMAPPED
live	sculptural-work	hinwil	1077	Hinwil	1652	rgsmoothgallery	2767	fileadmin/s-maj/images/BilderMaja/2023Hinwil/Hinwil-20.jpeg	live/sculptural-work/hinwil/Hinwil-20.jpeg	da589b1ec81efe506d4876b2488da30834fc211882a782f3b0b69cfa0fd052bb	424891	True	sculptures-or-installations
live	sculptural-work	hinwil	1077	Hinwil	1652	rgsmoothgallery	2766	fileadmin/s-maj/images/BilderMaja/2023Hinwil/Hinwil-18.jpeg	live/sculptural-work/hinwil/Hinwil-18.jpeg	be5477241dff4ce9545def0957c4c4f4d7f38fe1cf30ce17c32741483e544d49	282106	True	sculptures-or-installations
live	sculptural-work	hinwil	1077	Hinwil	1652	rgsmoothgallery	2765	fileadmin/s-maj/images/BilderMaja/2023Hinwil/Hinwil-19.jpeg	live/sculptural-work/hinwil/Hinwil-19.jpeg	40bb44798f0f3d31681edbac99a5e62256f9cbd7c3810bcceb671f4274f8114c	280911	True	sculptures-or-installations
live	sculptural-work	hinwil	1077	Hinwil	1652	rgsmoothgallery	2758	fileadmin/s-maj/images/BilderMaja/2023Hinwil/Hinwil-11.jpg	live/sculptural-work/hinwil/Hinwil-11.jpg	870ceabafa6ea13fff6111f16974733c51bb9849cd90c9e246a301d8876812c0	407399	True	sculptures-or-installations
live	sculptural-work	hinwil	1077	Hinwil	1652	rgsmoothgallery	2757	fileadmin/s-maj/images/BilderMaja/2023Hinwil/Hinwil-10.jpeg	live/sculptural-work/hinwil/Hinwil-10.jpeg	8e76a32c45bed5547ec23fcb6e4aa65363a7f6de954d419fbc46cdb6361c5674	313207	True	sculptures-or-installations
live	sculptural-work	hinwil	1077	Hinwil	1652	rgsmoothgallery	2763	fileadmin/s-maj/images/BilderMaja/2023Hinwil/Hinwil-16.jpeg	live/sculptural-work/hinwil/Hinwil-16.jpeg	27ec6fceddba83efe5c399a201e6e05c20edf6390069cd7a3de23c58507eed11	261094	True	sculptures-or-installations
live	sculptural-work	hinwil	1077	Hinwil	1652	rgsmoothgallery	2762	fileadmin/s-maj/images/BilderMaja/2023Hinwil/Hinwil-15.jpg	live/sculptural-work/hinwil/Hinwil-15.jpg	3449fbc5d5ea41f632f841d6b3b7c292bd479363d0baea90c8faf95fa1cc8107	341863	True	sculptures-or-installations
live	sculptural-work	hinwil	1077	Hinwil	1652	rgsmoothgallery	2756	fileadmin/s-maj/images/BilderMaja/2023Hinwil/Hinwil-09.jpeg	live/sculptural-work/hinwil/Hinwil-09.jpeg	334b7b3e7d02b0a650cd4ada6a4856fd77725907cfe89792ee24bf8e7c9c3184	172639	True	sculptures-or-installations
live	sculptural-work	hinwil	1077	Hinwil	1652	rgsmoothgallery	2755	fileadmin/s-maj/images/BilderMaja/2023Hinwil/Hinwil-08.jpeg	live/sculptural-work/hinwil/Hinwil-08.jpeg	cc2265221661ca4d4d85ac78c6bd7392bd8d6d9ffac704ab8a2a36a73b8c21c1	268523	True	sculptures-or-installations
live	sculptural-work	hinwil	1077	Hinwil	1652	rgsmoothgallery	2761	fileadmin/s-maj/images/BilderMaja/2023Hinwil/Hinwil-14.jpg	live/sculptural-work/hinwil/Hinwil-14.jpg	1a1306aaf5e4c3d3f3f4b76dc4593b48a772098339bdaeb8076da24d7785c60a	367905	True	sculptures-or-installations
live	sculptural-work	hinwil	1077	Hinwil	1652	rgsmoothgallery	2760	fileadmin/s-maj/images/BilderMaja/2023Hinwil/Hinwil-13.jpeg	live/sculptural-work/hinwil/Hinwil-13.jpeg	36a87433de6b8e3c764eb12804f411d6e3b3350a3047d8214a367c8647048f9a	225316	True	sculptures-or-installations
live	sculptural-work	hinwil	1077	Hinwil	1652	rgsmoothgallery	2754	fileadmin/s-maj/images/BilderMaja/2023Hinwil/Hinwil-07.jpg	live/sculptural-work/hinwil/Hinwil-07.jpg	d7047c1da662f1d386e9065036b4b1b16afd411c193afab518092e1b16bf1498	578417	True	sculptures-or-installations
live	sculptural-work	hinwil	1077	Hinwil	1652	rgsmoothgallery	2759	fileadmin/s-maj/images/BilderMaja/2023Hinwil/Hinwil-12.jpeg	live/sculptural-work/hinwil/Hinwil-12.jpeg	ed638e3264f5e422f1ce9cfe419ecc547e6fcf6d6b064080ae88e0b22aeb2435	266000	True	sculptures-or-installations
live	sculptural-work	hinwil	1077	Hinwil	1652	rgsmoothgallery	2753	fileadmin/s-maj/images/BilderMaja/2023Hinwil/Hinwil-06.jpg	live/sculptural-work/hinwil/Hinwil-06.jpg	f7d0a1d04872be9b342bdc115ba99ad94910bdb4d752e1bc20a21402138ab268	404141	True	sculptures-or-installations
live	sculptural-work	hinwil	1077	Hinwil	1652	rgsmoothgallery	2752	fileadmin/s-maj/images/BilderMaja/2023Hinwil/Hinwil-05.jpg	live/sculptural-work/hinwil/Hinwil-05.jpg	0036df15183090aac7323cb2766839807056ef4c1bd559203d78425d027b4ded	377535	True	sculptures-or-installations
live	sculptural-work	hinwil	1077	Hinwil	1652	rgsmoothgallery	2751	fileadmin/s-maj/images/BilderMaja/2023Hinwil/Hinwil-04.jpg	live/sculptural-work/hinwil/Hinwil-04.jpg	c905c84d3425dfb8709d31dc4fcac9a06125ac265427b37684a7139021ed9c4e	410998	True	sculptures-or-installations
live	sculptural-work	hinwil	1077	Hinwil	1652	rgsmoothgallery	2750	fileadmin/s-maj/images/BilderMaja/2023Hinwil/Hinwil-03.jpg	live/sculptural-work/hinwil/Hinwil-03.jpg	8d8d1a44e560c08a36faad43fb0bc9351a8afe02554b7a8c5684ea631a2c875d	292920	True	sculptures-or-installations
live	sculptural-work	hinwil	1077	Hinwil	1652	rgsmoothgallery	2749	fileadmin/s-maj/images/BilderMaja/2023Hinwil/Hinwil-02.jpg	live/sculptural-work/hinwil/Hinwil-02.jpg	fa16428375ae02aed8d0fa2c0cf23db888e874cbd2a0413553dca16040e35b15	296650	True	sculptures-or-installations
live	sculptural-work	hinwil	1077	Hinwil	1652	rgsmoothgallery	2748	fileadmin/s-maj/images/BilderMaja/2023Hinwil/Hinwil-01.jpeg	live/sculptural-work/hinwil/Hinwil-01.jpeg	87709fff897c68c7f46a1d0f671bb21fa79270fa601fc1d40120625466b995aa	365419	True	sculptures-or-installations
hidden	collaborations	metal-group-xix	1078	Metal Group XIX	1655	rgsmoothgallery	1252	fileadmin/s-maj/images/BilderMaja/1995EurokotXiX/eurokot6.jpg	hidden/collaborations/metal-group-xix/eurokot6.jpg	1def522a438942cc39e509131f3e1a6ca0f5b7ba16ea42cd76ac2e49315c1148	176988	True	UNMAPPED
hidden	collaborations	metal-group-xix	1078	Metal Group XIX	1655	rgsmoothgallery	1257	fileadmin/s-maj/images/BilderMaja/1995EurokotXiX/eurokot8.jpg	hidden/collaborations/metal-group-xix/eurokot8.jpg	b272ad91c8cc93755c35ab8a9ec10e23d48661e16493b1e7c1215b07517a8a4f	196638	True	UNMAPPED
hidden	collaborations	metal-group-xix	1078	Metal Group XIX	1655	rgsmoothgallery	1245	fileadmin/s-maj/images/BilderMaja/1995EurokotXiX/eisen3.jpg	hidden/collaborations/metal-group-xix/eisen3.jpg	c070358abeb386057ea88cfd54c9dfe834de001cf8f11f309df0cf6a801f0c3b	583326	True	UNMAPPED
hidden	collaborations	metal-group-xix	1078	Metal Group XIX	1655	rgsmoothgallery	1258	fileadmin/s-maj/images/BilderMaja/1995EurokotXiX/eurokot29_var.jpg	hidden/collaborations/metal-group-xix/eurokot29_var.jpg	a96d81a89866567082478e979bc94c2b4ce2baa91a13d6808874e3215c9abb84	160679	True	UNMAPPED
hidden	collaborations	metal-group-xix	1078	Metal Group XIX	1655	rgsmoothgallery	1255	fileadmin/s-maj/images/BilderMaja/1995EurokotXiX/eurokot4.jpg	hidden/collaborations/metal-group-xix/eurokot4.jpg	221cc3e85507ca61c8284c15a250df2c01d4030789b2edfe91fdca87cc02245e	143531	True	UNMAPPED
hidden	collaborations	metal-group-xix	1078	Metal Group XIX	1655	rgsmoothgallery	1246	fileadmin/s-maj/images/BilderMaja/1995EurokotXiX/eurokot5.jpg	hidden/collaborations/metal-group-xix/eurokot5.jpg	2e6ae73ac55ff92a21879ee2c7d1d8051da99ad68bc24c429f5059ca3da4a727	131756	True	UNMAPPED
hidden	collaborations	metal-group-xix	1078	Metal Group XIX	1655	rgsmoothgallery	1249	fileadmin/s-maj/images/BilderMaja/1995EurokotXiX/eurokot15.jpg	hidden/collaborations/metal-group-xix/eurokot15.jpg	591547be4e06e39969de1e62fd37576a8563f339c86d801f8e66983d7d913c28	236774	True	UNMAPPED
hidden	collaborations	metal-group-xix	1078	Metal Group XIX	1655	rgsmoothgallery	1253	fileadmin/s-maj/images/BilderMaja/1995EurokotXiX/eisen6.jpg	hidden/collaborations/metal-group-xix/eisen6.jpg	3e41da31c3f79c94663e54c4a21ebb50b10b67a5738fd814ca74735ce4ace416	127294	True	UNMAPPED
hidden	collaborations	metal-group-xix	1078	Metal Group XIX	1655	rgsmoothgallery	1318	fileadmin/s-maj/images/BilderMaja/1996EurokonXiX/nagelskizzebe.jpg	hidden/collaborations/metal-group-xix/nagelskizzebe.jpg	a2ae2c948bbea3affd5145f84e692ba82ae79f7f7ae38437510781cd188ba3c3	189452	True	UNMAPPED
hidden	collaborations	metal-group-xix	1078	Metal Group XIX	1655	rgsmoothgallery	1324	fileadmin/s-maj/images/BilderMaja/1996EurokonXiX/nailedview.jpg	hidden/collaborations/metal-group-xix/nailedview.jpg	372d86315ec5f61a529c54a1930f5536ebe5371e0f509b4af4994d74b3985737	177992	True	UNMAPPED
hidden	collaborations	metal-group-xix	1078	Metal Group XIX	1655	rgsmoothgallery	1323	fileadmin/s-maj/images/BilderMaja/1996EurokonXiX/nailedtanks1org.jpg	hidden/collaborations/metal-group-xix/nailedtanks1org.jpg	1d2014f9e3af46f26c68652b6d0c04278cc20621b17150de66ed9416f1b40260	175359	True	UNMAPPED
hidden	collaborations	metal-group-xix	1078	Metal Group XIX	1655	rgsmoothgallery	1339	fileadmin/s-maj/images/BilderMaja/1996EurokonXiX/nailedTanks2org.jpg	hidden/collaborations/metal-group-xix/nailedTanks2org.jpg	267c56e82fc73f2a297d330e21aba7c7c3c2bf14b4da31f444105fc23d87e528	166862	True	UNMAPPED
hidden	collaborations	metal-group-xix	1078	Metal Group XIX	1655	rgsmoothgallery	1335	fileadmin/s-maj/images/BilderMaja/1996EurokonXiX/nailedtanks3org.jpg	hidden/collaborations/metal-group-xix/nailedtanks3org.jpg	b4e9e1619f405b51f154dc32a57cca3a0542c70fadcc97b0ee04305a38fb2985	178136	True	UNMAPPED
hidden	collaborations	metal-group-xix	1078	Metal Group XIX	1655	rgsmoothgallery	1340	fileadmin/s-maj/images/BilderMaja/1996EurokonXiX/nailedtank.jpg	hidden/collaborations/metal-group-xix/nailedtank.jpg	79d3ce2e929d10ead91d9c8aae23246c6a45ba82265fd3d52c5441ebe7eb0028	177168	True	UNMAPPED
hidden	collaborations	metal-group-xix	1078	Metal Group XIX	1655	rgsmoothgallery	1329	fileadmin/s-maj/images/BilderMaja/1996EurokonXiX/nailedliegend.jpg	hidden/collaborations/metal-group-xix/nailedliegend.jpg	6eb75ecf03233ab3ddb81576f952ac30d3ac56bb3cc3bc16830f378b01634b7d	283819	True	UNMAPPED
hidden	collaborations	metal-group-xix	1078	Metal Group XIX	1655	rgsmoothgallery	1330	fileadmin/s-maj/images/BilderMaja/1996EurokonXiX/rumaschinenperf.jpg	hidden/collaborations/metal-group-xix/rumaschinenperf.jpg	ca4f4a442fda8a98696feb8e81a28b4ebce3d00f2f1feba5ad5f77453eef4a1f	121449	True	UNMAPPED
hidden	collaborations	metal-group-xix	1078	Metal Group XIX	1655	rgsmoothgallery	1326	fileadmin/s-maj/images/BilderMaja/1996EurokonXiX/11torso.jpg	hidden/collaborations/metal-group-xix/11torso.jpg	d980e00e0921806483e9eaf927ef434d3ba2648d81edd24212c0ec33d9eba9bf	172761	True	UNMAPPED
hidden	collaborations	metal-group-xix	1078	Metal Group XIX	1655	rgsmoothgallery	1338	fileadmin/s-maj/images/BilderMaja/1996EurokonXiX/6Torso.jpg	hidden/collaborations/metal-group-xix/6Torso.jpg	2489d5a796ecf8f2021ba40dd7c082b587d069bc3d083576b9330a354ef17b60	143477	True	UNMAPPED
hidden	collaborations	metal-group-xix	1078	Metal Group XIX	1655	rgsmoothgallery	1342	fileadmin/s-maj/images/BilderMaja/1996EurokonXiX/5Torso.jpg	hidden/collaborations/metal-group-xix/5Torso.jpg	d2d27c82fd4518487d47c6bdb1d9bc535c68ed034c451c108392009d1ebf7519	114157	True	UNMAPPED
hidden	collaborations	metal-group-xix	1078	Metal Group XIX	1655	rgsmoothgallery	1314	fileadmin/s-maj/images/BilderMaja/1996EurokonXiX/15torsokran.jpg	hidden/collaborations/metal-group-xix/15torsokran.jpg	341c7a114084100dfb8459f9d595112f49dae0509dae6edbcffbcadfb9e96565	138445	True	UNMAPPED
hidden	collaborations	metal-group-xix	1078	Metal Group XIX	1655	rgsmoothgallery	1322	fileadmin/s-maj/images/BilderMaja/1996EurokonXiX/10Torso.jpg	hidden/collaborations/metal-group-xix/10Torso.jpg	7112afcaaecce388d9bb531d3884097397b4d335d612a39f204e4de00f63145f	129453	True	UNMAPPED
hidden	collaborations	metal-group-xix	1078	Metal Group XIX	1655	rgsmoothgallery	1337	fileadmin/s-maj/images/BilderMaja/1996EurokonXiX/8Torso.jpg	hidden/collaborations/metal-group-xix/8Torso.jpg	fe2764ee47d3b044d9b0d44f419d9677e27026b45c808a175d9702891eef632f	165654	True	UNMAPPED
hidden	collaborations	metal-group-xix	1078	Metal Group XIX	1655	rgsmoothgallery	1331	fileadmin/s-maj/images/BilderMaja/1996EurokonXiX/7Torso.jpg	hidden/collaborations/metal-group-xix/7Torso.jpg	ad20b70242d57fe5ceb34ef9cf4ca813941b74943220664174495edb9a0ee3b6	141767	True	UNMAPPED
hidden	collaborations	metal-group-xix	1078	Metal Group XIX	1655	rgsmoothgallery	1320	fileadmin/s-maj/images/BilderMaja/1996EurokonXiX/4torso.jpg	hidden/collaborations/metal-group-xix/4torso.jpg	817834361543e19968334277510ea1f1c803babedfdc753b30c83546f565e75b	210326	True	UNMAPPED
hidden	collaborations	metal-group-xix	1078	Metal Group XIX	1655	rgsmoothgallery	1332	fileadmin/s-maj/images/BilderMaja/1996EurokonXiX/arbeit.jpg	hidden/collaborations/metal-group-xix/arbeit.jpg	9377cd34834b74c435804128e01fe5ec02c9df5beea3af941198dec1b18243d2	168806	True	UNMAPPED
hidden	collaborations	metal-group-xix	1078	Metal Group XIX	1655	rgsmoothgallery	1316	fileadmin/s-maj/images/BilderMaja/1996EurokonXiX/ruadler.jpg	hidden/collaborations/metal-group-xix/ruadler.jpg	03ac7c0345b57864536e5e142b203a53906a57d4cef5cd615148cc6991352afe	147553	True	UNMAPPED
hidden	collaborations	metal-group-xix	1078	Metal Group XIX	1655	rgsmoothgallery	1319	fileadmin/s-maj/images/BilderMaja/1996EurokonXiX/novo2.jpg	hidden/collaborations/metal-group-xix/novo2.jpg	77155e6b863e141b530f93062edebda55163d3704c93b5e607606948955a4055	189440	True	UNMAPPED
hidden	collaborations	metal-group-xix	1078	Metal Group XIX	1655	rgsmoothgallery	1341	fileadmin/s-maj/images/BilderMaja/1996EurokonXiX/NovoEagle.jpg	hidden/collaborations/metal-group-xix/NovoEagle.jpg	d58bb48aee488140a2f47cb2c22f4cd98b87a58711ed64d6cd06185aadf9248c	114602	True	UNMAPPED
hidden	collaborations	metal-group-xix	1078	Metal Group XIX	1655	rgsmoothgallery	1336	fileadmin/s-maj/images/BilderMaja/1996EurokonXiX/1Eagle.jpg	hidden/collaborations/metal-group-xix/1Eagle.jpg	f97ec352edbc605f6545ae8576f52a38fdb81a80bc00cf3ac25bc9b2a0b7ce47	125381	True	UNMAPPED
hidden	collaborations	metal-group-xix	1078	Metal Group XIX	1655	rgsmoothgallery	1315	fileadmin/s-maj/images/BilderMaja/1996EurokonXiX/adler1.jpg	hidden/collaborations/metal-group-xix/adler1.jpg	abc6472c85b43b27f6e95a6967438b46253183c3e2f32014e96a263187246b62	296363	True	UNMAPPED
hidden	collaborations	metal-group-xix	1078	Metal Group XIX	1655	rgsmoothgallery	1328	fileadmin/s-maj/images/BilderMaja/1996EurokonXiX/NovoExpo.jpg	hidden/collaborations/metal-group-xix/NovoExpo.jpg	010e425280853adab7cc03dfd6025f67dc6708e556efac13d3fae9a386391289	180113	True	UNMAPPED
hidden	collaborations	metal-group-xix	1078	Metal Group XIX	1655	rgsmoothgallery	1222	fileadmin/s-maj/images/BilderMaja/1997Xix/zoom8.jpg	hidden/collaborations/metal-group-xix/zoom8.jpg	939a793a376ee11be2ec8cec038c52686e9cfc7705296a1811a3741c9d39305b	134991	True	UNMAPPED
hidden	collaborations	metal-group-xix	1078	Metal Group XIX	1655	rgsmoothgallery	1234	fileadmin/s-maj/images/BilderMaja/1997Xix/sennhofbartotale.jpg	hidden/collaborations/metal-group-xix/sennhofbartotale.jpg	dd082f1c4913e7e30658d07c65750ea0cbdce336ba90f3585bd050135e68a10d	508388	True	UNMAPPED
hidden	collaborations	metal-group-xix	1078	Metal Group XIX	1655	rgsmoothgallery	1231	fileadmin/s-maj/images/BilderMaja/1997Xix/sennhofbar1.jpg	hidden/collaborations/metal-group-xix/sennhofbar1.jpg	965cce1f8bf1015adddc3b0e9a23e692affa720e59a4ff6f0906667f2cf7f924	1017615	True	UNMAPPED
hidden	collaborations	metal-group-xix	1078	Metal Group XIX	1655	rgsmoothgallery	1233	fileadmin/s-maj/images/BilderMaja/1997Xix/Sennhof2.jpg	hidden/collaborations/metal-group-xix/Sennhof2.jpg	47dd4a24337f7a206a875bd9955e0f5a320287664b8efdfe3528fe3b003725f2	102747	True	UNMAPPED
hidden	collaborations	metal-group-xix	1078	Metal Group XIX	1655	rgsmoothgallery	1235	fileadmin/s-maj/images/BilderMaja/1997Xix/sennhof6s_w.jpg	hidden/collaborations/metal-group-xix/sennhof6s_w.jpg	7d651b6de02d1e66d841ddc8a1e3d9f3f52a4cc6c00e7256dd924cc4650a352d	106649	True	UNMAPPED
hidden	collaborations	metal-group-xix	1078	Metal Group XIX	1655	rgsmoothgallery	1228	fileadmin/s-maj/images/BilderMaja/1997Xix/sennhof5sw.jpg	hidden/collaborations/metal-group-xix/sennhof5sw.jpg	3d31b1a5223eedcbae82c36a229bd29767931354e691c3672ef00e87c2dd8928	107231	True	UNMAPPED
hidden	collaborations	metal-group-xix	1078	Metal Group XIX	1655	rgsmoothgallery	1224	fileadmin/s-maj/images/BilderMaja/1997Xix/zoom7.jpg	hidden/collaborations/metal-group-xix/zoom7.jpg	f788b5a7a7906924fdbe4e281795a21f998555112a1cba552b3397424c5c9bdd	224746	True	UNMAPPED
hidden	collaborations	metal-group-xix	1078	Metal Group XIX	1655	rgsmoothgallery	1230	fileadmin/s-maj/images/BilderMaja/1997Xix/zoom6.jpg	hidden/collaborations/metal-group-xix/zoom6.jpg	f2451a332a2e59fa2a92aa8fd944d18fe0ab1ba82362d35af58855de2e4f0563	219787	True	UNMAPPED
hidden	collaborations	metal-group-xix	1078	Metal Group XIX	1655	rgsmoothgallery	1221	fileadmin/s-maj/images/BilderMaja/1997Xix/zoom2.jpg	hidden/collaborations/metal-group-xix/zoom2.jpg	9e663fa5507576a92f9bc3f9b9ae0f9acff1785859d508fa79c3befd1deb97ed	258232	True	UNMAPPED
hidden	collaborations	metal-group-xix	1078	Metal Group XIX	1655	rgsmoothgallery	1216	fileadmin/s-maj/images/BilderMaja/1997Xix/zoom3.jpg	hidden/collaborations/metal-group-xix/zoom3.jpg	6d3029be12d0001e4a869911226939e2e518cf467089cd5e75689b8a08884580	230009	True	UNMAPPED
hidden	collaborations	metal-group-xix	1078	Metal Group XIX	1655	rgsmoothgallery	1220	fileadmin/s-maj/images/BilderMaja/1997Xix/zoom5.jpg	hidden/collaborations/metal-group-xix/zoom5.jpg	9e36663a471868b6eb57c650aa0de6166eebf21a2f89e3d3e7c65fb4e15a31b6	198184	True	UNMAPPED
hidden	collaborations	metal-group-xix	1078	Metal Group XIX	1655	rgsmoothgallery	1229	fileadmin/s-maj/images/BilderMaja/1997Xix/zoom4.jpg	hidden/collaborations/metal-group-xix/zoom4.jpg	2971790ed43de55f3f197b05523fca3625b0d6f24280ea2a6230e730a94dd2ce	238244	True	UNMAPPED
hidden	collaborations	metal-group-xix	1078	Metal Group XIX	1655	rgsmoothgallery	1223	fileadmin/s-maj/images/BilderMaja/1997Xix/zoom10.jpg	hidden/collaborations/metal-group-xix/zoom10.jpg	e8e3b011bcdb8a969d788108fb182dc8d27340736ca14a832f554efe0b9f8949	248063	True	UNMAPPED
hidden	collaborations	metal-group-xix	1078	Metal Group XIX	1655	rgsmoothgallery	1217	fileadmin/s-maj/images/BilderMaja/1997Xix/xixbar55.jpg	hidden/collaborations/metal-group-xix/xixbar55.jpg	ca28372136a62d84ab98e15c92f779b9de1cf3ba791d3e0956c467d2fc6e20fe	86346	True	UNMAPPED
hidden	collaborations	metal-group-xix	1078	Metal Group XIX	1655	rgsmoothgallery	1218	fileadmin/s-maj/images/BilderMaja/1997Xix/sennhofbar2.jpg	hidden/collaborations/metal-group-xix/sennhofbar2.jpg	ba844e8eff6794398434463be82d264843d353903a91e25d0b0cfa4339fcaaf7	435867	True	UNMAPPED
deleted	sculptural-work	sennhof	1079	sennhof	1657	rgsmoothgallery	2632	fileadmin/s-maj/images/BilderMaja/2020_Affenhorde/affe_s_-31.jpg	deleted/sculptural-work/sennhof/affe_s_-31.jpg	0910d256fba3c6f71cfc5b47ed6987f5431276cdaa448d2d24e8817e9c108007	340389	True	sculptures-or-installations
deleted	sculptural-work	sennhof	1079	sennhof	1657	rgsmoothgallery	2613	fileadmin/s-maj/images/BilderMaja/2020_Affenhorde/affe_s_-2.jpg	deleted/sculptural-work/sennhof/affe_s_-2.jpg	1de10de408f812437324501827286cabbb30e360c4c110ec4ce47ff959991a75	130063	True	sculptures-or-installations
deleted	sculptural-work	sennhof	1079	sennhof	1657	rgsmoothgallery	2625	fileadmin/s-maj/images/BilderMaja/2020_Affenhorde/affe_s_-24.jpg	deleted/sculptural-work/sennhof/affe_s_-24.jpg	b5f602ca1aeadd7dbf49f2afc8f1760f15d9ffc60a80caa0b8570d8c508dd76d	116880	True	sculptures-or-installations
deleted	sculptural-work	sennhof	1079	sennhof	1657	rgsmoothgallery	2612	fileadmin/s-maj/images/BilderMaja/2020_Affenhorde/affe_s_-1.jpg	deleted/sculptural-work/sennhof/affe_s_-1.jpg	476f38016b925df3be210267f1dc49496b03ab716ded60db2fbe5a359840c23c	193763	True	sculptures-or-installations
deleted	sculptural-work	sennhof	1079	sennhof	1657	rgsmoothgallery	2624	fileadmin/s-maj/images/BilderMaja/2020_Affenhorde/affe_s_-23.jpg	deleted/sculptural-work/sennhof/affe_s_-23.jpg	7369373bce95cbb2e80aa9b1cd4c2a2f49066806842d799f98b65387c9364b33	337744	True	sculptures-or-installations
deleted	sculptural-work	sennhof	1079	sennhof	1657	rgsmoothgallery	2623	fileadmin/s-maj/images/BilderMaja/2020_Affenhorde/affe_s_-22.jpg	deleted/sculptural-work/sennhof/affe_s_-22.jpg	09ed08171e7b1bca8bf026fc463911d45cb2aff29f89f8819037a866e50d3d85	316423	True	sculptures-or-installations
deleted	sculptural-work	sennhof	1079	sennhof	1657	rgsmoothgallery	2634	fileadmin/s-maj/images/BilderMaja/2020_Affenhorde/affe_s_-33.jpg	deleted/sculptural-work/sennhof/affe_s_-33.jpg	b1f7a2e8f7f452bb56c90117915f61b49d97c0375749303a4f8967709f6bf8cc	354980	True	sculptures-or-installations
deleted	sculptural-work	sennhof	1079	sennhof	1657	rgsmoothgallery	2628	fileadmin/s-maj/images/BilderMaja/2020_Affenhorde/affe_s_-27.jpg	deleted/sculptural-work/sennhof/affe_s_-27.jpg	0af21a8033dcf32165bb4cb0550c1de1756b4272bf522bd78af53dfe3cafba70	227713	True	sculptures-or-installations
deleted	sculptural-work	sennhof	1079	sennhof	1657	rgsmoothgallery	2617	fileadmin/s-maj/images/BilderMaja/2020_Affenhorde/affe_s_-6.JPG	deleted/sculptural-work/sennhof/affe_s_-6.JPG	e444d58ca54f2a51d504a8e3b09d4d8215603f75b63a8583d644b9c23403777a	212396	True	sculptures-or-installations
deleted	sculptural-work	sennhof	1079	sennhof	1657	rgsmoothgallery	2633	fileadmin/s-maj/images/BilderMaja/2020_Affenhorde/affe_s_-32.jpg	deleted/sculptural-work/sennhof/affe_s_-32.jpg	43da111c827c66a19638368a14c4e2b2b5f9b1a7f59d08f28f973facee1708e3	173057	True	sculptures-or-installations
deleted	sculptural-work	sennhof	1079	sennhof	1657	rgsmoothgallery	2629	fileadmin/s-maj/images/BilderMaja/2020_Affenhorde/affe_s_-28.JPG	deleted/sculptural-work/sennhof/affe_s_-28.JPG	6a973c86713630a1084fcae95fe20465f9b75d229d1add9deecf04bc4dfadd92	158315	True	sculptures-or-installations
deleted	sculptural-work	sennhof	1079	sennhof	1657	rgsmoothgallery	2626	fileadmin/s-maj/images/BilderMaja/2020_Affenhorde/affe_s_-25.JPG	deleted/sculptural-work/sennhof/affe_s_-25.JPG	145c2bad2b44a5dcdd43ac0d9440e63a4acb36252601ec56983a45419e22ad75	193021	True	sculptures-or-installations
deleted	sculptural-work	sennhof	1079	sennhof	1657	rgsmoothgallery	2627	fileadmin/s-maj/images/BilderMaja/2020_Affenhorde/affe_s_-26.JPG	deleted/sculptural-work/sennhof/affe_s_-26.JPG	e6e02913d44415ff347bd4121377117ccbef855b58ac82f28321f3989aed0292	200542	True	sculptures-or-installations
deleted	sculptural-work	sennhof	1079	sennhof	1657	rgsmoothgallery	2630	fileadmin/s-maj/images/BilderMaja/2020_Affenhorde/affe_s_-29.JPG	deleted/sculptural-work/sennhof/affe_s_-29.JPG	b48f9af80c241039b2e1a01b0b189f574edf1f177bed2acf10b2b8e2be168b1d	178441	True	sculptures-or-installations
deleted	sculptural-work	sennhof	1079	sennhof	1657	rgsmoothgallery	2614	fileadmin/s-maj/images/BilderMaja/2020_Affenhorde/affe_s_-3.JPG	deleted/sculptural-work/sennhof/affe_s_-3.JPG	d9772813d64ad56dd3f30730c88c97997bab03f82d32a02fc70aee705779f9d0	161390	True	sculptures-or-installations
deleted	sculptural-work	sennhof	1079	sennhof	1657	rgsmoothgallery	2615	fileadmin/s-maj/images/BilderMaja/2020_Affenhorde/affe_s_-4.JPG	deleted/sculptural-work/sennhof/affe_s_-4.JPG	a6eef1f786652e7e260c0cf4451142a94baa2d28e2784a6ffd1d41092f40f5c6	150959	True	sculptures-or-installations
deleted	sculptural-work	sennhof	1079	sennhof	1657	rgsmoothgallery	2636	fileadmin/s-maj/images/BilderMaja/2020_Affenhorde/affe_s_-35.jpg	deleted/sculptural-work/sennhof/affe_s_-35.jpg	49666998f2cab43475ceb9200c76299a69c46e90293e25efac13a7817476fbde	317582	True	sculptures-or-installations
deleted	sculptural-work	sennhof	1079	sennhof	1657	rgsmoothgallery	2635	fileadmin/s-maj/images/BilderMaja/2020_Affenhorde/affe_s_-34.jpg	deleted/sculptural-work/sennhof/affe_s_-34.jpg	f09a3daccc13c3024ca42e7e35dbd3d1b493bab251a0bd23c29f1b20c93a9824	191251	True	sculptures-or-installations
deleted	sculptural-work	sennhof	1079	sennhof	1657	rgsmoothgallery	2637	fileadmin/s-maj/images/BilderMaja/2020_Affenhorde/Rauschen_statt_Lauschen_Flyer.jpeg	deleted/sculptural-work/sennhof/Rauschen_statt_Lauschen_Flyer.jpeg	c09805c3f381628cd8418f45a3af4f71b83e3d193cfd2f053f25409d02a6cfde	289926	True	sculptures-or-installations
deleted	sculptural-work	sennhof	1079	sennhof	1657	rgsmoothgallery	2723	fileadmin/s-maj/images/BilderMaja/2022_Affenbande/IMG_1351.jpg	deleted/sculptural-work/sennhof/IMG_1351.jpg	209a3d5aa967ea35915da010a8749888c08872143ef6fc7165a3529e6660055b	329864	True	sculptures-or-installations
deleted	sculptural-work	sennhof	1079	sennhof	1657	rgsmoothgallery	2739	fileadmin/s-maj/images/BilderMaja/2022_Affenbande/P1040416_2.jpg	deleted/sculptural-work/sennhof/P1040416_2.jpg	a51012210e16524f078472f812a0695309681ce6060e55a44f335030e91a06a0	288744	True	sculptures-or-installations
deleted	sculptural-work	sennhof	1079	sennhof	1657	rgsmoothgallery	2740	fileadmin/s-maj/images/BilderMaja/2022_Affenbande/P1040425_2.jpg	deleted/sculptural-work/sennhof/P1040425_2.jpg	20288c719c23d0861ef10b69e6a2a1385998e00649e8857582bcbdb422e543c1	506350	True	sculptures-or-installations
deleted	sculptural-work	sennhof	1079	sennhof	1657	rgsmoothgallery	2741	fileadmin/s-maj/images/BilderMaja/2022_Affenbande/P1040435_2.jpg	deleted/sculptural-work/sennhof/P1040435_2.jpg	e07985a311543d2785e03a3e2bea01dbd7f7c6024bff3538f2013ac03c5a14a5	556953	True	sculptures-or-installations
deleted	sculptural-work	sennhof	1079	sennhof	1657	rgsmoothgallery	2742	fileadmin/s-maj/images/BilderMaja/2022_Affenbande/P1040438_2.jpg	deleted/sculptural-work/sennhof/P1040438_2.jpg	60cc0f764eca6c8771d8186272725da4c6a96ebd4cc5c8c8a2ed0402bfd58184	477790	True	sculptures-or-installations
deleted	sculptural-work	sennhof	1079	sennhof	1657	rgsmoothgallery	2724	fileadmin/s-maj/images/BilderMaja/2022_Affenbande/IMG_2561.jpg	deleted/sculptural-work/sennhof/IMG_2561.jpg	cb842e84a71c4f539a76b27a1cb4876a89043e807a1f6eb79c50f19a33e50701	366133	True	sculptures-or-installations
deleted	sculptural-work	sennhof	1079	sennhof	1657	rgsmoothgallery	2725	fileadmin/s-maj/images/BilderMaja/2022_Affenbande/IMG_2562_1.jpg	deleted/sculptural-work/sennhof/IMG_2562_1.jpg	45e251d0dff41db19241ec2ead6619b6930f4e14694dc8aa9ef74671cdc882e7	346659	True	sculptures-or-installations
deleted	sculptural-work	sennhof	1079	sennhof	1657	rgsmoothgallery	2726	fileadmin/s-maj/images/BilderMaja/2022_Affenbande/IMG_2563_2.jpg	deleted/sculptural-work/sennhof/IMG_2563_2.jpg	43f0a43390b3493acdf4881a5a627556899b969a1f65e4eb11bb0e23f47a637a	340521	True	sculptures-or-installations
deleted	sculptural-work	sennhof	1079	sennhof	1657	rgsmoothgallery	2727	fileadmin/s-maj/images/BilderMaja/2022_Affenbande/IMG_2566.jpg	deleted/sculptural-work/sennhof/IMG_2566.jpg	7b1558b2a2d346d52b1ad54c4ed4172f8ece3dea00f5e6d59def9e522b697326	299835	True	sculptures-or-installations
deleted	sculptural-work	sennhof	1079	sennhof	1659	rgsmoothgallery	2748	fileadmin/s-maj/images/BilderMaja/2023Hinwil/Hinwil-01.jpeg	deleted/sculptural-work/sennhof/Hinwil-01.jpeg	87709fff897c68c7f46a1d0f671bb21fa79270fa601fc1d40120625466b995aa	365419	True	sculptures-or-installations
deleted	sculptural-work	sennhof	1079	sennhof	1659	rgsmoothgallery	2749	fileadmin/s-maj/images/BilderMaja/2023Hinwil/Hinwil-02.jpg	deleted/sculptural-work/sennhof/Hinwil-02.jpg	fa16428375ae02aed8d0fa2c0cf23db888e874cbd2a0413553dca16040e35b15	296650	True	sculptures-or-installations
deleted	sculptural-work	sennhof	1079	sennhof	1659	rgsmoothgallery	2750	fileadmin/s-maj/images/BilderMaja/2023Hinwil/Hinwil-03.jpg	deleted/sculptural-work/sennhof/Hinwil-03.jpg	8d8d1a44e560c08a36faad43fb0bc9351a8afe02554b7a8c5684ea631a2c875d	292920	True	sculptures-or-installations
deleted	sculptural-work	sennhof	1079	sennhof	1659	rgsmoothgallery	2751	fileadmin/s-maj/images/BilderMaja/2023Hinwil/Hinwil-04.jpg	deleted/sculptural-work/sennhof/Hinwil-04.jpg	c905c84d3425dfb8709d31dc4fcac9a06125ac265427b37684a7139021ed9c4e	410998	True	sculptures-or-installations
deleted	sculptural-work	sennhof	1079	sennhof	1659	rgsmoothgallery	2752	fileadmin/s-maj/images/BilderMaja/2023Hinwil/Hinwil-05.jpg	deleted/sculptural-work/sennhof/Hinwil-05.jpg	0036df15183090aac7323cb2766839807056ef4c1bd559203d78425d027b4ded	377535	True	sculptures-or-installations
deleted	sculptural-work	sennhof	1079	sennhof	1659	rgsmoothgallery	2753	fileadmin/s-maj/images/BilderMaja/2023Hinwil/Hinwil-06.jpg	deleted/sculptural-work/sennhof/Hinwil-06.jpg	f7d0a1d04872be9b342bdc115ba99ad94910bdb4d752e1bc20a21402138ab268	404141	True	sculptures-or-installations
deleted	sculptural-work	sennhof	1079	sennhof	1659	rgsmoothgallery	2759	fileadmin/s-maj/images/BilderMaja/2023Hinwil/Hinwil-12.jpeg	deleted/sculptural-work/sennhof/Hinwil-12.jpeg	ed638e3264f5e422f1ce9cfe419ecc547e6fcf6d6b064080ae88e0b22aeb2435	266000	True	sculptures-or-installations
deleted	sculptural-work	sennhof	1079	sennhof	1659	rgsmoothgallery	2754	fileadmin/s-maj/images/BilderMaja/2023Hinwil/Hinwil-07.jpg	deleted/sculptural-work/sennhof/Hinwil-07.jpg	d7047c1da662f1d386e9065036b4b1b16afd411c193afab518092e1b16bf1498	578417	True	sculptures-or-installations
deleted	sculptural-work	sennhof	1079	sennhof	1659	rgsmoothgallery	2760	fileadmin/s-maj/images/BilderMaja/2023Hinwil/Hinwil-13.jpeg	deleted/sculptural-work/sennhof/Hinwil-13.jpeg	36a87433de6b8e3c764eb12804f411d6e3b3350a3047d8214a367c8647048f9a	225316	True	sculptures-or-installations
deleted	sculptural-work	sennhof	1079	sennhof	1659	rgsmoothgallery	2761	fileadmin/s-maj/images/BilderMaja/2023Hinwil/Hinwil-14.jpg	deleted/sculptural-work/sennhof/Hinwil-14.jpg	1a1306aaf5e4c3d3f3f4b76dc4593b48a772098339bdaeb8076da24d7785c60a	367905	True	sculptures-or-installations
deleted	sculptural-work	sennhof	1079	sennhof	1659	rgsmoothgallery	2755	fileadmin/s-maj/images/BilderMaja/2023Hinwil/Hinwil-08.jpeg	deleted/sculptural-work/sennhof/Hinwil-08.jpeg	cc2265221661ca4d4d85ac78c6bd7392bd8d6d9ffac704ab8a2a36a73b8c21c1	268523	True	sculptures-or-installations
deleted	sculptural-work	sennhof	1079	sennhof	1659	rgsmoothgallery	2756	fileadmin/s-maj/images/BilderMaja/2023Hinwil/Hinwil-09.jpeg	deleted/sculptural-work/sennhof/Hinwil-09.jpeg	334b7b3e7d02b0a650cd4ada6a4856fd77725907cfe89792ee24bf8e7c9c3184	172639	True	sculptures-or-installations
deleted	sculptural-work	sennhof	1079	sennhof	1659	rgsmoothgallery	2762	fileadmin/s-maj/images/BilderMaja/2023Hinwil/Hinwil-15.jpg	deleted/sculptural-work/sennhof/Hinwil-15.jpg	3449fbc5d5ea41f632f841d6b3b7c292bd479363d0baea90c8faf95fa1cc8107	341863	True	sculptures-or-installations
deleted	sculptural-work	sennhof	1079	sennhof	1659	rgsmoothgallery	2763	fileadmin/s-maj/images/BilderMaja/2023Hinwil/Hinwil-16.jpeg	deleted/sculptural-work/sennhof/Hinwil-16.jpeg	27ec6fceddba83efe5c399a201e6e05c20edf6390069cd7a3de23c58507eed11	261094	True	sculptures-or-installations
deleted	sculptural-work	sennhof	1079	sennhof	1659	rgsmoothgallery	2757	fileadmin/s-maj/images/BilderMaja/2023Hinwil/Hinwil-10.jpeg	deleted/sculptural-work/sennhof/Hinwil-10.jpeg	8e76a32c45bed5547ec23fcb6e4aa65363a7f6de954d419fbc46cdb6361c5674	313207	True	sculptures-or-installations
deleted	sculptural-work	sennhof	1079	sennhof	1659	rgsmoothgallery	2758	fileadmin/s-maj/images/BilderMaja/2023Hinwil/Hinwil-11.jpg	deleted/sculptural-work/sennhof/Hinwil-11.jpg	870ceabafa6ea13fff6111f16974733c51bb9849cd90c9e246a301d8876812c0	407399	True	sculptures-or-installations
deleted	sculptural-work	sennhof	1079	sennhof	1659	rgsmoothgallery	2765	fileadmin/s-maj/images/BilderMaja/2023Hinwil/Hinwil-19.jpeg	deleted/sculptural-work/sennhof/Hinwil-19.jpeg	40bb44798f0f3d31681edbac99a5e62256f9cbd7c3810bcceb671f4274f8114c	280911	True	sculptures-or-installations
deleted	sculptural-work	sennhof	1079	sennhof	1659	rgsmoothgallery	2766	fileadmin/s-maj/images/BilderMaja/2023Hinwil/Hinwil-18.jpeg	deleted/sculptural-work/sennhof/Hinwil-18.jpeg	be5477241dff4ce9545def0957c4c4f4d7f38fe1cf30ce17c32741483e544d49	282106	True	sculptures-or-installations
deleted	sculptural-work	sennhof	1079	sennhof	1659	rgsmoothgallery	2767	fileadmin/s-maj/images/BilderMaja/2023Hinwil/Hinwil-20.jpeg	deleted/sculptural-work/sennhof/Hinwil-20.jpeg	da589b1ec81efe506d4876b2488da30834fc211882a782f3b0b69cfa0fd052bb	424891	True	sculptures-or-installations
hidden	sculptural-work	hafenszene	1080	Hafenszene	1661	rgsmoothgallery	2632	fileadmin/s-maj/images/BilderMaja/2020_Affenhorde/affe_s_-31.jpg	hidden/sculptural-work/hafenszene/affe_s_-31.jpg	0910d256fba3c6f71cfc5b47ed6987f5431276cdaa448d2d24e8817e9c108007	340389	True	sculptures-or-installations
hidden	sculptural-work	hafenszene	1080	Hafenszene	1661	rgsmoothgallery	2613	fileadmin/s-maj/images/BilderMaja/2020_Affenhorde/affe_s_-2.jpg	hidden/sculptural-work/hafenszene/affe_s_-2.jpg	1de10de408f812437324501827286cabbb30e360c4c110ec4ce47ff959991a75	130063	True	sculptures-or-installations
hidden	sculptural-work	hafenszene	1080	Hafenszene	1661	rgsmoothgallery	2625	fileadmin/s-maj/images/BilderMaja/2020_Affenhorde/affe_s_-24.jpg	hidden/sculptural-work/hafenszene/affe_s_-24.jpg	b5f602ca1aeadd7dbf49f2afc8f1760f15d9ffc60a80caa0b8570d8c508dd76d	116880	True	sculptures-or-installations
hidden	sculptural-work	hafenszene	1080	Hafenszene	1661	rgsmoothgallery	2612	fileadmin/s-maj/images/BilderMaja/2020_Affenhorde/affe_s_-1.jpg	hidden/sculptural-work/hafenszene/affe_s_-1.jpg	476f38016b925df3be210267f1dc49496b03ab716ded60db2fbe5a359840c23c	193763	True	sculptures-or-installations
hidden	sculptural-work	hafenszene	1080	Hafenszene	1661	rgsmoothgallery	2624	fileadmin/s-maj/images/BilderMaja/2020_Affenhorde/affe_s_-23.jpg	hidden/sculptural-work/hafenszene/affe_s_-23.jpg	7369373bce95cbb2e80aa9b1cd4c2a2f49066806842d799f98b65387c9364b33	337744	True	sculptures-or-installations
hidden	sculptural-work	hafenszene	1080	Hafenszene	1661	rgsmoothgallery	2623	fileadmin/s-maj/images/BilderMaja/2020_Affenhorde/affe_s_-22.jpg	hidden/sculptural-work/hafenszene/affe_s_-22.jpg	09ed08171e7b1bca8bf026fc463911d45cb2aff29f89f8819037a866e50d3d85	316423	True	sculptures-or-installations
hidden	sculptural-work	hafenszene	1080	Hafenszene	1661	rgsmoothgallery	2634	fileadmin/s-maj/images/BilderMaja/2020_Affenhorde/affe_s_-33.jpg	hidden/sculptural-work/hafenszene/affe_s_-33.jpg	b1f7a2e8f7f452bb56c90117915f61b49d97c0375749303a4f8967709f6bf8cc	354980	True	sculptures-or-installations
hidden	sculptural-work	hafenszene	1080	Hafenszene	1661	rgsmoothgallery	2628	fileadmin/s-maj/images/BilderMaja/2020_Affenhorde/affe_s_-27.jpg	hidden/sculptural-work/hafenszene/affe_s_-27.jpg	0af21a8033dcf32165bb4cb0550c1de1756b4272bf522bd78af53dfe3cafba70	227713	True	sculptures-or-installations
hidden	sculptural-work	hafenszene	1080	Hafenszene	1661	rgsmoothgallery	2617	fileadmin/s-maj/images/BilderMaja/2020_Affenhorde/affe_s_-6.JPG	hidden/sculptural-work/hafenszene/affe_s_-6.JPG	e444d58ca54f2a51d504a8e3b09d4d8215603f75b63a8583d644b9c23403777a	212396	True	sculptures-or-installations
hidden	sculptural-work	hafenszene	1080	Hafenszene	1661	rgsmoothgallery	2633	fileadmin/s-maj/images/BilderMaja/2020_Affenhorde/affe_s_-32.jpg	hidden/sculptural-work/hafenszene/affe_s_-32.jpg	43da111c827c66a19638368a14c4e2b2b5f9b1a7f59d08f28f973facee1708e3	173057	True	sculptures-or-installations
hidden	sculptural-work	hafenszene	1080	Hafenszene	1661	rgsmoothgallery	2629	fileadmin/s-maj/images/BilderMaja/2020_Affenhorde/affe_s_-28.JPG	hidden/sculptural-work/hafenszene/affe_s_-28.JPG	6a973c86713630a1084fcae95fe20465f9b75d229d1add9deecf04bc4dfadd92	158315	True	sculptures-or-installations
hidden	sculptural-work	hafenszene	1080	Hafenszene	1661	rgsmoothgallery	2626	fileadmin/s-maj/images/BilderMaja/2020_Affenhorde/affe_s_-25.JPG	hidden/sculptural-work/hafenszene/affe_s_-25.JPG	145c2bad2b44a5dcdd43ac0d9440e63a4acb36252601ec56983a45419e22ad75	193021	True	sculptures-or-installations
hidden	sculptural-work	hafenszene	1080	Hafenszene	1661	rgsmoothgallery	2627	fileadmin/s-maj/images/BilderMaja/2020_Affenhorde/affe_s_-26.JPG	hidden/sculptural-work/hafenszene/affe_s_-26.JPG	e6e02913d44415ff347bd4121377117ccbef855b58ac82f28321f3989aed0292	200542	True	sculptures-or-installations
hidden	sculptural-work	hafenszene	1080	Hafenszene	1661	rgsmoothgallery	2630	fileadmin/s-maj/images/BilderMaja/2020_Affenhorde/affe_s_-29.JPG	hidden/sculptural-work/hafenszene/affe_s_-29.JPG	b48f9af80c241039b2e1a01b0b189f574edf1f177bed2acf10b2b8e2be168b1d	178441	True	sculptures-or-installations
hidden	sculptural-work	hafenszene	1080	Hafenszene	1661	rgsmoothgallery	2614	fileadmin/s-maj/images/BilderMaja/2020_Affenhorde/affe_s_-3.JPG	hidden/sculptural-work/hafenszene/affe_s_-3.JPG	d9772813d64ad56dd3f30730c88c97997bab03f82d32a02fc70aee705779f9d0	161390	True	sculptures-or-installations
hidden	sculptural-work	hafenszene	1080	Hafenszene	1661	rgsmoothgallery	2615	fileadmin/s-maj/images/BilderMaja/2020_Affenhorde/affe_s_-4.JPG	hidden/sculptural-work/hafenszene/affe_s_-4.JPG	a6eef1f786652e7e260c0cf4451142a94baa2d28e2784a6ffd1d41092f40f5c6	150959	True	sculptures-or-installations
hidden	sculptural-work	hafenszene	1080	Hafenszene	1661	rgsmoothgallery	2636	fileadmin/s-maj/images/BilderMaja/2020_Affenhorde/affe_s_-35.jpg	hidden/sculptural-work/hafenszene/affe_s_-35.jpg	49666998f2cab43475ceb9200c76299a69c46e90293e25efac13a7817476fbde	317582	True	sculptures-or-installations
hidden	sculptural-work	hafenszene	1080	Hafenszene	1661	rgsmoothgallery	2635	fileadmin/s-maj/images/BilderMaja/2020_Affenhorde/affe_s_-34.jpg	hidden/sculptural-work/hafenszene/affe_s_-34.jpg	f09a3daccc13c3024ca42e7e35dbd3d1b493bab251a0bd23c29f1b20c93a9824	191251	True	sculptures-or-installations
hidden	sculptural-work	hafenszene	1080	Hafenszene	1661	rgsmoothgallery	2637	fileadmin/s-maj/images/BilderMaja/2020_Affenhorde/Rauschen_statt_Lauschen_Flyer.jpeg	hidden/sculptural-work/hafenszene/Rauschen_statt_Lauschen_Flyer.jpeg	c09805c3f381628cd8418f45a3af4f71b83e3d193cfd2f053f25409d02a6cfde	289926	True	sculptures-or-installations
hidden	sculptural-work	hafenszene	1080	Hafenszene	1661	rgsmoothgallery	2723	fileadmin/s-maj/images/BilderMaja/2022_Affenbande/IMG_1351.jpg	hidden/sculptural-work/hafenszene/IMG_1351.jpg	209a3d5aa967ea35915da010a8749888c08872143ef6fc7165a3529e6660055b	329864	True	sculptures-or-installations
hidden	sculptural-work	hafenszene	1080	Hafenszene	1661	rgsmoothgallery	2739	fileadmin/s-maj/images/BilderMaja/2022_Affenbande/P1040416_2.jpg	hidden/sculptural-work/hafenszene/P1040416_2.jpg	a51012210e16524f078472f812a0695309681ce6060e55a44f335030e91a06a0	288744	True	sculptures-or-installations
hidden	sculptural-work	hafenszene	1080	Hafenszene	1661	rgsmoothgallery	2740	fileadmin/s-maj/images/BilderMaja/2022_Affenbande/P1040425_2.jpg	hidden/sculptural-work/hafenszene/P1040425_2.jpg	20288c719c23d0861ef10b69e6a2a1385998e00649e8857582bcbdb422e543c1	506350	True	sculptures-or-installations
hidden	sculptural-work	hafenszene	1080	Hafenszene	1661	rgsmoothgallery	2741	fileadmin/s-maj/images/BilderMaja/2022_Affenbande/P1040435_2.jpg	hidden/sculptural-work/hafenszene/P1040435_2.jpg	e07985a311543d2785e03a3e2bea01dbd7f7c6024bff3538f2013ac03c5a14a5	556953	True	sculptures-or-installations
hidden	sculptural-work	hafenszene	1080	Hafenszene	1661	rgsmoothgallery	2742	fileadmin/s-maj/images/BilderMaja/2022_Affenbande/P1040438_2.jpg	hidden/sculptural-work/hafenszene/P1040438_2.jpg	60cc0f764eca6c8771d8186272725da4c6a96ebd4cc5c8c8a2ed0402bfd58184	477790	True	sculptures-or-installations
hidden	sculptural-work	hafenszene	1080	Hafenszene	1661	rgsmoothgallery	2724	fileadmin/s-maj/images/BilderMaja/2022_Affenbande/IMG_2561.jpg	hidden/sculptural-work/hafenszene/IMG_2561.jpg	cb842e84a71c4f539a76b27a1cb4876a89043e807a1f6eb79c50f19a33e50701	366133	True	sculptures-or-installations
hidden	sculptural-work	hafenszene	1080	Hafenszene	1661	rgsmoothgallery	2725	fileadmin/s-maj/images/BilderMaja/2022_Affenbande/IMG_2562_1.jpg	hidden/sculptural-work/hafenszene/IMG_2562_1.jpg	45e251d0dff41db19241ec2ead6619b6930f4e14694dc8aa9ef74671cdc882e7	346659	True	sculptures-or-installations
hidden	sculptural-work	hafenszene	1080	Hafenszene	1661	rgsmoothgallery	2726	fileadmin/s-maj/images/BilderMaja/2022_Affenbande/IMG_2563_2.jpg	hidden/sculptural-work/hafenszene/IMG_2563_2.jpg	43f0a43390b3493acdf4881a5a627556899b969a1f65e4eb11bb0e23f47a637a	340521	True	sculptures-or-installations
hidden	sculptural-work	hafenszene	1080	Hafenszene	1661	rgsmoothgallery	2727	fileadmin/s-maj/images/BilderMaja/2022_Affenbande/IMG_2566.jpg	hidden/sculptural-work/hafenszene/IMG_2566.jpg	7b1558b2a2d346d52b1ad54c4ed4172f8ece3dea00f5e6d59def9e522b697326	299835	True	sculptures-or-installations
live	sculptural-work	hafenszene	1080	Hafenszene	1663	rgsmoothgallery	2776	fileadmin/s-maj/images/BilderMaja/2024_Hafensszene/Hafensszene_s_-6.jpg	live/sculptural-work/hafenszene/Hafensszene_s_-6.jpg	c8c3f51c6808b2d85c6afe8ed46b7f775abd356c73e845c577fd63014ed43a29	143497	True	sculptures-or-installations
live	sculptural-work	hafenszene	1080	Hafenszene	1663	rgsmoothgallery	2775	fileadmin/s-maj/images/BilderMaja/2024_Hafensszene/Hafensszene_s_-5.JPG	live/sculptural-work/hafenszene/Hafensszene_s_-5.JPG	e8165cbe17d19547f5b5b183a4abf8c15da0f0c56f694a03031297cf14a5632d	182892	True	sculptures-or-installations
live	sculptural-work	hafenszene	1080	Hafenszene	1663	rgsmoothgallery	2777	fileadmin/s-maj/images/BilderMaja/2024_Hafensszene/Hafensszene_s_-7.JPG	live/sculptural-work/hafenszene/Hafensszene_s_-7.JPG	016e35af6525e0844aff1982eeb86e08b43a0a827fa38cb13f2ae362702f5b81	145117	True	sculptures-or-installations
live	sculptural-work	hafenszene	1080	Hafenszene	1663	rgsmoothgallery	2778	fileadmin/s-maj/images/BilderMaja/2024_Hafensszene/Hafensszene_s_-8.jpg	live/sculptural-work/hafenszene/Hafensszene_s_-8.jpg	876c5a7d0b5545f1a6a582286839321c1fc1c977e4615b3ca9907662e4bfe91c	140948	True	sculptures-or-installations
live	sculptural-work	hafenszene	1080	Hafenszene	1663	rgsmoothgallery	2772	fileadmin/s-maj/images/BilderMaja/2024_Hafensszene/Hafensszene_s_-2.JPG	live/sculptural-work/hafenszene/Hafensszene_s_-2.JPG	8158e0a118360719588863355f71bf92edd64a349760c6dbb7569d7f2dc41b41	353148	True	sculptures-or-installations
live	sculptural-work	hafenszene	1080	Hafenszene	1663	rgsmoothgallery	2771	fileadmin/s-maj/images/BilderMaja/2024_Hafensszene/Hafensszene_s_-1.JPG	live/sculptural-work/hafenszene/Hafensszene_s_-1.JPG	8566c79833a2006a020c74ea308ee47f00da776d349465e2d4fa7d94fc1c2de4	269067	True	sculptures-or-installations
live	sculptural-work	hafenszene	1080	Hafenszene	1663	rgsmoothgallery	2774	fileadmin/s-maj/images/BilderMaja/2024_Hafensszene/Hafensszene_s_-4.JPG	live/sculptural-work/hafenszene/Hafensszene_s_-4.JPG	54e56d29c85f6fe2043bdb19403629a71bef4c464bc5c594520bf62e3538e70c	374181	True	sculptures-or-installations
deleted	other-sites	karin	759	test	1036	tt_content.image	None	uploads/pics/Sonnenuntergang.jpg	deleted/other-sites/karin/Sonnenuntergang.jpg	ea3b1238a38f72b330aac53364bd0a0481946b93fc757dde7314ce3319f1840e	71189	True	
deleted	other-sites	universe1	764	universe1	1049	tt_content.image	None	uploads/pics/universe1-1_01.jpg	deleted/other-sites/universe1/universe1-1_01.jpg	0956e488232d27656c66488b3129cd1733359103d3e810463a41bb695eb68aa3	26760	True	
deleted	other-sites	universe1	764	universe1	1050	tt_content.image	None	uploads/pics/universe1-1_02.jpg	deleted/other-sites/universe1/universe1-1_02.jpg	0956e488232d27656c66488b3129cd1733359103d3e810463a41bb695eb68aa3	26760	True	
live	other-sites	pyrofessor	801	Feuershow für Kids	1075	tt_content.image	None	uploads/pics/vulkan-2.jpg	live/other-sites/pyrofessor/vulkan-2.jpg	f3fae8810c84802a49fb158065c27336538bd0bc7bf7558cebc8aeb7c45501e1	19183	True	
deleted	other-sites	wtweb-design	854	Archiv	1175	tt_content.image	None	uploads/pics/site1.jpg	deleted/other-sites/wtweb-design/site1.jpg	699154cb1d5f54d67dd8f71da902ebb98a8cdeab106c3e14e4c557950d9e9419	120894	True	
deleted	other-sites	wtweb-design	854	Archiv	1175	tt_content.image	None	uploads/pics/site2.jpg	deleted/other-sites/wtweb-design/site2.jpg	6b1413f297d5edab7dbbe797589f330a84e0b00a3c2b2a614dd16b3ddf214ab4	122235	True	
deleted	other-sites	wtweb-design	854	Archiv	1175	tt_content.image	None	uploads/pics/mp-1s-s.jpg	deleted/other-sites/wtweb-design/mp-1s-s.jpg	bee24196564b30a1633f88bc51921cbbbe5658517beefb3b154d51e042f38514	22067	True	
deleted	other-sites	wtweb-design	854	Archiv	1175	tt_content.image	None	uploads/pics/ks-42s.jpg	deleted/other-sites/wtweb-design/ks-42s.jpg	a37bd79594fa854179f789218d1d440bb6601fe5e3ef657187dd2dfd4a6b8a50	13799	True	
deleted	other-sites	wtweb-design	854	Archiv	1175	tt_content.image	None	uploads/pics/ks-62-hds.jpg	deleted/other-sites/wtweb-design/ks-62-hds.jpg	ca2d368a3e21b45db4be47de6644b0ad4ec9a7080af76af1ea60237f51baf011	22682	True	
deleted	other-sites	wtweb-design	852	Start	1176	tt_content.image	None	uploads/pics/tat11.jpg	deleted/other-sites/wtweb-design/tat11.jpg	5893649b24006b17b3eb5bfbcf5cf336d62bf8f5e8a133caaa597043fd48d410	257097	True	
deleted	other-sites	wtweb-design	852	Start	1176	tt_content.image	None	uploads/pics/tat03.jpg	deleted/other-sites/wtweb-design/tat03.jpg	304e4c1c3a34cceb4fd377a0fdeee3f8755c1931186c17fb9f49d43d1d6eb3cb	321171	True	
deleted	other-sites	wtweb-design	852	Start	1176	tt_content.image	None	uploads/pics/tat02.jpg	deleted/other-sites/wtweb-design/tat02.jpg	ec741bd8c8c0fd33f1c33b0166c19d9e52a8db32acf887ee7ecc1538d5c551ab	176921	True	
deleted	other-sites	wtweb-design	852	Start	1183	tt_content.image	None	uploads/pics/tat11_01.jpg	deleted/other-sites/wtweb-design/tat11_01.jpg	5893649b24006b17b3eb5bfbcf5cf336d62bf8f5e8a133caaa597043fd48d410	257097	True	
live	other-sites	pyrofessor	966	Brennende Badewanne	1303	tt_content.image	None	uploads/pics/carsten_bad_minol.jpg	live/other-sites/pyrofessor/carsten_bad_minol.jpg	4b8085b29cb11ebab0fe09b80f59eeccf4ec4a9648d9dd1cdfc2e0ab88a9b770	969888	True	
deleted	other-sites	wtweb-design	852	Start	1532	tt_content.image	None	uploads/pics/Developergarden.jpg	deleted/other-sites/wtweb-design/Developergarden.jpg	b56b65d486c4e375407d0a90b6909dba11b9035d0c9d4ce05ff496ca6020cbd5	12091	True	
hidden	uncategorised	home	1018	Home	1449	tt_content.image	None	uploads/pics/Vogelpaarfrei2.jpg	hidden/uncategorised/home/Vogelpaarfrei2.jpg	5f0ebc1352fafacb3f02646207d928cb2def72a673271d592ad0a28bc90f69a6	387721	True	
live	about	contact	973	contact	1478	tt_content.image	None	uploads/pics/webthanksxy.jpg	live/about/contact/webthanksxy.jpg	fdead1b8c0a37db272ce38abda8500337cbb78bc3b3138f10207a19de3b9b983	325156	True	
hidden	about	contact	973	contact	1451	tt_content.image	None	uploads/pics/kartePariskl.jpg	hidden/about/contact/kartePariskl.jpg	603844fb597aa185a9b055c3ef2a6432ef605797114c02183cd64407f8816080	222864	True	
hidden	uncategorised	show	868	show	1454	tt_content.image	None	uploads/pics/tuttifruttimigi_01.jpg	hidden/uncategorised/show/tuttifruttimigi_01.jpg	2a5761221c5edd1d5fb1965a932843ebec169dc6385da5d59e332fdf4bf8cc0f	789706	True	
hidden	uncategorised	show	868	show	1454	tt_content.image	None	uploads/pics/ichbarna_02.jpg	hidden/uncategorised/show/ichbarna_02.jpg	6831acb6d2bb7f729f035a7d9ce464bf9687bce37f9d03774ebc2db3e4fc1c0b	495997	True	
hidden	uncategorised	show	868	show	1454	tt_content.image	None	uploads/pics/ehofjoeb2_01.jpg	hidden/uncategorised/show/ehofjoeb2_01.jpg	709fe1da4c170a926a9f2cd31bb77eea577058f7be2afd23d6b9fff51f01443e	205654	True	
deleted	other-sites	wtweb-design	852	Start	1479	tt_content.image	None	uploads/pics/maja-home1.jpg	deleted/other-sites/wtweb-design/maja-home1.jpg	d1e9b6e3a0e25902462e0058a771a72cb2f3fd40abcb9b0b435625961c55af6e	100375	True	
hidden	uncategorised	home	1043	Home	1525	tt_content.image	None	uploads/pics/compilation6.jpg	hidden/uncategorised/home/compilation6.jpg	4389c742e9bbcf2fe09ac187ae713f03d24740fa68fc17de094abe14f8073e73	322453	True	
live	other-sites	pyrofessor	801	Feuershow für Kids	1608	tt_content.image	None	uploads/pics/feuerkrone_manstein.JPG	live/other-sites/pyrofessor/feuerkrone_manstein.JPG	ae9710673988808d48db4d80643f05d5e23eb1ae87b2a12e2fafb1222b60cf2f	5710747	True	
live	other-sites	pyrofessor	801	Feuershow für Kids	1582	tt_content.image	None	uploads/pics/Jahrmarkt_Feuershow_foto_wendlandt.jpg	live/other-sites/pyrofessor/Jahrmarkt_Feuershow_foto_wendlandt.jpg	1cab6c208b4c80a74029a4a4d11cff7e18ea987cbe35698426dc6e9df3fdebcb	38933	True	
live	other-sites	pyrofessor	801	Feuershow für Kids	1609	tt_content.image	None	uploads/pics/2_Vulkane.jpg	live/other-sites/pyrofessor/2_Vulkane.jpg	fcf05b25b3ec4cfc083a4cde6cadcbb506334fa68df5ab938aef53b9478278e0	65649	True	
